2026-08-25 22:55:40.950  INFO 23832--- [er @coroutine#1] de.polocloud.node.cluster.election.ElectionState : Starting election for term 1
2026-08-25 22:55:40.957  INFO 23832--- [er @coroutine#1] de.polocloud.node.cluster.election.ElectionState : Elected as head for term 1
2026-08-25 22:55:40.983  INFO 23832--- [er @coroutine#8] de.polocloud.node.cluster.election.ElectionState : Starting election for term 1
2026-08-25 22:55:40.983  INFO 23832--- [er @coroutine#8] de.polocloud.node.cluster.election.ElectionState : Elected as head for term 1
2026-08-25 22:55:40.984  WARN 23832--- [-4 @coroutine#8] de.polocloud.node.cluster.election.ElectionState : Ignoring conflicting same-term (1) leader claim from 4e5dc1b7-92bb-4ddc-b723-eb8a53436805 while acting as leader
2026-08-25 22:55:40.994  INFO 23832--- [r @coroutine#10] de.polocloud.node.cluster.election.ElectionState : Starting election for term 1
2026-08-25 22:55:40.997  INFO 23832--- [r @coroutine#10] de.polocloud.node.cluster.election.ElectionState : Election for term 1 did not reach a majority (2/3) — retrying after timeout
2026-08-25 22:55:41.000  INFO 23832--- [r @coroutine#17] de.polocloud.node.cluster.election.ElectionState : Starting election for term 1
2026-08-25 22:55:41.001  INFO 23832--- [r @coroutine#17] de.polocloud.node.cluster.election.ElectionState : Elected as head for term 1
2026-08-25 22:55:41.003  INFO 23832--- [r @coroutine#26] de.polocloud.node.cluster.election.ElectionState : Starting election for term 1
2026-08-25 22:55:41.004  INFO 23832--- [r @coroutine#26] de.polocloud.node.cluster.election.ElectionState : Election for term 1 did not reach a majority (1/2) — retrying after timeout
2026-08-25 22:55:41.006  INFO 23832--- [r @coroutine#32] de.polocloud.node.cluster.election.ElectionState : Starting election for term 1
2026-08-25 22:55:41.008  INFO 23832--- [r @coroutine#34] de.polocloud.node.cluster.election.ElectionState : Starting election for term 1
2026-08-25 22:55:41.008  INFO 23832--- [r @coroutine#34] de.polocloud.node.cluster.election.ElectionState : Elected as head for term 1
2026-08-25 22:55:41.462  WARN 23832--- [    Test worker] de.polocloud.i18n.loader.DefaultTranslationLoader : Language 'en' not supported by pack 'database'. Falling back to default 'en_US'.
2026-08-25 22:55:41.614  INFO 23832--- [    Test worker] de.polocloud.database.DatabaseConnectionFactory : Attempting to establish database connection...
2026-08-25 22:55:41.617  INFO 23832--- [    Test worker] de.polocloud.database.DatabaseConnectionFactory : Initializing connection pool 'PoloCloudPool'...
2026-08-25 22:55:41.956  INFO 23832--- [    Test worker] de.polocloud.database.DatabaseConnectionFactory : Connection pool 'PoloCloudPool' initialized (maxPoolSize=10).
2026-08-25 22:55:41.957  INFO 23832--- [    Test worker] de.polocloud.database.DatabaseConnectionFactory : Database connection established using driver 'h2'.
2026-08-25 22:55:42.034  WARN 23832--- [    Test worker] de.polocloud.node.cluster.election.NodeElectionService : Node node-1 marked as CRASHED
2026-08-25 22:55:42.037  WARN 23832--- [    Test worker] de.polocloud.node.cluster.election.NodeElectionService : Node node-6 marked as CRASHED
2026-08-25 22:55:42.043  WARN 23832--- [    Test worker] de.polocloud.node.cluster.election.NodeElectionService : Node node-4 marked as CRASHED
2026-08-25 22:55:42.053  INFO 23832--- [    Test worker] de.polocloud.database.DatabaseConnectionFactory : Shutting down connection pool 'PoloCloudPool'...
2026-08-25 22:55:42.054  INFO 23832--- [    Test worker] de.polocloud.database.DatabaseConnectionFactory : Connection pool 'PoloCloudPool' closed successfully.
2026-08-25 22:55:42.054  INFO 23832--- [    Test worker] de.polocloud.database.DatabaseConnectionFactory : Database connection closed.
2026-08-25 22:55:42.063  WARN 23832--- [    Test worker] de.polocloud.i18n.loader.DefaultTranslationLoader : Language 'en' not supported by pack 'database'. Falling back to default 'en_US'.
2026-08-25 22:55:42.064  INFO 23832--- [    Test worker] de.polocloud.database.DatabaseConnectionFactory : Attempting to establish database connection...
2026-08-25 22:55:42.064  INFO 23832--- [    Test worker] de.polocloud.database.DatabaseConnectionFactory : Initializing connection pool 'PoloCloudPool'...
2026-08-25 22:55:42.069  INFO 23832--- [    Test worker] de.polocloud.database.DatabaseConnectionFactory : Connection pool 'PoloCloudPool' initialized (maxPoolSize=10).
2026-08-25 22:55:42.069  INFO 23832--- [    Test worker] de.polocloud.database.DatabaseConnectionFactory : Database connection established using driver 'h2'.
2026-08-25 22:55:42.075  INFO 23832--- [    Test worker] de.polocloud.database.DatabaseConnectionFactory : Shutting down connection pool 'PoloCloudPool'...
2026-08-25 22:55:42.075  INFO 23832--- [    Test worker] de.polocloud.database.DatabaseConnectionFactory : Connection pool 'PoloCloudPool' closed successfully.
2026-08-25 22:55:42.076  INFO 23832--- [    Test worker] de.polocloud.database.DatabaseConnectionFactory : Database connection closed.
2026-08-25 22:55:42.088  WARN 23832--- [    Test worker] de.polocloud.i18n.loader.DefaultTranslationLoader : Language 'en' not supported by pack 'database'. Falling back to default 'en_US'.
2026-08-25 22:55:42.088  INFO 23832--- [    Test worker] de.polocloud.database.DatabaseConnectionFactory : Attempting to establish database connection...
2026-08-25 22:55:42.088  INFO 23832--- [    Test worker] de.polocloud.database.DatabaseConnectionFactory : Initializing connection pool 'PoloCloudPool'...
2026-08-25 22:55:42.093  INFO 23832--- [    Test worker] de.polocloud.database.DatabaseConnectionFactory : Connection pool 'PoloCloudPool' initialized (maxPoolSize=10).
2026-08-25 22:55:42.093  INFO 23832--- [    Test worker] de.polocloud.database.DatabaseConnectionFactory : Database connection established using driver 'h2'.
2026-08-25 22:55:42.130  INFO 23832--- [    Test worker] de.polocloud.database.DatabaseConnectionFactory : Shutting down connection pool 'PoloCloudPool'...
2026-08-25 22:55:42.130  INFO 23832--- [    Test worker] de.polocloud.database.DatabaseConnectionFactory : Connection pool 'PoloCloudPool' closed successfully.
2026-08-25 22:55:42.130  INFO 23832--- [    Test worker] de.polocloud.database.DatabaseConnectionFactory : Database connection closed.
2026-08-25 22:55:42.235  INFO 23832--- [r @coroutine#56] de.polocloud.database.DatabaseConnectionFactory : Cannot perform operation because the database is in state 'CLOSED'.
2026-08-25 22:55:42.243  WARN 23832--- [    Test worker] de.polocloud.i18n.loader.DefaultTranslationLoader : Language 'en' not supported by pack 'database'. Falling back to default 'en_US'.
2026-08-25 22:55:42.243  INFO 23832--- [    Test worker] de.polocloud.database.DatabaseConnectionFactory : Attempting to establish database connection...
2026-08-25 22:55:42.243  INFO 23832--- [    Test worker] de.polocloud.database.DatabaseConnectionFactory : Initializing connection pool 'PoloCloudPool'...
2026-08-25 22:55:42.249  INFO 23832--- [    Test worker] de.polocloud.database.DatabaseConnectionFactory : Connection pool 'PoloCloudPool' initialized (maxPoolSize=10).
2026-08-25 22:55:42.249  INFO 23832--- [    Test worker] de.polocloud.database.DatabaseConnectionFactory : Database connection established using driver 'h2'.
2026-08-25 22:55:42.301  INFO 23832--- [    Test worker] de.polocloud.database.DatabaseConnectionFactory : Shutting down connection pool 'PoloCloudPool'...
2026-08-25 22:55:42.301  INFO 23832--- [    Test worker] de.polocloud.database.DatabaseConnectionFactory : Connection pool 'PoloCloudPool' closed successfully.
2026-08-25 22:55:42.301  INFO 23832--- [    Test worker] de.polocloud.database.DatabaseConnectionFactory : Database connection closed.
2026-08-25 22:55:42.320  WARN 23832--- [r @coroutine#70] de.polocloud.node.communication.handler.services.FindServicesServerHandler : Failed to query services from node bad-1: boom
2026-08-25 22:55:42.335  WARN 23832--- [r @coroutine#80] de.polocloud.node.communication.handler.services.ListServicesServerHandler : Failed to query services from node bad-1: boom
2026-08-25 22:55:42.343  INFO 23832--- [r @coroutine#88] de.polocloud.database.DatabaseConnectionFactory : Cannot perform operation because the database is in state 'CLOSED'.
2026-08-25 22:55:42.343  WARN 23832--- [r @coroutine#88] de.polocloud.node.services.LocalService : Failed to delete service lobby-1 (id=e23e78c4-42b3-40ea-a2f3-a83a1ce4cfcc) from the database: No factory present for the given DatabaseKey. Please ensure that a factory is registered for this key before performing database operations.
2026-08-25 22:55:42.343  INFO 23832--- [r @coroutine#88] de.polocloud.database.DatabaseConnectionFactory : Cannot perform operation because the database is in state 'CLOSED'.
2026-08-25 22:55:42.551  INFO 23832--- [r @coroutine#90] de.polocloud.database.DatabaseConnectionFactory : Cannot perform operation because the database is in state 'CLOSED'.
2026-08-25 22:55:42.551  WARN 23832--- [r @coroutine#90] de.polocloud.node.services.LocalService : Failed to delete service proxy-1 (id=633f221f-27e4-4e3e-8701-331f9111996c) from the database: No factory present for the given DatabaseKey. Please ensure that a factory is registered for this key before performing database operations.
2026-08-25 22:55:42.551  INFO 23832--- [r @coroutine#90] de.polocloud.database.DatabaseConnectionFactory : Cannot perform operation because the database is in state 'CLOSED'.
2026-08-25 22:55:42.760  WARN 23832--- [    Test worker] de.polocloud.i18n.loader.DefaultTranslationLoader : Language 'en' not supported by pack 'database'. Falling back to default 'en_US'.
2026-08-25 22:55:42.760  INFO 23832--- [    Test worker] de.polocloud.database.DatabaseConnectionFactory : Attempting to establish database connection...
2026-08-25 22:55:42.760  INFO 23832--- [    Test worker] de.polocloud.database.DatabaseConnectionFactory : Initializing connection pool 'PoloCloudPool'...
2026-08-25 22:55:42.765  INFO 23832--- [    Test worker] de.polocloud.database.DatabaseConnectionFactory : Connection pool 'PoloCloudPool' initialized (maxPoolSize=10).
2026-08-25 22:55:42.765  INFO 23832--- [    Test worker] de.polocloud.database.DatabaseConnectionFactory : Database connection established using driver 'h2'.
2026-08-25 22:55:42.783  INFO 23832--- [    Test worker] de.polocloud.database.DatabaseConnectionFactory : Shutting down connection pool 'PoloCloudPool'...
2026-08-25 22:55:42.784  INFO 23832--- [    Test worker] de.polocloud.database.DatabaseConnectionFactory : Connection pool 'PoloCloudPool' closed successfully.
2026-08-25 22:55:42.784  INFO 23832--- [    Test worker] de.polocloud.database.DatabaseConnectionFactory : Database connection closed.
2026-08-25 22:55:42.792  WARN 23832--- [    Test worker] de.polocloud.i18n.loader.DefaultTranslationLoader : Language 'en' not supported by pack 'database'. Falling back to default 'en_US'.
2026-08-25 22:55:42.792  INFO 23832--- [    Test worker] de.polocloud.database.DatabaseConnectionFactory : Attempting to establish database connection...
2026-08-25 22:55:42.792  INFO 23832--- [    Test worker] de.polocloud.database.DatabaseConnectionFactory : Initializing connection pool 'PoloCloudPool'...
2026-08-25 22:55:42.796  INFO 23832--- [    Test worker] de.polocloud.database.DatabaseConnectionFactory : Connection pool 'PoloCloudPool' initialized (maxPoolSize=10).
2026-08-25 22:55:42.796  INFO 23832--- [    Test worker] de.polocloud.database.DatabaseConnectionFactory : Database connection established using driver 'h2'.
2026-08-25 22:55:43.797  WARN 23832--- [r @coroutine#99] de.polocloud.i18n.loader.DefaultTranslationLoader : Language 'en' not supported by pack 'cluster'. Falling back to default 'en_US'.
2026-08-25 22:55:43.951  INFO 23832--- [r @coroutine#99] de.polocloud.node.communication.registration.node.service.RegistrationService : Incoming node registration request, processing...
2026-08-25 22:55:43.974  INFO 23832--- [r @coroutine#99] de.polocloud.node.communication.registration.node.service.RegistrationService : Node successfully registered and certificate issued.
2026-08-25 22:55:44.019  INFO 23832--- [r @coroutine#99] de.polocloud.node.communication.registration.node.service.RegistrationService : Incoming node registration request, processing...
2026-08-25 22:55:44.019  INFO 23832--- [r @coroutine#99] de.polocloud.node.communication.registration.node.service.RegistrationService : Registration rejected: this node is already registered in the cluster.
2026-08-25 22:55:44.208  INFO 23832--- [ @coroutine#100] de.polocloud.node.communication.registration.node.service.RegistrationService : Incoming node registration request, processing...
2026-08-25 22:55:44.208  INFO 23832--- [ @coroutine#100] de.polocloud.node.communication.registration.node.service.RegistrationService : Registration rejected: the provided token is invalid.
2026-08-25 22:55:44.596  WARN 23832--- [    Test worker] de.polocloud.i18n.loader.DefaultTranslationLoader : Language 'en' not supported by pack 'grpc'. Falling back to default 'en_US'.
2026-08-25 22:55:44.967 DEBUG 23832--- [    Test worker] de.polocloud.common.communication.GrpcEndpoint : Starting gRPC server on Address(hostname=127.0.0.1, port=39431)...
2026-08-25 22:55:45.184 DEBUG 23832--- [    Test worker] de.polocloud.common.communication.GrpcEndpoint : TLS enabled (clientAuth=REQUIRE)
2026-08-25 22:55:45.281  INFO 23832--- [    Test worker] de.polocloud.common.communication.GrpcEndpoint : gRPC server started successfully and is reporting SERVING.
2026-08-25 22:55:45.282 DEBUG 23832--- [    Test worker] de.polocloud.common.communication.GrpcEndpoint : Starting gRPC server on Address(hostname=127.0.0.1, port=39432)...
2026-08-25 22:55:45.293 DEBUG 23832--- [    Test worker] de.polocloud.common.communication.GrpcEndpoint : TLS enabled (clientAuth=REQUIRE)
2026-08-25 22:55:45.293  INFO 23832--- [    Test worker] de.polocloud.common.communication.GrpcEndpoint : gRPC server started successfully and is reporting SERVING.
2026-08-25 22:55:46.070  INFO 23832--- [    Test worker] de.polocloud.node.communication.registration.client.RegistrationClient : Sending registration request to cluster node at Address(hostname=127.0.0.1, port=39432)...
2026-08-25 22:55:46.187  WARN 23832--- [    Test worker] de.polocloud.node.identity.NodeIdentityService : Could not reach the cluster at 'Address(hostname=127.0.0.1, port=39432)': Failed to register with cluster node at 'Address(hostname=127.0.0.1, port=39432)'
2026-08-25 22:55:46.190  INFO 23832--- [    Test worker] de.polocloud.common.communication.GrpcEndpoint : Shutting down gRPC server...
2026-08-25 22:55:46.193 DEBUG 23832--- [    Test worker] de.polocloud.common.communication.GrpcEndpoint : gRPC server terminated gracefully.
2026-08-25 22:55:46.193  INFO 23832--- [    Test worker] de.polocloud.common.communication.GrpcEndpoint : Shutting down gRPC server...
2026-08-25 22:55:46.194 DEBUG 23832--- [    Test worker] de.polocloud.common.communication.GrpcEndpoint : gRPC server terminated gracefully.
2026-08-25 22:55:46.194  WARN 23832--- [    Test worker] de.polocloud.common.communication.GrpcEndpoint : gRPC server is not running, nothing to close.
2026-08-25 22:55:46.446  INFO 23832--- [ @coroutine#103] de.polocloud.node.communication.registration.node.service.RegistrationService : Incoming node registration request, processing...
2026-08-25 22:55:46.447  INFO 23832--- [ @coroutine#103] de.polocloud.node.communication.registration.node.service.RegistrationService : Registration rejected: node version does not match the cluster version.
2026-08-25 22:55:46.631 DEBUG 23832--- [    Test worker] de.polocloud.common.communication.GrpcEndpoint : Starting gRPC server on Address(hostname=127.0.0.1, port=39511)...
2026-08-25 22:55:46.632  INFO 23832--- [    Test worker] de.polocloud.common.communication.GrpcEndpoint : gRPC server started successfully and is reporting SERVING.
2026-08-25 22:55:46.723 DEBUG 23832--- [    Test worker] de.polocloud.common.communication.GrpcEndpoint : Starting gRPC server on Address(hostname=127.0.0.1, port=39521)...
2026-08-25 22:55:46.732 DEBUG 23832--- [    Test worker] de.polocloud.common.communication.GrpcEndpoint : TLS enabled (clientAuth=REQUIRE)
2026-08-25 22:55:46.733  INFO 23832--- [    Test worker] de.polocloud.common.communication.GrpcEndpoint : gRPC server started successfully and is reporting SERVING.
2026-08-25 22:55:46.733 DEBUG 23832--- [    Test worker] de.polocloud.common.communication.GrpcEndpoint : Starting gRPC server on Address(hostname=127.0.0.1, port=39522)...
2026-08-25 22:55:46.742 DEBUG 23832--- [    Test worker] de.polocloud.common.communication.GrpcEndpoint : TLS enabled (clientAuth=REQUIRE)
2026-08-25 22:55:46.742  INFO 23832--- [    Test worker] de.polocloud.common.communication.GrpcEndpoint : gRPC server started successfully and is reporting SERVING.
2026-08-25 22:55:46.876  INFO 23832--- [    Test worker] de.polocloud.node.communication.registration.client.RegistrationClient : Sending registration request to cluster node at Address(hostname=127.0.0.1, port=39511)...
2026-08-25 22:55:46.926  INFO 23832--- [ @coroutine#106] de.polocloud.node.communication.registration.node.service.RegistrationService : Incoming node registration request, processing...
2026-08-25 22:55:46.932  INFO 23832--- [ @coroutine#106] de.polocloud.node.communication.registration.node.service.RegistrationService : Node successfully registered and certificate issued.
2026-08-25 22:55:46.939  WARN 23832--- [    Test worker] de.polocloud.node.identity.NodeIdentityService : Could not adopt the cluster CA key pair — no head node is currently known
2026-08-25 22:55:46.940  WARN 23832--- [    Test worker] de.polocloud.node.identity.NodeIdentityService : Could not adopt the cluster forwarding secret — no head node is currently known
2026-08-25 22:55:46.941  INFO 23832--- [    Test worker] de.polocloud.common.communication.GrpcEndpoint : Shutting down gRPC server...
2026-08-25 22:55:46.941 DEBUG 23832--- [    Test worker] de.polocloud.common.communication.GrpcEndpoint : gRPC server terminated gracefully.
2026-08-25 22:55:46.942  INFO 23832--- [    Test worker] de.polocloud.common.communication.GrpcEndpoint : Shutting down gRPC server...
2026-08-25 22:55:46.942 DEBUG 23832--- [    Test worker] de.polocloud.common.communication.GrpcEndpoint : gRPC server terminated gracefully.
2026-08-25 22:55:46.943 DEBUG 23832--- [    Test worker] de.polocloud.common.communication.GrpcEndpoint : Starting gRPC server on Address(hostname=127.0.0.1, port=39521)...
2026-08-25 22:55:46.952 DEBUG 23832--- [    Test worker] de.polocloud.common.communication.GrpcEndpoint : TLS enabled (clientAuth=REQUIRE)
2026-08-25 22:55:46.953  INFO 23832--- [    Test worker] de.polocloud.common.communication.GrpcEndpoint : gRPC server started successfully and is reporting SERVING.
2026-08-25 22:55:46.953 DEBUG 23832--- [    Test worker] de.polocloud.common.communication.GrpcEndpoint : Starting gRPC server on Address(hostname=127.0.0.1, port=39522)...
2026-08-25 22:55:46.962 DEBUG 23832--- [    Test worker] de.polocloud.common.communication.GrpcEndpoint : TLS enabled (clientAuth=REQUIRE)
2026-08-25 22:55:46.963  INFO 23832--- [    Test worker] de.polocloud.common.communication.GrpcEndpoint : gRPC server started successfully and is reporting SERVING.
2026-08-25 22:55:46.966  INFO 23832--- [    Test worker] de.polocloud.common.communication.GrpcEndpoint : Shutting down gRPC server...
2026-08-25 22:55:46.966 DEBUG 23832--- [    Test worker] de.polocloud.common.communication.GrpcEndpoint : gRPC server terminated gracefully.
2026-08-25 22:55:46.966  INFO 23832--- [    Test worker] de.polocloud.common.communication.GrpcEndpoint : Shutting down gRPC server...
2026-08-25 22:55:46.966 DEBUG 23832--- [    Test worker] de.polocloud.common.communication.GrpcEndpoint : gRPC server terminated gracefully.
2026-08-25 22:55:46.967  WARN 23832--- [    Test worker] de.polocloud.common.communication.GrpcEndpoint : gRPC server is not running, nothing to close.
2026-08-25 22:55:46.967  INFO 23832--- [    Test worker] de.polocloud.common.communication.GrpcEndpoint : Shutting down gRPC server...
2026-08-25 22:55:46.967 DEBUG 23832--- [    Test worker] de.polocloud.common.communication.GrpcEndpoint : gRPC server terminated gracefully.
2026-08-25 22:55:47.089  INFO 23832--- [ @coroutine#107] de.polocloud.node.communication.registration.node.service.RegistrationService : Incoming node registration request, processing...
2026-08-25 22:55:47.100  INFO 23832--- [ @coroutine#107] de.polocloud.node.communication.registration.node.service.RegistrationService : Node successfully registered and certificate issued.
2026-08-25 22:55:47.139  INFO 23832--- [ @coroutine#107] de.polocloud.node.communication.registration.node.service.RegistrationService : Incoming node registration request, processing...
2026-08-25 22:55:47.139  INFO 23832--- [ @coroutine#107] de.polocloud.node.communication.registration.node.service.RegistrationService : Registration rejected: the provided token is invalid.
2026-08-25 22:55:47.304  INFO 23832--- [ @coroutine#108] de.polocloud.node.communication.registration.node.service.RegistrationService : Incoming node registration request, processing...
2026-08-25 22:55:47.313  INFO 23832--- [ @coroutine#108] de.polocloud.node.communication.registration.node.service.RegistrationService : Node successfully registered and certificate issued.
2026-08-25 22:55:47.486  INFO 23832--- [ @coroutine#109] de.polocloud.node.communication.registration.node.service.RegistrationService : Incoming node registration request, processing...
2026-08-25 22:55:47.494  INFO 23832--- [ @coroutine#109] de.polocloud.node.communication.registration.node.service.RegistrationService : Node successfully registered and certificate issued.
2026-08-25 22:55:47.677 DEBUG 23832--- [    Test worker] de.polocloud.common.communication.GrpcEndpoint : Starting gRPC server on Address(hostname=127.0.0.1, port=39411)...
2026-08-25 22:55:47.678  INFO 23832--- [    Test worker] de.polocloud.common.communication.GrpcEndpoint : gRPC server started successfully and is reporting SERVING.
2026-08-25 22:55:47.772 DEBUG 23832--- [    Test worker] de.polocloud.common.communication.GrpcEndpoint : Starting gRPC server on Address(hostname=127.0.0.1, port=39421)...
2026-08-25 22:55:47.781 DEBUG 23832--- [    Test worker] de.polocloud.common.communication.GrpcEndpoint : TLS enabled (clientAuth=REQUIRE)
2026-08-25 22:55:47.781  INFO 23832--- [    Test worker] de.polocloud.common.communication.GrpcEndpoint : gRPC server started successfully and is reporting SERVING.
2026-08-25 22:55:47.782 DEBUG 23832--- [    Test worker] de.polocloud.common.communication.GrpcEndpoint : Starting gRPC server on Address(hostname=127.0.0.1, port=39422)...
2026-08-25 22:55:47.789 DEBUG 23832--- [    Test worker] de.polocloud.common.communication.GrpcEndpoint : TLS enabled (clientAuth=REQUIRE)
2026-08-25 22:55:47.790  INFO 23832--- [    Test worker] de.polocloud.common.communication.GrpcEndpoint : gRPC server started successfully and is reporting SERVING.
2026-08-25 22:55:47.926  INFO 23832--- [    Test worker] de.polocloud.node.communication.registration.client.RegistrationClient : Sending registration request to cluster node at Address(hostname=127.0.0.1, port=39411)...
2026-08-25 22:55:47.930  INFO 23832--- [ @coroutine#112] de.polocloud.node.communication.registration.node.service.RegistrationService : Incoming node registration request, processing...
2026-08-25 22:55:47.930  INFO 23832--- [ @coroutine#112] de.polocloud.node.communication.registration.node.service.RegistrationService : Registration rejected: the provided token is invalid.
2026-08-25 22:55:47.932  WARN 23832--- [    Test worker] de.polocloud.node.communication.registration.node.RegistrationManager : Registration was denied by the cluster: cluster.registration.node.token.invalid
2026-08-25 22:55:47.932  INFO 23832--- [    Test worker] de.polocloud.common.communication.GrpcEndpoint : Shutting down gRPC server...
2026-08-25 22:55:47.932 DEBUG 23832--- [    Test worker] de.polocloud.common.communication.GrpcEndpoint : gRPC server terminated gracefully.
2026-08-25 22:55:47.932  INFO 23832--- [    Test worker] de.polocloud.common.communication.GrpcEndpoint : Shutting down gRPC server...
2026-08-25 22:55:47.932 DEBUG 23832--- [    Test worker] de.polocloud.common.communication.GrpcEndpoint : gRPC server terminated gracefully.
2026-08-25 22:55:47.932  WARN 23832--- [    Test worker] de.polocloud.common.communication.GrpcEndpoint : gRPC server is not running, nothing to close.
2026-08-25 22:55:47.932  INFO 23832--- [    Test worker] de.polocloud.common.communication.GrpcEndpoint : Shutting down gRPC server...
2026-08-25 22:55:47.932 DEBUG 23832--- [    Test worker] de.polocloud.common.communication.GrpcEndpoint : gRPC server terminated gracefully.
2026-08-25 22:55:47.934  INFO 23832--- [    Test worker] de.polocloud.database.DatabaseConnectionFactory : Shutting down connection pool 'PoloCloudPool'...
2026-08-25 22:55:47.934  INFO 23832--- [    Test worker] de.polocloud.database.DatabaseConnectionFactory : Connection pool 'PoloCloudPool' closed successfully.
2026-08-25 22:55:47.934  INFO 23832--- [    Test worker] de.polocloud.database.DatabaseConnectionFactory : Database connection closed.
2026-08-25 22:55:48.049  WARN 23832--- [ @coroutine#114] de.polocloud.node.event.ClusterEventRelay : Failed to relay event 'GroupUpdatedEvent' to node bad-1: boom
2026-08-25 22:55:48.051  WARN 23832--- [    Test worker] de.polocloud.node.event.ClusterEventService : Failed to relay event 'GroupUpdatedEvent' to peers: relay down
2026-08-25 22:55:48.074  WARN 23832--- [    Test worker] de.polocloud.node.group.template.GroupTemplateService : Template 'does-not-exist-a24b9e64-0001-4e08-8541-e9b0f93c0fe8' has no folder at local\templates\does-not-exist-a24b9e64-0001-4e08-8541-e9b0f93c0fe8 — skipping
2026-08-25 22:55:48.075 ERROR 23832--- [    Test worker] de.polocloud.node.group.template.GroupTemplateService : Refusing to apply template '../../..': Invalid template name '../../..'.
2026-08-25 22:55:48.126 ERROR 23832--- [    Test worker] de.polocloud.node.module.ModuleManager : Circular module dependency chain detected — the following modules won't be loaded: a, b
2026-08-25 22:55:48.128 ERROR 23832--- [    Test worker] de.polocloud.node.module.ModuleManager : Circular module dependency chain detected — the following modules won't be loaded: a, b, c
2026-08-25 22:55:48.137  WARN 23832--- [    Test worker] de.polocloud.i18n.loader.DefaultTranslationLoader : Language 'en' not supported by pack 'database'. Falling back to default 'en_US'.
2026-08-25 22:55:48.137  INFO 23832--- [    Test worker] de.polocloud.database.DatabaseConnectionFactory : Attempting to establish database connection...
2026-08-25 22:55:48.137  INFO 23832--- [    Test worker] de.polocloud.database.DatabaseConnectionFactory : Initializing connection pool 'PoloCloudPool'...
2026-08-25 22:55:48.144  INFO 23832--- [    Test worker] de.polocloud.database.DatabaseConnectionFactory : Connection pool 'PoloCloudPool' initialized (maxPoolSize=10).
2026-08-25 22:55:48.144  INFO 23832--- [    Test worker] de.polocloud.database.DatabaseConnectionFactory : Database connection established using driver 'h2'.
2026-08-25 22:55:48.150  INFO 23832--- [    Test worker] de.polocloud.database.DatabaseConnectionFactory : Shutting down connection pool 'PoloCloudPool'...
2026-08-25 22:55:48.151  INFO 23832--- [    Test worker] de.polocloud.database.DatabaseConnectionFactory : Connection pool 'PoloCloudPool' closed successfully.
2026-08-25 22:55:48.151  INFO 23832--- [    Test worker] de.polocloud.database.DatabaseConnectionFactory : Database connection closed.
2026-08-25 22:55:48.181  INFO 23832--- [    Test worker] de.polocloud.database.DatabaseConnectionFactory : Cannot perform operation because the database is in state 'CLOSED'.
2026-08-25 22:55:48.181  WARN 23832--- [    Test worker] de.polocloud.node.services.LocalService : Failed to delete service lobby-1 (id=e89a41bd-5975-4688-8e5c-73d3a8f3a292) from the database: No factory present for the given DatabaseKey. Please ensure that a factory is registered for this key before performing database operations.
2026-08-25 22:55:48.181  INFO 23832--- [    Test worker] de.polocloud.database.DatabaseConnectionFactory : Cannot perform operation because the database is in state 'CLOSED'.
2026-08-25 22:55:48.385  INFO 23832--- [    Test worker] de.polocloud.database.DatabaseConnectionFactory : Cannot perform operation because the database is in state 'CLOSED'.
2026-08-25 22:55:48.385  WARN 23832--- [    Test worker] de.polocloud.node.services.LocalService : Failed to delete service lobby-1 (id=8fbd22c0-de73-48eb-a9b4-9038a3a28d5f) from the database: No factory present for the given DatabaseKey. Please ensure that a factory is registered for this key before performing database operations.
2026-08-25 22:55:48.386  INFO 23832--- [    Test worker] de.polocloud.database.DatabaseConnectionFactory : Cannot perform operation because the database is in state 'CLOSED'.
2026-08-25 22:55:48.592  INFO 23832--- [    Test worker] de.polocloud.database.DatabaseConnectionFactory : Cannot perform operation because the database is in state 'CLOSED'.
2026-08-25 22:55:48.593  WARN 23832--- [    Test worker] de.polocloud.node.services.LocalService : Failed to delete service lobby-1 (id=5a00cbd2-3835-4ea6-8603-be452b602bc4) from the database: No factory present for the given DatabaseKey. Please ensure that a factory is registered for this key before performing database operations.
2026-08-25 22:55:48.593  INFO 23832--- [    Test worker] de.polocloud.database.DatabaseConnectionFactory : Cannot perform operation because the database is in state 'CLOSED'.
2026-08-25 22:55:48.794  INFO 23832--- [    Test worker] de.polocloud.database.DatabaseConnectionFactory : Cannot perform operation because the database is in state 'CLOSED'.
2026-08-25 22:55:48.795  WARN 23832--- [    Test worker] de.polocloud.node.services.LocalService : Failed to delete service lobby-1 (id=73af98f2-478d-4784-a5fa-a942f4017e93) from the database: No factory present for the given DatabaseKey. Please ensure that a factory is registered for this key before performing database operations.
2026-08-25 22:55:48.795  INFO 23832--- [    Test worker] de.polocloud.database.DatabaseConnectionFactory : Cannot perform operation because the database is in state 'CLOSED'.
2026-08-25 22:55:48.995  INFO 23832--- [    Test worker] de.polocloud.database.DatabaseConnectionFactory : Cannot perform operation because the database is in state 'CLOSED'.
2026-08-25 22:55:48.995  WARN 23832--- [    Test worker] de.polocloud.node.services.LocalService : Failed to delete service lobby-2 (id=e9d0760c-c793-4edc-8342-33fcff103ed7) from the database: No factory present for the given DatabaseKey. Please ensure that a factory is registered for this key before performing database operations.
2026-08-25 22:55:48.995  INFO 23832--- [    Test worker] de.polocloud.database.DatabaseConnectionFactory : Cannot perform operation because the database is in state 'CLOSED'.
2026-08-25 22:55:49.380 DEBUG 23832--- [    Test worker] de.polocloud.node.services.factory.task.TaskExecutor :   ↳ Setup port for spigot based server (server.properties server-port=25571)
2026-08-25 22:55:49.392 DEBUG 23832--- [    Test worker] de.polocloud.node.services.factory.task.TaskExecutor :   ↳ set port (config.json server-port=30000)
2026-08-25 22:55:49.402 DEBUG 23832--- [    Test worker] de.polocloud.node.services.factory.task.TaskExecutor :   ↳ Setup velocity for best forwarding support (velocity.toml player-info-forwarding-mode=MODERN)
2026-08-25 22:55:49.403 DEBUG 23832--- [    Test worker] de.polocloud.node.services.factory.task.TaskExecutor :   ↳ Setup velocity for best forwarding support (velocity.toml player-info-forwarding-mode=MODERN)
2026-08-25 22:55:49.411 DEBUG 23832--- [    Test worker] de.polocloud.node.services.factory.task.TaskExecutor :   ↳ Allow connections over Velocity proxy (paper-global.yml proxies.velocity.enabled=true)
2026-08-25 22:55:49.414 DEBUG 23832--- [    Test worker] de.polocloud.node.services.factory.task.TaskExecutor :   ↳ enable velocity (config.json proxies.velocity.enabled=true)
2026-08-25 22:55:49.417 DEBUG 23832--- [    Test worker] de.polocloud.node.services.factory.task.TaskExecutor :   ↳ Allow connections over Velocity proxy (paper-global.yml proxies.velocity.enabled=true)
2026-08-25 22:55:49.420 DEBUG 23832--- [    Test worker] de.polocloud.node.services.factory.task.TaskExecutor :   ↳ Set forwarding secret (paper-global.yml proxies.velocity.secret=12345678901234567890123456789012)
2026-08-25 22:55:49.423 DEBUG 23832--- [    Test worker] de.polocloud.node.services.factory.task.TaskExecutor :   &8↳ Copy file if config not exists. Minimize layout problems (velocity.toml already present, skipped)
2026-08-25 22:55:49.426 DEBUG 23832--- [    Test worker] de.polocloud.node.services.factory.task.TaskExecutor :   ↳ Setup right forwarding secret (forwarding.secret)
2026-08-25 22:55:49.428 DEBUG 23832--- [    Test worker] de.polocloud.node.services.factory.task.TaskExecutor :   ↳ Setup velocity for best forwarding support (velocity.toml player-info-forwarding-mode=modern)
2026-08-25 22:55:49.432 DEBUG 23832--- [    Test worker] de.polocloud.node.services.factory.task.TaskExecutor :   ↳ Copy file if config not exists. Minimize layout problems (velocity.toml copied from platform cache)
2026-08-25 22:55:49.435 DEBUG 23832--- [    Test worker] de.polocloud.node.services.factory.task.TaskExecutor :   ↳ Setup port for spigot based server (server.properties server-port=25570)
2026-08-25 22:55:49.437 DEBUG 23832--- [    Test worker] de.polocloud.node.services.factory.task.TaskExecutor :   ↳ Setup velocity for best forwarding support (velocity.toml player-info-forwarding-mode=modern)
2026-08-25 22:55:49.440  WARN 23832--- [    Test worker] de.polocloud.node.services.queue.CrashLoopGuard : Group 'lobby' crashed 3 times in a row within 30000ms of starting — backing off for 5000ms before placing another replica
2026-08-25 22:55:49.440  WARN 23832--- [    Test worker] de.polocloud.node.services.queue.CrashLoopGuard : Group 'lobby' crashed 3 times in a row within 30000ms of starting — backing off for 5000ms before placing another replica
2026-08-25 22:55:49.450  WARN 23832--- [    Test worker] de.polocloud.i18n.loader.DefaultTranslationLoader : Language 'en' not supported by pack 'database'. Falling back to default 'en_US'.
2026-08-25 22:55:49.451  INFO 23832--- [    Test worker] de.polocloud.database.DatabaseConnectionFactory : Attempting to establish database connection...
2026-08-25 22:55:49.451  INFO 23832--- [    Test worker] de.polocloud.database.DatabaseConnectionFactory : Initializing connection pool 'PoloCloudPool'...
2026-08-25 22:55:49.455  INFO 23832--- [    Test worker] de.polocloud.database.DatabaseConnectionFactory : Connection pool 'PoloCloudPool' initialized (maxPoolSize=10).
2026-08-25 22:55:49.455  INFO 23832--- [    Test worker] de.polocloud.database.DatabaseConnectionFactory : Database connection established using driver 'h2'.
2026-08-25 22:55:49.474  INFO 23832--- [pool-5-thread-2] de.polocloud.node.services.queue.ServiceQueue : Group 'lobby-bee268af-0b66-4189-abe8-baf3a896e999' needs 200 more service(s) cluster-wide (this node: 200) — minOnline: 200, cluster running: 0, queued: 0
2026-08-25 22:55:49.474  INFO 23832--- [pool-5-thread-1] de.polocloud.node.services.queue.ServiceQueue : Group 'lobby-bee268af-0b66-4189-abe8-baf3a896e999' needs 200 more service(s) cluster-wide (this node: 200) — minOnline: 200, cluster running: 0, queued: 0
2026-08-25 22:55:49.475  INFO 23832--- [pool-5-thread-2] de.polocloud.node.services.queue.ServiceQueue : Queued lobby-bee268af-0b66-4189-abe8-baf3a896e999-1 [memory: 64MB, platform: PAPER/1.21]
2026-08-25 22:55:49.475  INFO 23832--- [pool-5-thread-1] de.polocloud.node.services.queue.ServiceQueue : Queued lobby-bee268af-0b66-4189-abe8-baf3a896e999-1 [memory: 64MB, platform: PAPER/1.21]
2026-08-25 22:55:49.477  INFO 23832--- [pool-5-thread-1] de.polocloud.node.services.queue.ServiceQueue : Queued lobby-bee268af-0b66-4189-abe8-baf3a896e999-2 [memory: 64MB, platform: PAPER/1.21]
2026-08-25 22:55:49.477  INFO 23832--- [pool-5-thread-2] de.polocloud.node.services.queue.ServiceQueue : Queued lobby-bee268af-0b66-4189-abe8-baf3a896e999-2 [memory: 64MB, platform: PAPER/1.21]
2026-08-25 22:55:49.478  INFO 23832--- [pool-5-thread-2] de.polocloud.node.services.queue.ServiceQueue : Queued lobby-bee268af-0b66-4189-abe8-baf3a896e999-3 [memory: 64MB, platform: PAPER/1.21]
2026-08-25 22:55:49.478  INFO 23832--- [pool-5-thread-1] de.polocloud.node.services.queue.ServiceQueue : Queued lobby-bee268af-0b66-4189-abe8-baf3a896e999-3 [memory: 64MB, platform: PAPER/1.21]
2026-08-25 22:55:49.478  INFO 23832--- [pool-5-thread-1] de.polocloud.node.services.queue.ServiceQueue : Queued lobby-bee268af-0b66-4189-abe8-baf3a896e999-4 [memory: 64MB, platform: PAPER/1.21]
2026-08-25 22:55:49.478  INFO 23832--- [pool-5-thread-2] de.polocloud.node.services.queue.ServiceQueue : Queued lobby-bee268af-0b66-4189-abe8-baf3a896e999-4 [memory: 64MB, platform: PAPER/1.21]
2026-08-25 22:55:49.479  INFO 23832--- [pool-5-thread-2] de.polocloud.node.services.queue.ServiceQueue : Queued lobby-bee268af-0b66-4189-abe8-baf3a896e999-5 [memory: 64MB, platform: PAPER/1.21]
2026-08-25 22:55:49.479  INFO 23832--- [pool-5-thread-1] de.polocloud.node.services.queue.ServiceQueue : Queued lobby-bee268af-0b66-4189-abe8-baf3a896e999-5 [memory: 64MB, platform: PAPER/1.21]
2026-08-25 22:55:49.479  INFO 23832--- [pool-5-thread-1] de.polocloud.node.services.queue.ServiceQueue : Queued lobby-bee268af-0b66-4189-abe8-baf3a896e999-6 [memory: 64MB, platform: PAPER/1.21]
2026-08-25 22:55:49.479  INFO 23832--- [pool-5-thread-2] de.polocloud.node.services.queue.ServiceQueue : Queued lobby-bee268af-0b66-4189-abe8-baf3a896e999-6 [memory: 64MB, platform: PAPER/1.21]
2026-08-25 22:55:49.479  INFO 23832--- [pool-5-thread-1] de.polocloud.node.services.queue.ServiceQueue : Queued lobby-bee268af-0b66-4189-abe8-baf3a896e999-7 [memory: 64MB, platform: PAPER/1.21]
2026-08-25 22:55:49.479  INFO 23832--- [pool-5-thread-2] de.polocloud.node.services.queue.ServiceQueue : Queued lobby-bee268af-0b66-4189-abe8-baf3a896e999-7 [memory: 64MB, platform: PAPER/1.21]
2026-08-25 22:55:49.479  INFO 23832--- [pool-5-thread-1] de.polocloud.node.services.queue.ServiceQueue : Queued lobby-bee268af-0b66-4189-abe8-baf3a896e999-8 [memory: 64MB, platform: PAPER/1.21]
2026-08-25 22:55:49.480  INFO 23832--- [pool-5-thread-2] de.polocloud.node.services.queue.ServiceQueue : Queued lobby-bee268af-0b66-4189-abe8-baf3a896e999-8 [memory: 64MB, platform: PAPER/1.21]
2026-08-25 22:55:49.480  INFO 23832--- [pool-5-thread-1] de.polocloud.node.services.queue.ServiceQueue : Queued lobby-bee268af-0b66-4189-abe8-baf3a896e999-9 [memory: 64MB, platform: PAPER/1.21]
2026-08-25 22:55:49.480  INFO 23832--- [pool-5-thread-2] de.polocloud.node.services.queue.ServiceQueue : Queued lobby-bee268af-0b66-4189-abe8-baf3a896e999-9 [memory: 64MB, platform: PAPER/1.21]
2026-08-25 22:55:49.481  INFO 23832--- [pool-5-thread-1] de.polocloud.node.services.queue.ServiceQueue : Queued lobby-bee268af-0b66-4189-abe8-baf3a896e999-10 [memory: 64MB, platform: PAPER/1.21]
2026-08-25 22:55:49.482  INFO 23832--- [pool-5-thread-2] de.polocloud.node.services.queue.ServiceQueue : Queued lobby-bee268af-0b66-4189-abe8-baf3a896e999-10 [memory: 64MB, platform: PAPER/1.21]
2026-08-25 22:55:49.482  INFO 23832--- [pool-5-thread-1] de.polocloud.node.services.queue.ServiceQueue : Queued lobby-bee268af-0b66-4189-abe8-baf3a896e999-11 [memory: 64MB, platform: PAPER/1.21]
2026-08-25 22:55:49.483  INFO 23832--- [pool-5-thread-2] de.polocloud.node.services.queue.ServiceQueue : Queued lobby-bee268af-0b66-4189-abe8-baf3a896e999-12 [memory: 64MB, platform: PAPER/1.21]
2026-08-25 22:55:49.483  INFO 23832--- [pool-5-thread-1] de.polocloud.node.services.queue.ServiceQueue : Queued lobby-bee268af-0b66-4189-abe8-baf3a896e999-12 [memory: 64MB, platform: PAPER/1.21]
2026-08-25 22:55:49.484  INFO 23832--- [pool-5-thread-2] de.polocloud.node.services.queue.ServiceQueue : Queued lobby-bee268af-0b66-4189-abe8-baf3a896e999-13 [memory: 64MB, platform: PAPER/1.21]
2026-08-25 22:55:49.484  INFO 23832--- [pool-5-thread-1] de.polocloud.node.services.queue.ServiceQueue : Queued lobby-bee268af-0b66-4189-abe8-baf3a896e999-13 [memory: 64MB, platform: PAPER/1.21]
2026-08-25 22:55:49.484  INFO 23832--- [pool-5-thread-2] de.polocloud.node.services.queue.ServiceQueue : Queued lobby-bee268af-0b66-4189-abe8-baf3a896e999-14 [memory: 64MB, platform: PAPER/1.21]
2026-08-25 22:55:49.484  INFO 23832--- [pool-5-thread-1] de.polocloud.node.services.queue.ServiceQueue : Queued lobby-bee268af-0b66-4189-abe8-baf3a896e999-14 [memory: 64MB, platform: PAPER/1.21]
2026-08-25 22:55:49.485  INFO 23832--- [pool-5-thread-2] de.polocloud.node.services.queue.ServiceQueue : Queued lobby-bee268af-0b66-4189-abe8-baf3a896e999-15 [memory: 64MB, platform: PAPER/1.21]
2026-08-25 22:55:49.485  INFO 23832--- [pool-5-thread-1] de.polocloud.node.services.queue.ServiceQueue : Queued lobby-bee268af-0b66-4189-abe8-baf3a896e999-15 [memory: 64MB, platform: PAPER/1.21]
2026-08-25 22:55:49.486  INFO 23832--- [pool-5-thread-2] de.polocloud.node.services.queue.ServiceQueue : Queued lobby-bee268af-0b66-4189-abe8-baf3a896e999-16 [memory: 64MB, platform: PAPER/1.21]
2026-08-25 22:55:49.486  INFO 23832--- [pool-5-thread-1] de.polocloud.node.services.queue.ServiceQueue : Queued lobby-bee268af-0b66-4189-abe8-baf3a896e999-16 [memory: 64MB, platform: PAPER/1.21]
2026-08-25 22:55:49.486  INFO 23832--- [pool-5-thread-1] de.polocloud.node.services.queue.ServiceQueue : Queued lobby-bee268af-0b66-4189-abe8-baf3a896e999-17 [memory: 64MB, platform: PAPER/1.21]
2026-08-25 22:55:49.486  INFO 23832--- [pool-5-thread-2] de.polocloud.node.services.queue.ServiceQueue : Queued lobby-bee268af-0b66-4189-abe8-baf3a896e999-17 [memory: 64MB, platform: PAPER/1.21]
2026-08-25 22:55:49.487  INFO 23832--- [pool-5-thread-1] de.polocloud.node.services.queue.ServiceQueue : Queued lobby-bee268af-0b66-4189-abe8-baf3a896e999-18 [memory: 64MB, platform: PAPER/1.21]
2026-08-25 22:55:49.487  INFO 23832--- [pool-5-thread-2] de.polocloud.node.services.queue.ServiceQueue : Queued lobby-bee268af-0b66-4189-abe8-baf3a896e999-18 [memory: 64MB, platform: PAPER/1.21]
2026-08-25 22:55:49.487  INFO 23832--- [pool-5-thread-1] de.polocloud.node.services.queue.ServiceQueue : Queued lobby-bee268af-0b66-4189-abe8-baf3a896e999-19 [memory: 64MB, platform: PAPER/1.21]
2026-08-25 22:55:49.487  INFO 23832--- [pool-5-thread-2] de.polocloud.node.services.queue.ServiceQueue : Queued lobby-bee268af-0b66-4189-abe8-baf3a896e999-19 [memory: 64MB, platform: PAPER/1.21]
2026-08-25 22:55:49.491  INFO 23832--- [pool-5-thread-1] de.polocloud.node.services.queue.ServiceQueue : Queued lobby-bee268af-0b66-4189-abe8-baf3a896e999-20 [memory: 64MB, platform: PAPER/1.21]
2026-08-25 22:55:49.491  INFO 23832--- [pool-5-thread-2] de.polocloud.node.services.queue.ServiceQueue : Queued lobby-bee268af-0b66-4189-abe8-baf3a896e999-20 [memory: 64MB, platform: PAPER/1.21]
2026-08-25 22:55:49.491  INFO 23832--- [pool-5-thread-2] de.polocloud.node.services.queue.ServiceQueue : Queued lobby-bee268af-0b66-4189-abe8-baf3a896e999-21 [memory: 64MB, platform: PAPER/1.21]
2026-08-25 22:55:49.491  INFO 23832--- [pool-5-thread-1] de.polocloud.node.services.queue.ServiceQueue : Queued lobby-bee268af-0b66-4189-abe8-baf3a896e999-21 [memory: 64MB, platform: PAPER/1.21]
2026-08-25 22:55:49.492  INFO 23832--- [pool-5-thread-2] de.polocloud.node.services.queue.ServiceQueue : Queued lobby-bee268af-0b66-4189-abe8-baf3a896e999-22 [memory: 64MB, platform: PAPER/1.21]
2026-08-25 22:55:49.492  INFO 23832--- [pool-5-thread-1] de.polocloud.node.services.queue.ServiceQueue : Queued lobby-bee268af-0b66-4189-abe8-baf3a896e999-22 [memory: 64MB, platform: PAPER/1.21]
2026-08-25 22:55:49.492  INFO 23832--- [pool-5-thread-2] de.polocloud.node.services.queue.ServiceQueue : Queued lobby-bee268af-0b66-4189-abe8-baf3a896e999-23 [memory: 64MB, platform: PAPER/1.21]
2026-08-25 22:55:49.493  INFO 23832--- [pool-5-thread-1] de.polocloud.node.services.queue.ServiceQueue : Queued lobby-bee268af-0b66-4189-abe8-baf3a896e999-23 [memory: 64MB, platform: PAPER/1.21]
2026-08-25 22:55:49.493  INFO 23832--- [pool-5-thread-2] de.polocloud.node.services.queue.ServiceQueue : Queued lobby-bee268af-0b66-4189-abe8-baf3a896e999-24 [memory: 64MB, platform: PAPER/1.21]
2026-08-25 22:55:49.493  INFO 23832--- [pool-5-thread-1] de.polocloud.node.services.queue.ServiceQueue : Queued lobby-bee268af-0b66-4189-abe8-baf3a896e999-24 [memory: 64MB, platform: PAPER/1.21]
2026-08-25 22:55:49.494  INFO 23832--- [pool-5-thread-2] de.polocloud.node.services.queue.ServiceQueue : Queued lobby-bee268af-0b66-4189-abe8-baf3a896e999-25 [memory: 64MB, platform: PAPER/1.21]
2026-08-25 22:55:49.494  INFO 23832--- [pool-5-thread-1] de.polocloud.node.services.queue.ServiceQueue : Queued lobby-bee268af-0b66-4189-abe8-baf3a896e999-25 [memory: 64MB, platform: PAPER/1.21]
2026-08-25 22:55:49.494  INFO 23832--- [pool-5-thread-2] de.polocloud.node.services.queue.ServiceQueue : Queued lobby-bee268af-0b66-4189-abe8-baf3a896e999-26 [memory: 64MB, platform: PAPER/1.21]
2026-08-25 22:55:49.494  INFO 23832--- [pool-5-thread-1] de.polocloud.node.services.queue.ServiceQueue : Queued lobby-bee268af-0b66-4189-abe8-baf3a896e999-26 [memory: 64MB, platform: PAPER/1.21]
2026-08-25 22:55:49.495  INFO 23832--- [pool-5-thread-1] de.polocloud.node.services.queue.ServiceQueue : Queued lobby-bee268af-0b66-4189-abe8-baf3a896e999-27 [memory: 64MB, platform: PAPER/1.21]
2026-08-25 22:55:49.495  INFO 23832--- [pool-5-thread-2] de.polocloud.node.services.queue.ServiceQueue : Queued lobby-bee268af-0b66-4189-abe8-baf3a896e999-27 [memory: 64MB, platform: PAPER/1.21]
2026-08-25 22:55:49.495  INFO 23832--- [pool-5-thread-1] de.polocloud.node.services.queue.ServiceQueue : Queued lobby-bee268af-0b66-4189-abe8-baf3a896e999-28 [memory: 64MB, platform: PAPER/1.21]
2026-08-25 22:55:49.496  INFO 23832--- [pool-5-thread-2] de.polocloud.node.services.queue.ServiceQueue : Queued lobby-bee268af-0b66-4189-abe8-baf3a896e999-28 [memory: 64MB, platform: PAPER/1.21]
2026-08-25 22:55:49.496  INFO 23832--- [pool-5-thread-1] de.polocloud.node.services.queue.ServiceQueue : Queued lobby-bee268af-0b66-4189-abe8-baf3a896e999-29 [memory: 64MB, platform: PAPER/1.21]
2026-08-25 22:55:49.496  INFO 23832--- [pool-5-thread-2] de.polocloud.node.services.queue.ServiceQueue : Queued lobby-bee268af-0b66-4189-abe8-baf3a896e999-29 [memory: 64MB, platform: PAPER/1.21]
2026-08-25 22:55:49.497  INFO 23832--- [pool-5-thread-1] de.polocloud.node.services.queue.ServiceQueue : Queued lobby-bee268af-0b66-4189-abe8-baf3a896e999-30 [memory: 64MB, platform: PAPER/1.21]
2026-08-25 22:55:49.497  INFO 23832--- [pool-5-thread-2] de.polocloud.node.services.queue.ServiceQueue : Queued lobby-bee268af-0b66-4189-abe8-baf3a896e999-30 [memory: 64MB, platform: PAPER/1.21]
2026-08-25 22:55:49.497  INFO 23832--- [pool-5-thread-1] de.polocloud.node.services.queue.ServiceQueue : Queued lobby-bee268af-0b66-4189-abe8-baf3a896e999-31 [memory: 64MB, platform: PAPER/1.21]
2026-08-25 22:55:49.498  INFO 23832--- [pool-5-thread-2] de.polocloud.node.services.queue.ServiceQueue : Queued lobby-bee268af-0b66-4189-abe8-baf3a896e999-31 [memory: 64MB, platform: PAPER/1.21]
2026-08-25 22:55:49.498  INFO 23832--- [pool-5-thread-1] de.polocloud.node.services.queue.ServiceQueue : Queued lobby-bee268af-0b66-4189-abe8-baf3a896e999-32 [memory: 64MB, platform: PAPER/1.21]
2026-08-25 22:55:49.498  INFO 23832--- [pool-5-thread-2] de.polocloud.node.services.queue.ServiceQueue : Queued lobby-bee268af-0b66-4189-abe8-baf3a896e999-32 [memory: 64MB, platform: PAPER/1.21]
2026-08-25 22:55:49.498  INFO 23832--- [pool-5-thread-1] de.polocloud.node.services.queue.ServiceQueue : Queued lobby-bee268af-0b66-4189-abe8-baf3a896e999-33 [memory: 64MB, platform: PAPER/1.21]
2026-08-25 22:55:49.498  INFO 23832--- [pool-5-thread-2] de.polocloud.node.services.queue.ServiceQueue : Queued lobby-bee268af-0b66-4189-abe8-baf3a896e999-33 [memory: 64MB, platform: PAPER/1.21]
2026-08-25 22:55:49.500  INFO 23832--- [pool-5-thread-1] de.polocloud.node.services.queue.ServiceQueue : Queued lobby-bee268af-0b66-4189-abe8-baf3a896e999-34 [memory: 64MB, platform: PAPER/1.21]
2026-08-25 22:55:49.500  INFO 23832--- [pool-5-thread-2] de.polocloud.node.services.queue.ServiceQueue : Queued lobby-bee268af-0b66-4189-abe8-baf3a896e999-34 [memory: 64MB, platform: PAPER/1.21]
2026-08-25 22:55:49.500  INFO 23832--- [pool-5-thread-1] de.polocloud.node.services.queue.ServiceQueue : Queued lobby-bee268af-0b66-4189-abe8-baf3a896e999-35 [memory: 64MB, platform: PAPER/1.21]
2026-08-25 22:55:49.500  INFO 23832--- [pool-5-thread-2] de.polocloud.node.services.queue.ServiceQueue : Queued lobby-bee268af-0b66-4189-abe8-baf3a896e999-35 [memory: 64MB, platform: PAPER/1.21]
2026-08-25 22:55:49.501  INFO 23832--- [pool-5-thread-1] de.polocloud.node.services.queue.ServiceQueue : Queued lobby-bee268af-0b66-4189-abe8-baf3a896e999-36 [memory: 64MB, platform: PAPER/1.21]
2026-08-25 22:55:49.501  INFO 23832--- [pool-5-thread-2] de.polocloud.node.services.queue.ServiceQueue : Queued lobby-bee268af-0b66-4189-abe8-baf3a896e999-36 [memory: 64MB, platform: PAPER/1.21]
2026-08-25 22:55:49.501  INFO 23832--- [pool-5-thread-1] de.polocloud.node.services.queue.ServiceQueue : Queued lobby-bee268af-0b66-4189-abe8-baf3a896e999-37 [memory: 64MB, platform: PAPER/1.21]
2026-08-25 22:55:49.502  INFO 23832--- [pool-5-thread-2] de.polocloud.node.services.queue.ServiceQueue : Queued lobby-bee268af-0b66-4189-abe8-baf3a896e999-37 [memory: 64MB, platform: PAPER/1.21]
2026-08-25 22:55:49.502  INFO 23832--- [pool-5-thread-1] de.polocloud.node.services.queue.ServiceQueue : Queued lobby-bee268af-0b66-4189-abe8-baf3a896e999-38 [memory: 64MB, platform: PAPER/1.21]
2026-08-25 22:55:49.502  INFO 23832--- [pool-5-thread-2] de.polocloud.node.services.queue.ServiceQueue : Queued lobby-bee268af-0b66-4189-abe8-baf3a896e999-38 [memory: 64MB, platform: PAPER/1.21]
2026-08-25 22:55:49.502  INFO 23832--- [pool-5-thread-1] de.polocloud.node.services.queue.ServiceQueue : Queued lobby-bee268af-0b66-4189-abe8-baf3a896e999-39 [memory: 64MB, platform: PAPER/1.21]
2026-08-25 22:55:49.502  INFO 23832--- [pool-5-thread-2] de.polocloud.node.services.queue.ServiceQueue : Queued lobby-bee268af-0b66-4189-abe8-baf3a896e999-39 [memory: 64MB, platform: PAPER/1.21]
2026-08-25 22:55:49.503  INFO 23832--- [pool-5-thread-1] de.polocloud.node.services.queue.ServiceQueue : Queued lobby-bee268af-0b66-4189-abe8-baf3a896e999-40 [memory: 64MB, platform: PAPER/1.21]
2026-08-25 22:55:49.503  INFO 23832--- [pool-5-thread-2] de.polocloud.node.services.queue.ServiceQueue : Queued lobby-bee268af-0b66-4189-abe8-baf3a896e999-40 [memory: 64MB, platform: PAPER/1.21]
2026-08-25 22:55:49.503  INFO 23832--- [pool-5-thread-1] de.polocloud.node.services.queue.ServiceQueue : Queued lobby-bee268af-0b66-4189-abe8-baf3a896e999-41 [memory: 64MB, platform: PAPER/1.21]
2026-08-25 22:55:49.504  INFO 23832--- [pool-5-thread-2] de.polocloud.node.services.queue.ServiceQueue : Queued lobby-bee268af-0b66-4189-abe8-baf3a896e999-42 [memory: 64MB, platform: PAPER/1.21]
2026-08-25 22:55:49.504  INFO 23832--- [pool-5-thread-1] de.polocloud.node.services.queue.ServiceQueue : Queued lobby-bee268af-0b66-4189-abe8-baf3a896e999-42 [memory: 64MB, platform: PAPER/1.21]
2026-08-25 22:55:49.504  INFO 23832--- [pool-5-thread-2] de.polocloud.node.services.queue.ServiceQueue : Queued lobby-bee268af-0b66-4189-abe8-baf3a896e999-43 [memory: 64MB, platform: PAPER/1.21]
2026-08-25 22:55:49.504  INFO 23832--- [pool-5-thread-1] de.polocloud.node.services.queue.ServiceQueue : Queued lobby-bee268af-0b66-4189-abe8-baf3a896e999-43 [memory: 64MB, platform: PAPER/1.21]
2026-08-25 22:55:49.505  INFO 23832--- [pool-5-thread-2] de.polocloud.node.services.queue.ServiceQueue : Queued lobby-bee268af-0b66-4189-abe8-baf3a896e999-44 [memory: 64MB, platform: PAPER/1.21]
2026-08-25 22:55:49.505  INFO 23832--- [pool-5-thread-1] de.polocloud.node.services.queue.ServiceQueue : Queued lobby-bee268af-0b66-4189-abe8-baf3a896e999-44 [memory: 64MB, platform: PAPER/1.21]
2026-08-25 22:55:49.505  INFO 23832--- [pool-5-thread-2] de.polocloud.node.services.queue.ServiceQueue : Queued lobby-bee268af-0b66-4189-abe8-baf3a896e999-45 [memory: 64MB, platform: PAPER/1.21]
2026-08-25 22:55:49.506  INFO 23832--- [pool-5-thread-1] de.polocloud.node.services.queue.ServiceQueue : Queued lobby-bee268af-0b66-4189-abe8-baf3a896e999-45 [memory: 64MB, platform: PAPER/1.21]
2026-08-25 22:55:49.506  INFO 23832--- [pool-5-thread-2] de.polocloud.node.services.queue.ServiceQueue : Queued lobby-bee268af-0b66-4189-abe8-baf3a896e999-46 [memory: 64MB, platform: PAPER/1.21]
2026-08-25 22:55:49.506  INFO 23832--- [pool-5-thread-1] de.polocloud.node.services.queue.ServiceQueue : Queued lobby-bee268af-0b66-4189-abe8-baf3a896e999-46 [memory: 64MB, platform: PAPER/1.21]
2026-08-25 22:55:49.506  INFO 23832--- [pool-5-thread-2] de.polocloud.node.services.queue.ServiceQueue : Queued lobby-bee268af-0b66-4189-abe8-baf3a896e999-47 [memory: 64MB, platform: PAPER/1.21]
2026-08-25 22:55:49.507  INFO 23832--- [pool-5-thread-1] de.polocloud.node.services.queue.ServiceQueue : Queued lobby-bee268af-0b66-4189-abe8-baf3a896e999-47 [memory: 64MB, platform: PAPER/1.21]
2026-08-25 22:55:49.507  INFO 23832--- [pool-5-thread-2] de.polocloud.node.services.queue.ServiceQueue : Queued lobby-bee268af-0b66-4189-abe8-baf3a896e999-48 [memory: 64MB, platform: PAPER/1.21]
2026-08-25 22:55:49.507  INFO 23832--- [pool-5-thread-1] de.polocloud.node.services.queue.ServiceQueue : Queued lobby-bee268af-0b66-4189-abe8-baf3a896e999-48 [memory: 64MB, platform: PAPER/1.21]
2026-08-25 22:55:49.507  INFO 23832--- [pool-5-thread-2] de.polocloud.node.services.queue.ServiceQueue : Queued lobby-bee268af-0b66-4189-abe8-baf3a896e999-49 [memory: 64MB, platform: PAPER/1.21]
2026-08-25 22:55:49.508  INFO 23832--- [pool-5-thread-1] de.polocloud.node.services.queue.ServiceQueue : Queued lobby-bee268af-0b66-4189-abe8-baf3a896e999-49 [memory: 64MB, platform: PAPER/1.21]
2026-08-25 22:55:49.508  INFO 23832--- [pool-5-thread-2] de.polocloud.node.services.queue.ServiceQueue : Queued lobby-bee268af-0b66-4189-abe8-baf3a896e999-50 [memory: 64MB, platform: PAPER/1.21]
2026-08-25 22:55:49.508  INFO 23832--- [pool-5-thread-1] de.polocloud.node.services.queue.ServiceQueue : Queued lobby-bee268af-0b66-4189-abe8-baf3a896e999-50 [memory: 64MB, platform: PAPER/1.21]
2026-08-25 22:55:49.508  INFO 23832--- [pool-5-thread-2] de.polocloud.node.services.queue.ServiceQueue : Queued lobby-bee268af-0b66-4189-abe8-baf3a896e999-51 [memory: 64MB, platform: PAPER/1.21]
2026-08-25 22:55:49.508  INFO 23832--- [pool-5-thread-1] de.polocloud.node.services.queue.ServiceQueue : Queued lobby-bee268af-0b66-4189-abe8-baf3a896e999-51 [memory: 64MB, platform: PAPER/1.21]
2026-08-25 22:55:49.509  INFO 23832--- [pool-5-thread-2] de.polocloud.node.services.queue.ServiceQueue : Queued lobby-bee268af-0b66-4189-abe8-baf3a896e999-52 [memory: 64MB, platform: PAPER/1.21]
2026-08-25 22:55:49.509  INFO 23832--- [pool-5-thread-1] de.polocloud.node.services.queue.ServiceQueue : Queued lobby-bee268af-0b66-4189-abe8-baf3a896e999-52 [memory: 64MB, platform: PAPER/1.21]
2026-08-25 22:55:49.509  INFO 23832--- [pool-5-thread-2] de.polocloud.node.services.queue.ServiceQueue : Queued lobby-bee268af-0b66-4189-abe8-baf3a896e999-53 [memory: 64MB, platform: PAPER/1.21]
2026-08-25 22:55:49.509  INFO 23832--- [pool-5-thread-1] de.polocloud.node.services.queue.ServiceQueue : Queued lobby-bee268af-0b66-4189-abe8-baf3a896e999-53 [memory: 64MB, platform: PAPER/1.21]
2026-08-25 22:55:49.509  INFO 23832--- [pool-5-thread-2] de.polocloud.node.services.queue.ServiceQueue : Queued lobby-bee268af-0b66-4189-abe8-baf3a896e999-54 [memory: 64MB, platform: PAPER/1.21]
2026-08-25 22:55:49.510  INFO 23832--- [pool-5-thread-1] de.polocloud.node.services.queue.ServiceQueue : Queued lobby-bee268af-0b66-4189-abe8-baf3a896e999-54 [memory: 64MB, platform: PAPER/1.21]
2026-08-25 22:55:49.510  INFO 23832--- [pool-5-thread-2] de.polocloud.node.services.queue.ServiceQueue : Queued lobby-bee268af-0b66-4189-abe8-baf3a896e999-55 [memory: 64MB, platform: PAPER/1.21]
2026-08-25 22:55:49.510  INFO 23832--- [pool-5-thread-1] de.polocloud.node.services.queue.ServiceQueue : Queued lobby-bee268af-0b66-4189-abe8-baf3a896e999-55 [memory: 64MB, platform: PAPER/1.21]
2026-08-25 22:55:49.510  INFO 23832--- [pool-5-thread-2] de.polocloud.node.services.queue.ServiceQueue : Queued lobby-bee268af-0b66-4189-abe8-baf3a896e999-56 [memory: 64MB, platform: PAPER/1.21]
2026-08-25 22:55:49.510  INFO 23832--- [pool-5-thread-1] de.polocloud.node.services.queue.ServiceQueue : Queued lobby-bee268af-0b66-4189-abe8-baf3a896e999-56 [memory: 64MB, platform: PAPER/1.21]
2026-08-25 22:55:49.511  INFO 23832--- [pool-5-thread-2] de.polocloud.node.services.queue.ServiceQueue : Queued lobby-bee268af-0b66-4189-abe8-baf3a896e999-57 [memory: 64MB, platform: PAPER/1.21]
2026-08-25 22:55:49.511  INFO 23832--- [pool-5-thread-1] de.polocloud.node.services.queue.ServiceQueue : Queued lobby-bee268af-0b66-4189-abe8-baf3a896e999-57 [memory: 64MB, platform: PAPER/1.21]
2026-08-25 22:55:49.511  INFO 23832--- [pool-5-thread-2] de.polocloud.node.services.queue.ServiceQueue : Queued lobby-bee268af-0b66-4189-abe8-baf3a896e999-58 [memory: 64MB, platform: PAPER/1.21]
2026-08-25 22:55:49.511  INFO 23832--- [pool-5-thread-1] de.polocloud.node.services.queue.ServiceQueue : Queued lobby-bee268af-0b66-4189-abe8-baf3a896e999-58 [memory: 64MB, platform: PAPER/1.21]
2026-08-25 22:55:49.512  INFO 23832--- [pool-5-thread-2] de.polocloud.node.services.queue.ServiceQueue : Queued lobby-bee268af-0b66-4189-abe8-baf3a896e999-59 [memory: 64MB, platform: PAPER/1.21]
2026-08-25 22:55:49.512  INFO 23832--- [pool-5-thread-1] de.polocloud.node.services.queue.ServiceQueue : Queued lobby-bee268af-0b66-4189-abe8-baf3a896e999-59 [memory: 64MB, platform: PAPER/1.21]
2026-08-25 22:55:49.512  INFO 23832--- [pool-5-thread-2] de.polocloud.node.services.queue.ServiceQueue : Queued lobby-bee268af-0b66-4189-abe8-baf3a896e999-60 [memory: 64MB, platform: PAPER/1.21]
2026-08-25 22:55:49.512  INFO 23832--- [pool-5-thread-1] de.polocloud.node.services.queue.ServiceQueue : Queued lobby-bee268af-0b66-4189-abe8-baf3a896e999-60 [memory: 64MB, platform: PAPER/1.21]
2026-08-25 22:55:49.512  INFO 23832--- [pool-5-thread-2] de.polocloud.node.services.queue.ServiceQueue : Queued lobby-bee268af-0b66-4189-abe8-baf3a896e999-61 [memory: 64MB, platform: PAPER/1.21]
2026-08-25 22:55:49.513  INFO 23832--- [pool-5-thread-1] de.polocloud.node.services.queue.ServiceQueue : Queued lobby-bee268af-0b66-4189-abe8-baf3a896e999-61 [memory: 64MB, platform: PAPER/1.21]
2026-08-25 22:55:49.513  INFO 23832--- [pool-5-thread-2] de.polocloud.node.services.queue.ServiceQueue : Queued lobby-bee268af-0b66-4189-abe8-baf3a896e999-62 [memory: 64MB, platform: PAPER/1.21]
2026-08-25 22:55:49.513  INFO 23832--- [pool-5-thread-1] de.polocloud.node.services.queue.ServiceQueue : Queued lobby-bee268af-0b66-4189-abe8-baf3a896e999-62 [memory: 64MB, platform: PAPER/1.21]
2026-08-25 22:55:49.513  INFO 23832--- [pool-5-thread-2] de.polocloud.node.services.queue.ServiceQueue : Queued lobby-bee268af-0b66-4189-abe8-baf3a896e999-63 [memory: 64MB, platform: PAPER/1.21]
2026-08-25 22:55:49.513  INFO 23832--- [pool-5-thread-1] de.polocloud.node.services.queue.ServiceQueue : Queued lobby-bee268af-0b66-4189-abe8-baf3a896e999-63 [memory: 64MB, platform: PAPER/1.21]
2026-08-25 22:55:49.514  INFO 23832--- [pool-5-thread-2] de.polocloud.node.services.queue.ServiceQueue : Queued lobby-bee268af-0b66-4189-abe8-baf3a896e999-64 [memory: 64MB, platform: PAPER/1.21]
2026-08-25 22:55:49.514  INFO 23832--- [pool-5-thread-1] de.polocloud.node.services.queue.ServiceQueue : Queued lobby-bee268af-0b66-4189-abe8-baf3a896e999-64 [memory: 64MB, platform: PAPER/1.21]
2026-08-25 22:55:49.514  INFO 23832--- [pool-5-thread-2] de.polocloud.node.services.queue.ServiceQueue : Queued lobby-bee268af-0b66-4189-abe8-baf3a896e999-65 [memory: 64MB, platform: PAPER/1.21]
2026-08-25 22:55:49.514  INFO 23832--- [pool-5-thread-1] de.polocloud.node.services.queue.ServiceQueue : Queued lobby-bee268af-0b66-4189-abe8-baf3a896e999-65 [memory: 64MB, platform: PAPER/1.21]
2026-08-25 22:55:49.515  INFO 23832--- [pool-5-thread-2] de.polocloud.node.services.queue.ServiceQueue : Queued lobby-bee268af-0b66-4189-abe8-baf3a896e999-66 [memory: 64MB, platform: PAPER/1.21]
2026-08-25 22:55:49.515  INFO 23832--- [pool-5-thread-1] de.polocloud.node.services.queue.ServiceQueue : Queued lobby-bee268af-0b66-4189-abe8-baf3a896e999-66 [memory: 64MB, platform: PAPER/1.21]
2026-08-25 22:55:49.515  INFO 23832--- [pool-5-thread-2] de.polocloud.node.services.queue.ServiceQueue : Queued lobby-bee268af-0b66-4189-abe8-baf3a896e999-67 [memory: 64MB, platform: PAPER/1.21]
2026-08-25 22:55:49.516  INFO 23832--- [pool-5-thread-1] de.polocloud.node.services.queue.ServiceQueue : Queued lobby-bee268af-0b66-4189-abe8-baf3a896e999-67 [memory: 64MB, platform: PAPER/1.21]
2026-08-25 22:55:49.516  INFO 23832--- [pool-5-thread-2] de.polocloud.node.services.queue.ServiceQueue : Queued lobby-bee268af-0b66-4189-abe8-baf3a896e999-68 [memory: 64MB, platform: PAPER/1.21]
2026-08-25 22:55:49.516  INFO 23832--- [pool-5-thread-1] de.polocloud.node.services.queue.ServiceQueue : Queued lobby-bee268af-0b66-4189-abe8-baf3a896e999-68 [memory: 64MB, platform: PAPER/1.21]
2026-08-25 22:55:49.516  INFO 23832--- [pool-5-thread-2] de.polocloud.node.services.queue.ServiceQueue : Queued lobby-bee268af-0b66-4189-abe8-baf3a896e999-69 [memory: 64MB, platform: PAPER/1.21]
2026-08-25 22:55:49.516  INFO 23832--- [pool-5-thread-1] de.polocloud.node.services.queue.ServiceQueue : Queued lobby-bee268af-0b66-4189-abe8-baf3a896e999-69 [memory: 64MB, platform: PAPER/1.21]
2026-08-25 22:55:49.517  INFO 23832--- [pool-5-thread-2] de.polocloud.node.services.queue.ServiceQueue : Queued lobby-bee268af-0b66-4189-abe8-baf3a896e999-70 [memory: 64MB, platform: PAPER/1.21]
2026-08-25 22:55:49.517  INFO 23832--- [pool-5-thread-1] de.polocloud.node.services.queue.ServiceQueue : Queued lobby-bee268af-0b66-4189-abe8-baf3a896e999-70 [memory: 64MB, platform: PAPER/1.21]
2026-08-25 22:55:49.517  INFO 23832--- [pool-5-thread-2] de.polocloud.node.services.queue.ServiceQueue : Queued lobby-bee268af-0b66-4189-abe8-baf3a896e999-71 [memory: 64MB, platform: PAPER/1.21]
2026-08-25 22:55:49.517  INFO 23832--- [pool-5-thread-1] de.polocloud.node.services.queue.ServiceQueue : Queued lobby-bee268af-0b66-4189-abe8-baf3a896e999-71 [memory: 64MB, platform: PAPER/1.21]
2026-08-25 22:55:49.518  INFO 23832--- [pool-5-thread-2] de.polocloud.node.services.queue.ServiceQueue : Queued lobby-bee268af-0b66-4189-abe8-baf3a896e999-72 [memory: 64MB, platform: PAPER/1.21]
2026-08-25 22:55:49.518  INFO 23832--- [pool-5-thread-1] de.polocloud.node.services.queue.ServiceQueue : Queued lobby-bee268af-0b66-4189-abe8-baf3a896e999-72 [memory: 64MB, platform: PAPER/1.21]
2026-08-25 22:55:49.518  INFO 23832--- [pool-5-thread-2] de.polocloud.node.services.queue.ServiceQueue : Queued lobby-bee268af-0b66-4189-abe8-baf3a896e999-73 [memory: 64MB, platform: PAPER/1.21]
2026-08-25 22:55:49.518  INFO 23832--- [pool-5-thread-1] de.polocloud.node.services.queue.ServiceQueue : Queued lobby-bee268af-0b66-4189-abe8-baf3a896e999-73 [memory: 64MB, platform: PAPER/1.21]
2026-08-25 22:55:49.518  INFO 23832--- [pool-5-thread-2] de.polocloud.node.services.queue.ServiceQueue : Queued lobby-bee268af-0b66-4189-abe8-baf3a896e999-74 [memory: 64MB, platform: PAPER/1.21]
2026-08-25 22:55:49.519  INFO 23832--- [pool-5-thread-1] de.polocloud.node.services.queue.ServiceQueue : Queued lobby-bee268af-0b66-4189-abe8-baf3a896e999-74 [memory: 64MB, platform: PAPER/1.21]
2026-08-25 22:55:49.519  INFO 23832--- [pool-5-thread-2] de.polocloud.node.services.queue.ServiceQueue : Queued lobby-bee268af-0b66-4189-abe8-baf3a896e999-75 [memory: 64MB, platform: PAPER/1.21]
2026-08-25 22:55:49.519  INFO 23832--- [pool-5-thread-1] de.polocloud.node.services.queue.ServiceQueue : Queued lobby-bee268af-0b66-4189-abe8-baf3a896e999-75 [memory: 64MB, platform: PAPER/1.21]
2026-08-25 22:55:49.519  INFO 23832--- [pool-5-thread-2] de.polocloud.node.services.queue.ServiceQueue : Queued lobby-bee268af-0b66-4189-abe8-baf3a896e999-76 [memory: 64MB, platform: PAPER/1.21]
2026-08-25 22:55:49.519  INFO 23832--- [pool-5-thread-1] de.polocloud.node.services.queue.ServiceQueue : Queued lobby-bee268af-0b66-4189-abe8-baf3a896e999-76 [memory: 64MB, platform: PAPER/1.21]
2026-08-25 22:55:49.519  INFO 23832--- [pool-5-thread-2] de.polocloud.node.services.queue.ServiceQueue : Queued lobby-bee268af-0b66-4189-abe8-baf3a896e999-77 [memory: 64MB, platform: PAPER/1.21]
2026-08-25 22:55:49.519  INFO 23832--- [pool-5-thread-1] de.polocloud.node.services.queue.ServiceQueue : Queued lobby-bee268af-0b66-4189-abe8-baf3a896e999-77 [memory: 64MB, platform: PAPER/1.21]
2026-08-25 22:55:49.520  INFO 23832--- [pool-5-thread-2] de.polocloud.node.services.queue.ServiceQueue : Queued lobby-bee268af-0b66-4189-abe8-baf3a896e999-78 [memory: 64MB, platform: PAPER/1.21]
2026-08-25 22:55:49.520  INFO 23832--- [pool-5-thread-1] de.polocloud.node.services.queue.ServiceQueue : Queued lobby-bee268af-0b66-4189-abe8-baf3a896e999-78 [memory: 64MB, platform: PAPER/1.21]
2026-08-25 22:55:49.520  INFO 23832--- [pool-5-thread-2] de.polocloud.node.services.queue.ServiceQueue : Queued lobby-bee268af-0b66-4189-abe8-baf3a896e999-79 [memory: 64MB, platform: PAPER/1.21]
2026-08-25 22:55:49.520  INFO 23832--- [pool-5-thread-2] de.polocloud.node.services.queue.ServiceQueue : Queued lobby-bee268af-0b66-4189-abe8-baf3a896e999-80 [memory: 64MB, platform: PAPER/1.21]
2026-08-25 22:55:49.521  INFO 23832--- [pool-5-thread-1] de.polocloud.node.services.queue.ServiceQueue : Queued lobby-bee268af-0b66-4189-abe8-baf3a896e999-80 [memory: 64MB, platform: PAPER/1.21]
2026-08-25 22:55:49.521  INFO 23832--- [pool-5-thread-2] de.polocloud.node.services.queue.ServiceQueue : Queued lobby-bee268af-0b66-4189-abe8-baf3a896e999-81 [memory: 64MB, platform: PAPER/1.21]
2026-08-25 22:55:49.521  INFO 23832--- [pool-5-thread-1] de.polocloud.node.services.queue.ServiceQueue : Queued lobby-bee268af-0b66-4189-abe8-baf3a896e999-81 [memory: 64MB, platform: PAPER/1.21]
2026-08-25 22:55:49.521  INFO 23832--- [pool-5-thread-2] de.polocloud.node.services.queue.ServiceQueue : Queued lobby-bee268af-0b66-4189-abe8-baf3a896e999-82 [memory: 64MB, platform: PAPER/1.21]
2026-08-25 22:55:49.521  INFO 23832--- [pool-5-thread-1] de.polocloud.node.services.queue.ServiceQueue : Queued lobby-bee268af-0b66-4189-abe8-baf3a896e999-82 [memory: 64MB, platform: PAPER/1.21]
2026-08-25 22:55:49.522  INFO 23832--- [pool-5-thread-2] de.polocloud.node.services.queue.ServiceQueue : Queued lobby-bee268af-0b66-4189-abe8-baf3a896e999-83 [memory: 64MB, platform: PAPER/1.21]
2026-08-25 22:55:49.522  INFO 23832--- [pool-5-thread-1] de.polocloud.node.services.queue.ServiceQueue : Queued lobby-bee268af-0b66-4189-abe8-baf3a896e999-83 [memory: 64MB, platform: PAPER/1.21]
2026-08-25 22:55:49.522  INFO 23832--- [pool-5-thread-2] de.polocloud.node.services.queue.ServiceQueue : Queued lobby-bee268af-0b66-4189-abe8-baf3a896e999-84 [memory: 64MB, platform: PAPER/1.21]
2026-08-25 22:55:49.522  INFO 23832--- [pool-5-thread-1] de.polocloud.node.services.queue.ServiceQueue : Queued lobby-bee268af-0b66-4189-abe8-baf3a896e999-84 [memory: 64MB, platform: PAPER/1.21]
2026-08-25 22:55:49.522  INFO 23832--- [pool-5-thread-2] de.polocloud.node.services.queue.ServiceQueue : Queued lobby-bee268af-0b66-4189-abe8-baf3a896e999-85 [memory: 64MB, platform: PAPER/1.21]
2026-08-25 22:55:49.522  INFO 23832--- [pool-5-thread-1] de.polocloud.node.services.queue.ServiceQueue : Queued lobby-bee268af-0b66-4189-abe8-baf3a896e999-85 [memory: 64MB, platform: PAPER/1.21]
2026-08-25 22:55:49.523  INFO 23832--- [pool-5-thread-2] de.polocloud.node.services.queue.ServiceQueue : Queued lobby-bee268af-0b66-4189-abe8-baf3a896e999-86 [memory: 64MB, platform: PAPER/1.21]
2026-08-25 22:55:49.523  INFO 23832--- [pool-5-thread-1] de.polocloud.node.services.queue.ServiceQueue : Queued lobby-bee268af-0b66-4189-abe8-baf3a896e999-86 [memory: 64MB, platform: PAPER/1.21]
2026-08-25 22:55:49.523  INFO 23832--- [pool-5-thread-1] de.polocloud.node.services.queue.ServiceQueue : Queued lobby-bee268af-0b66-4189-abe8-baf3a896e999-87 [memory: 64MB, platform: PAPER/1.21]
2026-08-25 22:55:49.523  INFO 23832--- [pool-5-thread-2] de.polocloud.node.services.queue.ServiceQueue : Queued lobby-bee268af-0b66-4189-abe8-baf3a896e999-87 [memory: 64MB, platform: PAPER/1.21]
2026-08-25 22:55:49.523  INFO 23832--- [pool-5-thread-1] de.polocloud.node.services.queue.ServiceQueue : Queued lobby-bee268af-0b66-4189-abe8-baf3a896e999-88 [memory: 64MB, platform: PAPER/1.21]
2026-08-25 22:55:49.523  INFO 23832--- [pool-5-thread-2] de.polocloud.node.services.queue.ServiceQueue : Queued lobby-bee268af-0b66-4189-abe8-baf3a896e999-88 [memory: 64MB, platform: PAPER/1.21]
2026-08-25 22:55:49.524  INFO 23832--- [pool-5-thread-1] de.polocloud.node.services.queue.ServiceQueue : Queued lobby-bee268af-0b66-4189-abe8-baf3a896e999-89 [memory: 64MB, platform: PAPER/1.21]
2026-08-25 22:55:49.524  INFO 23832--- [pool-5-thread-2] de.polocloud.node.services.queue.ServiceQueue : Queued lobby-bee268af-0b66-4189-abe8-baf3a896e999-89 [memory: 64MB, platform: PAPER/1.21]
2026-08-25 22:55:49.524  INFO 23832--- [pool-5-thread-1] de.polocloud.node.services.queue.ServiceQueue : Queued lobby-bee268af-0b66-4189-abe8-baf3a896e999-90 [memory: 64MB, platform: PAPER/1.21]
2026-08-25 22:55:49.524  INFO 23832--- [pool-5-thread-2] de.polocloud.node.services.queue.ServiceQueue : Queued lobby-bee268af-0b66-4189-abe8-baf3a896e999-90 [memory: 64MB, platform: PAPER/1.21]
2026-08-25 22:55:49.524  INFO 23832--- [pool-5-thread-1] de.polocloud.node.services.queue.ServiceQueue : Queued lobby-bee268af-0b66-4189-abe8-baf3a896e999-91 [memory: 64MB, platform: PAPER/1.21]
2026-08-25 22:55:49.524  INFO 23832--- [pool-5-thread-2] de.polocloud.node.services.queue.ServiceQueue : Queued lobby-bee268af-0b66-4189-abe8-baf3a896e999-91 [memory: 64MB, platform: PAPER/1.21]
2026-08-25 22:55:49.525  INFO 23832--- [pool-5-thread-1] de.polocloud.node.services.queue.ServiceQueue : Queued lobby-bee268af-0b66-4189-abe8-baf3a896e999-92 [memory: 64MB, platform: PAPER/1.21]
2026-08-25 22:55:49.525  INFO 23832--- [pool-5-thread-2] de.polocloud.node.services.queue.ServiceQueue : Queued lobby-bee268af-0b66-4189-abe8-baf3a896e999-92 [memory: 64MB, platform: PAPER/1.21]
2026-08-25 22:55:49.525  INFO 23832--- [pool-5-thread-1] de.polocloud.node.services.queue.ServiceQueue : Queued lobby-bee268af-0b66-4189-abe8-baf3a896e999-93 [memory: 64MB, platform: PAPER/1.21]
2026-08-25 22:55:49.525  INFO 23832--- [pool-5-thread-2] de.polocloud.node.services.queue.ServiceQueue : Queued lobby-bee268af-0b66-4189-abe8-baf3a896e999-93 [memory: 64MB, platform: PAPER/1.21]
2026-08-25 22:55:49.525  INFO 23832--- [pool-5-thread-1] de.polocloud.node.services.queue.ServiceQueue : Queued lobby-bee268af-0b66-4189-abe8-baf3a896e999-94 [memory: 64MB, platform: PAPER/1.21]
2026-08-25 22:55:49.525  INFO 23832--- [pool-5-thread-2] de.polocloud.node.services.queue.ServiceQueue : Queued lobby-bee268af-0b66-4189-abe8-baf3a896e999-94 [memory: 64MB, platform: PAPER/1.21]
2026-08-25 22:55:49.526  INFO 23832--- [pool-5-thread-1] de.polocloud.node.services.queue.ServiceQueue : Queued lobby-bee268af-0b66-4189-abe8-baf3a896e999-95 [memory: 64MB, platform: PAPER/1.21]
2026-08-25 22:55:49.526  INFO 23832--- [pool-5-thread-2] de.polocloud.node.services.queue.ServiceQueue : Queued lobby-bee268af-0b66-4189-abe8-baf3a896e999-95 [memory: 64MB, platform: PAPER/1.21]
2026-08-25 22:55:49.526  INFO 23832--- [pool-5-thread-1] de.polocloud.node.services.queue.ServiceQueue : Queued lobby-bee268af-0b66-4189-abe8-baf3a896e999-96 [memory: 64MB, platform: PAPER/1.21]
2026-08-25 22:55:49.526  INFO 23832--- [pool-5-thread-2] de.polocloud.node.services.queue.ServiceQueue : Queued lobby-bee268af-0b66-4189-abe8-baf3a896e999-96 [memory: 64MB, platform: PAPER/1.21]
2026-08-25 22:55:49.526  INFO 23832--- [pool-5-thread-1] de.polocloud.node.services.queue.ServiceQueue : Queued lobby-bee268af-0b66-4189-abe8-baf3a896e999-97 [memory: 64MB, platform: PAPER/1.21]
2026-08-25 22:55:49.527  INFO 23832--- [pool-5-thread-2] de.polocloud.node.services.queue.ServiceQueue : Queued lobby-bee268af-0b66-4189-abe8-baf3a896e999-97 [memory: 64MB, platform: PAPER/1.21]
2026-08-25 22:55:49.527  INFO 23832--- [pool-5-thread-1] de.polocloud.node.services.queue.ServiceQueue : Queued lobby-bee268af-0b66-4189-abe8-baf3a896e999-98 [memory: 64MB, platform: PAPER/1.21]
2026-08-25 22:55:49.527  INFO 23832--- [pool-5-thread-2] de.polocloud.node.services.queue.ServiceQueue : Queued lobby-bee268af-0b66-4189-abe8-baf3a896e999-98 [memory: 64MB, platform: PAPER/1.21]
2026-08-25 22:55:49.527  INFO 23832--- [pool-5-thread-1] de.polocloud.node.services.queue.ServiceQueue : Queued lobby-bee268af-0b66-4189-abe8-baf3a896e999-99 [memory: 64MB, platform: PAPER/1.21]
2026-08-25 22:55:49.527  INFO 23832--- [pool-5-thread-2] de.polocloud.node.services.queue.ServiceQueue : Queued lobby-bee268af-0b66-4189-abe8-baf3a896e999-99 [memory: 64MB, platform: PAPER/1.21]
2026-08-25 22:55:49.527  INFO 23832--- [pool-5-thread-1] de.polocloud.node.services.queue.ServiceQueue : Queued lobby-bee268af-0b66-4189-abe8-baf3a896e999-100 [memory: 64MB, platform: PAPER/1.21]
2026-08-25 22:55:49.528  INFO 23832--- [pool-5-thread-2] de.polocloud.node.services.queue.ServiceQueue : Queued lobby-bee268af-0b66-4189-abe8-baf3a896e999-100 [memory: 64MB, platform: PAPER/1.21]
2026-08-25 22:55:49.528  INFO 23832--- [pool-5-thread-1] de.polocloud.node.services.queue.ServiceQueue : Queued lobby-bee268af-0b66-4189-abe8-baf3a896e999-101 [memory: 64MB, platform: PAPER/1.21]
2026-08-25 22:55:49.528  INFO 23832--- [pool-5-thread-2] de.polocloud.node.services.queue.ServiceQueue : Queued lobby-bee268af-0b66-4189-abe8-baf3a896e999-101 [memory: 64MB, platform: PAPER/1.21]
2026-08-25 22:55:49.528  INFO 23832--- [pool-5-thread-1] de.polocloud.node.services.queue.ServiceQueue : Queued lobby-bee268af-0b66-4189-abe8-baf3a896e999-102 [memory: 64MB, platform: PAPER/1.21]
2026-08-25 22:55:49.528  INFO 23832--- [pool-5-thread-2] de.polocloud.node.services.queue.ServiceQueue : Queued lobby-bee268af-0b66-4189-abe8-baf3a896e999-102 [memory: 64MB, platform: PAPER/1.21]
2026-08-25 22:55:49.528  INFO 23832--- [pool-5-thread-1] de.polocloud.node.services.queue.ServiceQueue : Queued lobby-bee268af-0b66-4189-abe8-baf3a896e999-103 [memory: 64MB, platform: PAPER/1.21]
2026-08-25 22:55:49.528  INFO 23832--- [pool-5-thread-2] de.polocloud.node.services.queue.ServiceQueue : Queued lobby-bee268af-0b66-4189-abe8-baf3a896e999-103 [memory: 64MB, platform: PAPER/1.21]
2026-08-25 22:55:49.529  INFO 23832--- [pool-5-thread-1] de.polocloud.node.services.queue.ServiceQueue : Queued lobby-bee268af-0b66-4189-abe8-baf3a896e999-104 [memory: 64MB, platform: PAPER/1.21]
2026-08-25 22:55:49.529  INFO 23832--- [pool-5-thread-2] de.polocloud.node.services.queue.ServiceQueue : Queued lobby-bee268af-0b66-4189-abe8-baf3a896e999-104 [memory: 64MB, platform: PAPER/1.21]
2026-08-25 22:55:49.529  INFO 23832--- [pool-5-thread-1] de.polocloud.node.services.queue.ServiceQueue : Queued lobby-bee268af-0b66-4189-abe8-baf3a896e999-105 [memory: 64MB, platform: PAPER/1.21]
2026-08-25 22:55:49.529  INFO 23832--- [pool-5-thread-2] de.polocloud.node.services.queue.ServiceQueue : Queued lobby-bee268af-0b66-4189-abe8-baf3a896e999-105 [memory: 64MB, platform: PAPER/1.21]
2026-08-25 22:55:49.530  INFO 23832--- [pool-5-thread-1] de.polocloud.node.services.queue.ServiceQueue : Queued lobby-bee268af-0b66-4189-abe8-baf3a896e999-106 [memory: 64MB, platform: PAPER/1.21]
2026-08-25 22:55:49.530  INFO 23832--- [pool-5-thread-2] de.polocloud.node.services.queue.ServiceQueue : Queued lobby-bee268af-0b66-4189-abe8-baf3a896e999-106 [memory: 64MB, platform: PAPER/1.21]
2026-08-25 22:55:49.530  INFO 23832--- [pool-5-thread-1] de.polocloud.node.services.queue.ServiceQueue : Queued lobby-bee268af-0b66-4189-abe8-baf3a896e999-107 [memory: 64MB, platform: PAPER/1.21]
2026-08-25 22:55:49.531  INFO 23832--- [pool-5-thread-2] de.polocloud.node.services.queue.ServiceQueue : Queued lobby-bee268af-0b66-4189-abe8-baf3a896e999-107 [memory: 64MB, platform: PAPER/1.21]
2026-08-25 22:55:49.531  INFO 23832--- [pool-5-thread-1] de.polocloud.node.services.queue.ServiceQueue : Queued lobby-bee268af-0b66-4189-abe8-baf3a896e999-108 [memory: 64MB, platform: PAPER/1.21]
2026-08-25 22:55:49.531  INFO 23832--- [pool-5-thread-2] de.polocloud.node.services.queue.ServiceQueue : Queued lobby-bee268af-0b66-4189-abe8-baf3a896e999-108 [memory: 64MB, platform: PAPER/1.21]
2026-08-25 22:55:49.531  INFO 23832--- [pool-5-thread-1] de.polocloud.node.services.queue.ServiceQueue : Queued lobby-bee268af-0b66-4189-abe8-baf3a896e999-109 [memory: 64MB, platform: PAPER/1.21]
2026-08-25 22:55:49.531  INFO 23832--- [pool-5-thread-2] de.polocloud.node.services.queue.ServiceQueue : Queued lobby-bee268af-0b66-4189-abe8-baf3a896e999-109 [memory: 64MB, platform: PAPER/1.21]
2026-08-25 22:55:49.532  INFO 23832--- [pool-5-thread-2] de.polocloud.node.services.queue.ServiceQueue : Queued lobby-bee268af-0b66-4189-abe8-baf3a896e999-110 [memory: 64MB, platform: PAPER/1.21]
2026-08-25 22:55:49.532  INFO 23832--- [pool-5-thread-1] de.polocloud.node.services.queue.ServiceQueue : Queued lobby-bee268af-0b66-4189-abe8-baf3a896e999-110 [memory: 64MB, platform: PAPER/1.21]
2026-08-25 22:55:49.532  INFO 23832--- [pool-5-thread-2] de.polocloud.node.services.queue.ServiceQueue : Queued lobby-bee268af-0b66-4189-abe8-baf3a896e999-111 [memory: 64MB, platform: PAPER/1.21]
2026-08-25 22:55:49.532  INFO 23832--- [pool-5-thread-1] de.polocloud.node.services.queue.ServiceQueue : Queued lobby-bee268af-0b66-4189-abe8-baf3a896e999-111 [memory: 64MB, platform: PAPER/1.21]
2026-08-25 22:55:49.532  INFO 23832--- [pool-5-thread-2] de.polocloud.node.services.queue.ServiceQueue : Queued lobby-bee268af-0b66-4189-abe8-baf3a896e999-112 [memory: 64MB, platform: PAPER/1.21]
2026-08-25 22:55:49.532  INFO 23832--- [pool-5-thread-1] de.polocloud.node.services.queue.ServiceQueue : Queued lobby-bee268af-0b66-4189-abe8-baf3a896e999-112 [memory: 64MB, platform: PAPER/1.21]
2026-08-25 22:55:49.533  INFO 23832--- [pool-5-thread-2] de.polocloud.node.services.queue.ServiceQueue : Queued lobby-bee268af-0b66-4189-abe8-baf3a896e999-113 [memory: 64MB, platform: PAPER/1.21]
2026-08-25 22:55:49.533  INFO 23832--- [pool-5-thread-1] de.polocloud.node.services.queue.ServiceQueue : Queued lobby-bee268af-0b66-4189-abe8-baf3a896e999-113 [memory: 64MB, platform: PAPER/1.21]
2026-08-25 22:55:49.533  INFO 23832--- [pool-5-thread-2] de.polocloud.node.services.queue.ServiceQueue : Queued lobby-bee268af-0b66-4189-abe8-baf3a896e999-114 [memory: 64MB, platform: PAPER/1.21]
2026-08-25 22:55:49.533  INFO 23832--- [pool-5-thread-1] de.polocloud.node.services.queue.ServiceQueue : Queued lobby-bee268af-0b66-4189-abe8-baf3a896e999-114 [memory: 64MB, platform: PAPER/1.21]
2026-08-25 22:55:49.533  INFO 23832--- [pool-5-thread-2] de.polocloud.node.services.queue.ServiceQueue : Queued lobby-bee268af-0b66-4189-abe8-baf3a896e999-115 [memory: 64MB, platform: PAPER/1.21]
2026-08-25 22:55:49.533  INFO 23832--- [pool-5-thread-1] de.polocloud.node.services.queue.ServiceQueue : Queued lobby-bee268af-0b66-4189-abe8-baf3a896e999-115 [memory: 64MB, platform: PAPER/1.21]
2026-08-25 22:55:49.534  INFO 23832--- [pool-5-thread-2] de.polocloud.node.services.queue.ServiceQueue : Queued lobby-bee268af-0b66-4189-abe8-baf3a896e999-116 [memory: 64MB, platform: PAPER/1.21]
2026-08-25 22:55:49.534  INFO 23832--- [pool-5-thread-1] de.polocloud.node.services.queue.ServiceQueue : Queued lobby-bee268af-0b66-4189-abe8-baf3a896e999-116 [memory: 64MB, platform: PAPER/1.21]
2026-08-25 22:55:49.534  INFO 23832--- [pool-5-thread-2] de.polocloud.node.services.queue.ServiceQueue : Queued lobby-bee268af-0b66-4189-abe8-baf3a896e999-117 [memory: 64MB, platform: PAPER/1.21]
2026-08-25 22:55:49.534  INFO 23832--- [pool-5-thread-1] de.polocloud.node.services.queue.ServiceQueue : Queued lobby-bee268af-0b66-4189-abe8-baf3a896e999-117 [memory: 64MB, platform: PAPER/1.21]
2026-08-25 22:55:49.534  INFO 23832--- [pool-5-thread-2] de.polocloud.node.services.queue.ServiceQueue : Queued lobby-bee268af-0b66-4189-abe8-baf3a896e999-118 [memory: 64MB, platform: PAPER/1.21]
2026-08-25 22:55:49.534  INFO 23832--- [pool-5-thread-1] de.polocloud.node.services.queue.ServiceQueue : Queued lobby-bee268af-0b66-4189-abe8-baf3a896e999-118 [memory: 64MB, platform: PAPER/1.21]
2026-08-25 22:55:49.534  INFO 23832--- [pool-5-thread-2] de.polocloud.node.services.queue.ServiceQueue : Queued lobby-bee268af-0b66-4189-abe8-baf3a896e999-119 [memory: 64MB, platform: PAPER/1.21]
2026-08-25 22:55:49.534  INFO 23832--- [pool-5-thread-1] de.polocloud.node.services.queue.ServiceQueue : Queued lobby-bee268af-0b66-4189-abe8-baf3a896e999-119 [memory: 64MB, platform: PAPER/1.21]
2026-08-25 22:55:49.534  INFO 23832--- [pool-5-thread-2] de.polocloud.node.services.queue.ServiceQueue : Queued lobby-bee268af-0b66-4189-abe8-baf3a896e999-120 [memory: 64MB, platform: PAPER/1.21]
2026-08-25 22:55:49.535  INFO 23832--- [pool-5-thread-1] de.polocloud.node.services.queue.ServiceQueue : Queued lobby-bee268af-0b66-4189-abe8-baf3a896e999-120 [memory: 64MB, platform: PAPER/1.21]
2026-08-25 22:55:49.535  INFO 23832--- [pool-5-thread-2] de.polocloud.node.services.queue.ServiceQueue : Queued lobby-bee268af-0b66-4189-abe8-baf3a896e999-121 [memory: 64MB, platform: PAPER/1.21]
2026-08-25 22:55:49.535  INFO 23832--- [pool-5-thread-1] de.polocloud.node.services.queue.ServiceQueue : Queued lobby-bee268af-0b66-4189-abe8-baf3a896e999-121 [memory: 64MB, platform: PAPER/1.21]
2026-08-25 22:55:49.535  INFO 23832--- [pool-5-thread-2] de.polocloud.node.services.queue.ServiceQueue : Queued lobby-bee268af-0b66-4189-abe8-baf3a896e999-122 [memory: 64MB, platform: PAPER/1.21]
2026-08-25 22:55:49.535  INFO 23832--- [pool-5-thread-1] de.polocloud.node.services.queue.ServiceQueue : Queued lobby-bee268af-0b66-4189-abe8-baf3a896e999-122 [memory: 64MB, platform: PAPER/1.21]
2026-08-25 22:55:49.535  INFO 23832--- [pool-5-thread-2] de.polocloud.node.services.queue.ServiceQueue : Queued lobby-bee268af-0b66-4189-abe8-baf3a896e999-123 [memory: 64MB, platform: PAPER/1.21]
2026-08-25 22:55:49.535  INFO 23832--- [pool-5-thread-1] de.polocloud.node.services.queue.ServiceQueue : Queued lobby-bee268af-0b66-4189-abe8-baf3a896e999-123 [memory: 64MB, platform: PAPER/1.21]
2026-08-25 22:55:49.535  INFO 23832--- [pool-5-thread-2] de.polocloud.node.services.queue.ServiceQueue : Queued lobby-bee268af-0b66-4189-abe8-baf3a896e999-124 [memory: 64MB, platform: PAPER/1.21]
2026-08-25 22:55:49.536  INFO 23832--- [pool-5-thread-1] de.polocloud.node.services.queue.ServiceQueue : Queued lobby-bee268af-0b66-4189-abe8-baf3a896e999-124 [memory: 64MB, platform: PAPER/1.21]
2026-08-25 22:55:49.536  INFO 23832--- [pool-5-thread-2] de.polocloud.node.services.queue.ServiceQueue : Queued lobby-bee268af-0b66-4189-abe8-baf3a896e999-125 [memory: 64MB, platform: PAPER/1.21]
2026-08-25 22:55:49.536  INFO 23832--- [pool-5-thread-1] de.polocloud.node.services.queue.ServiceQueue : Queued lobby-bee268af-0b66-4189-abe8-baf3a896e999-126 [memory: 64MB, platform: PAPER/1.21]
2026-08-25 22:55:49.536  INFO 23832--- [pool-5-thread-2] de.polocloud.node.services.queue.ServiceQueue : Queued lobby-bee268af-0b66-4189-abe8-baf3a896e999-126 [memory: 64MB, platform: PAPER/1.21]
2026-08-25 22:55:49.536  INFO 23832--- [pool-5-thread-1] de.polocloud.node.services.queue.ServiceQueue : Queued lobby-bee268af-0b66-4189-abe8-baf3a896e999-127 [memory: 64MB, platform: PAPER/1.21]
2026-08-25 22:55:49.536  INFO 23832--- [pool-5-thread-2] de.polocloud.node.services.queue.ServiceQueue : Queued lobby-bee268af-0b66-4189-abe8-baf3a896e999-127 [memory: 64MB, platform: PAPER/1.21]
2026-08-25 22:55:49.537  INFO 23832--- [pool-5-thread-1] de.polocloud.node.services.queue.ServiceQueue : Queued lobby-bee268af-0b66-4189-abe8-baf3a896e999-128 [memory: 64MB, platform: PAPER/1.21]
2026-08-25 22:55:49.537  INFO 23832--- [pool-5-thread-2] de.polocloud.node.services.queue.ServiceQueue : Queued lobby-bee268af-0b66-4189-abe8-baf3a896e999-128 [memory: 64MB, platform: PAPER/1.21]
2026-08-25 22:55:49.537  INFO 23832--- [pool-5-thread-1] de.polocloud.node.services.queue.ServiceQueue : Queued lobby-bee268af-0b66-4189-abe8-baf3a896e999-129 [memory: 64MB, platform: PAPER/1.21]
2026-08-25 22:55:49.537  INFO 23832--- [pool-5-thread-2] de.polocloud.node.services.queue.ServiceQueue : Queued lobby-bee268af-0b66-4189-abe8-baf3a896e999-129 [memory: 64MB, platform: PAPER/1.21]
2026-08-25 22:55:49.537  INFO 23832--- [pool-5-thread-1] de.polocloud.node.services.queue.ServiceQueue : Queued lobby-bee268af-0b66-4189-abe8-baf3a896e999-130 [memory: 64MB, platform: PAPER/1.21]
2026-08-25 22:55:49.538  INFO 23832--- [pool-5-thread-2] de.polocloud.node.services.queue.ServiceQueue : Queued lobby-bee268af-0b66-4189-abe8-baf3a896e999-130 [memory: 64MB, platform: PAPER/1.21]
2026-08-25 22:55:49.538  INFO 23832--- [pool-5-thread-1] de.polocloud.node.services.queue.ServiceQueue : Queued lobby-bee268af-0b66-4189-abe8-baf3a896e999-131 [memory: 64MB, platform: PAPER/1.21]
2026-08-25 22:55:49.538  INFO 23832--- [pool-5-thread-2] de.polocloud.node.services.queue.ServiceQueue : Queued lobby-bee268af-0b66-4189-abe8-baf3a896e999-131 [memory: 64MB, platform: PAPER/1.21]
2026-08-25 22:55:49.538  INFO 23832--- [pool-5-thread-1] de.polocloud.node.services.queue.ServiceQueue : Queued lobby-bee268af-0b66-4189-abe8-baf3a896e999-132 [memory: 64MB, platform: PAPER/1.21]
2026-08-25 22:55:49.538  INFO 23832--- [pool-5-thread-2] de.polocloud.node.services.queue.ServiceQueue : Queued lobby-bee268af-0b66-4189-abe8-baf3a896e999-132 [memory: 64MB, platform: PAPER/1.21]
2026-08-25 22:55:49.538  INFO 23832--- [pool-5-thread-1] de.polocloud.node.services.queue.ServiceQueue : Queued lobby-bee268af-0b66-4189-abe8-baf3a896e999-133 [memory: 64MB, platform: PAPER/1.21]
2026-08-25 22:55:49.538  INFO 23832--- [pool-5-thread-2] de.polocloud.node.services.queue.ServiceQueue : Queued lobby-bee268af-0b66-4189-abe8-baf3a896e999-133 [memory: 64MB, platform: PAPER/1.21]
2026-08-25 22:55:49.538  INFO 23832--- [pool-5-thread-1] de.polocloud.node.services.queue.ServiceQueue : Queued lobby-bee268af-0b66-4189-abe8-baf3a896e999-134 [memory: 64MB, platform: PAPER/1.21]
2026-08-25 22:55:49.539  INFO 23832--- [pool-5-thread-2] de.polocloud.node.services.queue.ServiceQueue : Queued lobby-bee268af-0b66-4189-abe8-baf3a896e999-134 [memory: 64MB, platform: PAPER/1.21]
2026-08-25 22:55:49.539  INFO 23832--- [pool-5-thread-1] de.polocloud.node.services.queue.ServiceQueue : Queued lobby-bee268af-0b66-4189-abe8-baf3a896e999-135 [memory: 64MB, platform: PAPER/1.21]
2026-08-25 22:55:49.539  INFO 23832--- [pool-5-thread-2] de.polocloud.node.services.queue.ServiceQueue : Queued lobby-bee268af-0b66-4189-abe8-baf3a896e999-135 [memory: 64MB, platform: PAPER/1.21]
2026-08-25 22:55:49.539  INFO 23832--- [pool-5-thread-1] de.polocloud.node.services.queue.ServiceQueue : Queued lobby-bee268af-0b66-4189-abe8-baf3a896e999-136 [memory: 64MB, platform: PAPER/1.21]
2026-08-25 22:55:49.539  INFO 23832--- [pool-5-thread-2] de.polocloud.node.services.queue.ServiceQueue : Queued lobby-bee268af-0b66-4189-abe8-baf3a896e999-136 [memory: 64MB, platform: PAPER/1.21]
2026-08-25 22:55:49.539  INFO 23832--- [pool-5-thread-1] de.polocloud.node.services.queue.ServiceQueue : Queued lobby-bee268af-0b66-4189-abe8-baf3a896e999-137 [memory: 64MB, platform: PAPER/1.21]
2026-08-25 22:55:49.540  INFO 23832--- [pool-5-thread-2] de.polocloud.node.services.queue.ServiceQueue : Queued lobby-bee268af-0b66-4189-abe8-baf3a896e999-137 [memory: 64MB, platform: PAPER/1.21]
2026-08-25 22:55:49.540  INFO 23832--- [pool-5-thread-1] de.polocloud.node.services.queue.ServiceQueue : Queued lobby-bee268af-0b66-4189-abe8-baf3a896e999-138 [memory: 64MB, platform: PAPER/1.21]
2026-08-25 22:55:49.540  INFO 23832--- [pool-5-thread-2] de.polocloud.node.services.queue.ServiceQueue : Queued lobby-bee268af-0b66-4189-abe8-baf3a896e999-138 [memory: 64MB, platform: PAPER/1.21]
2026-08-25 22:55:49.540  INFO 23832--- [pool-5-thread-1] de.polocloud.node.services.queue.ServiceQueue : Queued lobby-bee268af-0b66-4189-abe8-baf3a896e999-139 [memory: 64MB, platform: PAPER/1.21]
2026-08-25 22:55:49.540  INFO 23832--- [pool-5-thread-2] de.polocloud.node.services.queue.ServiceQueue : Queued lobby-bee268af-0b66-4189-abe8-baf3a896e999-139 [memory: 64MB, platform: PAPER/1.21]
2026-08-25 22:55:49.540  INFO 23832--- [pool-5-thread-1] de.polocloud.node.services.queue.ServiceQueue : Queued lobby-bee268af-0b66-4189-abe8-baf3a896e999-140 [memory: 64MB, platform: PAPER/1.21]
2026-08-25 22:55:49.541  INFO 23832--- [pool-5-thread-2] de.polocloud.node.services.queue.ServiceQueue : Queued lobby-bee268af-0b66-4189-abe8-baf3a896e999-140 [memory: 64MB, platform: PAPER/1.21]
2026-08-25 22:55:49.541  INFO 23832--- [pool-5-thread-1] de.polocloud.node.services.queue.ServiceQueue : Queued lobby-bee268af-0b66-4189-abe8-baf3a896e999-141 [memory: 64MB, platform: PAPER/1.21]
2026-08-25 22:55:49.541  INFO 23832--- [pool-5-thread-2] de.polocloud.node.services.queue.ServiceQueue : Queued lobby-bee268af-0b66-4189-abe8-baf3a896e999-141 [memory: 64MB, platform: PAPER/1.21]
2026-08-25 22:55:49.541  INFO 23832--- [pool-5-thread-1] de.polocloud.node.services.queue.ServiceQueue : Queued lobby-bee268af-0b66-4189-abe8-baf3a896e999-142 [memory: 64MB, platform: PAPER/1.21]
2026-08-25 22:55:49.541  INFO 23832--- [pool-5-thread-2] de.polocloud.node.services.queue.ServiceQueue : Queued lobby-bee268af-0b66-4189-abe8-baf3a896e999-142 [memory: 64MB, platform: PAPER/1.21]
2026-08-25 22:55:49.541  INFO 23832--- [pool-5-thread-1] de.polocloud.node.services.queue.ServiceQueue : Queued lobby-bee268af-0b66-4189-abe8-baf3a896e999-143 [memory: 64MB, platform: PAPER/1.21]
2026-08-25 22:55:49.541  INFO 23832--- [pool-5-thread-2] de.polocloud.node.services.queue.ServiceQueue : Queued lobby-bee268af-0b66-4189-abe8-baf3a896e999-143 [memory: 64MB, platform: PAPER/1.21]
2026-08-25 22:55:49.541  INFO 23832--- [pool-5-thread-1] de.polocloud.node.services.queue.ServiceQueue : Queued lobby-bee268af-0b66-4189-abe8-baf3a896e999-144 [memory: 64MB, platform: PAPER/1.21]
2026-08-25 22:55:49.542  INFO 23832--- [pool-5-thread-2] de.polocloud.node.services.queue.ServiceQueue : Queued lobby-bee268af-0b66-4189-abe8-baf3a896e999-144 [memory: 64MB, platform: PAPER/1.21]
2026-08-25 22:55:49.542  INFO 23832--- [pool-5-thread-1] de.polocloud.node.services.queue.ServiceQueue : Queued lobby-bee268af-0b66-4189-abe8-baf3a896e999-145 [memory: 64MB, platform: PAPER/1.21]
2026-08-25 22:55:49.542  INFO 23832--- [pool-5-thread-2] de.polocloud.node.services.queue.ServiceQueue : Queued lobby-bee268af-0b66-4189-abe8-baf3a896e999-145 [memory: 64MB, platform: PAPER/1.21]
2026-08-25 22:55:49.542  INFO 23832--- [pool-5-thread-1] de.polocloud.node.services.queue.ServiceQueue : Queued lobby-bee268af-0b66-4189-abe8-baf3a896e999-146 [memory: 64MB, platform: PAPER/1.21]
2026-08-25 22:55:49.542  INFO 23832--- [pool-5-thread-2] de.polocloud.node.services.queue.ServiceQueue : Queued lobby-bee268af-0b66-4189-abe8-baf3a896e999-146 [memory: 64MB, platform: PAPER/1.21]
2026-08-25 22:55:49.543  INFO 23832--- [pool-5-thread-1] de.polocloud.node.services.queue.ServiceQueue : Queued lobby-bee268af-0b66-4189-abe8-baf3a896e999-147 [memory: 64MB, platform: PAPER/1.21]
2026-08-25 22:55:49.543  INFO 23832--- [pool-5-thread-2] de.polocloud.node.services.queue.ServiceQueue : Queued lobby-bee268af-0b66-4189-abe8-baf3a896e999-147 [memory: 64MB, platform: PAPER/1.21]
2026-08-25 22:55:49.543  INFO 23832--- [pool-5-thread-1] de.polocloud.node.services.queue.ServiceQueue : Queued lobby-bee268af-0b66-4189-abe8-baf3a896e999-148 [memory: 64MB, platform: PAPER/1.21]
2026-08-25 22:55:49.543  INFO 23832--- [pool-5-thread-2] de.polocloud.node.services.queue.ServiceQueue : Queued lobby-bee268af-0b66-4189-abe8-baf3a896e999-148 [memory: 64MB, platform: PAPER/1.21]
2026-08-25 22:55:49.543  INFO 23832--- [pool-5-thread-1] de.polocloud.node.services.queue.ServiceQueue : Queued lobby-bee268af-0b66-4189-abe8-baf3a896e999-149 [memory: 64MB, platform: PAPER/1.21]
2026-08-25 22:55:49.543  INFO 23832--- [pool-5-thread-2] de.polocloud.node.services.queue.ServiceQueue : Queued lobby-bee268af-0b66-4189-abe8-baf3a896e999-149 [memory: 64MB, platform: PAPER/1.21]
2026-08-25 22:55:49.544  INFO 23832--- [pool-5-thread-1] de.polocloud.node.services.queue.ServiceQueue : Queued lobby-bee268af-0b66-4189-abe8-baf3a896e999-150 [memory: 64MB, platform: PAPER/1.21]
2026-08-25 22:55:49.544  INFO 23832--- [pool-5-thread-2] de.polocloud.node.services.queue.ServiceQueue : Queued lobby-bee268af-0b66-4189-abe8-baf3a896e999-150 [memory: 64MB, platform: PAPER/1.21]
2026-08-25 22:55:49.544  INFO 23832--- [pool-5-thread-1] de.polocloud.node.services.queue.ServiceQueue : Queued lobby-bee268af-0b66-4189-abe8-baf3a896e999-151 [memory: 64MB, platform: PAPER/1.21]
2026-08-25 22:55:49.544  INFO 23832--- [pool-5-thread-2] de.polocloud.node.services.queue.ServiceQueue : Queued lobby-bee268af-0b66-4189-abe8-baf3a896e999-151 [memory: 64MB, platform: PAPER/1.21]
2026-08-25 22:55:49.544  INFO 23832--- [pool-5-thread-1] de.polocloud.node.services.queue.ServiceQueue : Queued lobby-bee268af-0b66-4189-abe8-baf3a896e999-152 [memory: 64MB, platform: PAPER/1.21]
2026-08-25 22:55:49.544  INFO 23832--- [pool-5-thread-2] de.polocloud.node.services.queue.ServiceQueue : Queued lobby-bee268af-0b66-4189-abe8-baf3a896e999-152 [memory: 64MB, platform: PAPER/1.21]
2026-08-25 22:55:49.545  INFO 23832--- [pool-5-thread-1] de.polocloud.node.services.queue.ServiceQueue : Queued lobby-bee268af-0b66-4189-abe8-baf3a896e999-153 [memory: 64MB, platform: PAPER/1.21]
2026-08-25 22:55:49.545  INFO 23832--- [pool-5-thread-2] de.polocloud.node.services.queue.ServiceQueue : Queued lobby-bee268af-0b66-4189-abe8-baf3a896e999-153 [memory: 64MB, platform: PAPER/1.21]
2026-08-25 22:55:49.545  INFO 23832--- [pool-5-thread-1] de.polocloud.node.services.queue.ServiceQueue : Queued lobby-bee268af-0b66-4189-abe8-baf3a896e999-154 [memory: 64MB, platform: PAPER/1.21]
2026-08-25 22:55:49.545  INFO 23832--- [pool-5-thread-2] de.polocloud.node.services.queue.ServiceQueue : Queued lobby-bee268af-0b66-4189-abe8-baf3a896e999-154 [memory: 64MB, platform: PAPER/1.21]
2026-08-25 22:55:49.545  INFO 23832--- [pool-5-thread-1] de.polocloud.node.services.queue.ServiceQueue : Queued lobby-bee268af-0b66-4189-abe8-baf3a896e999-155 [memory: 64MB, platform: PAPER/1.21]
2026-08-25 22:55:49.545  INFO 23832--- [pool-5-thread-2] de.polocloud.node.services.queue.ServiceQueue : Queued lobby-bee268af-0b66-4189-abe8-baf3a896e999-155 [memory: 64MB, platform: PAPER/1.21]
2026-08-25 22:55:49.546  INFO 23832--- [pool-5-thread-1] de.polocloud.node.services.queue.ServiceQueue : Queued lobby-bee268af-0b66-4189-abe8-baf3a896e999-156 [memory: 64MB, platform: PAPER/1.21]
2026-08-25 22:55:49.546  INFO 23832--- [pool-5-thread-2] de.polocloud.node.services.queue.ServiceQueue : Queued lobby-bee268af-0b66-4189-abe8-baf3a896e999-156 [memory: 64MB, platform: PAPER/1.21]
2026-08-25 22:55:49.546  INFO 23832--- [pool-5-thread-1] de.polocloud.node.services.queue.ServiceQueue : Queued lobby-bee268af-0b66-4189-abe8-baf3a896e999-157 [memory: 64MB, platform: PAPER/1.21]
2026-08-25 22:55:49.546  INFO 23832--- [pool-5-thread-2] de.polocloud.node.services.queue.ServiceQueue : Queued lobby-bee268af-0b66-4189-abe8-baf3a896e999-157 [memory: 64MB, platform: PAPER/1.21]
2026-08-25 22:55:49.546  INFO 23832--- [pool-5-thread-1] de.polocloud.node.services.queue.ServiceQueue : Queued lobby-bee268af-0b66-4189-abe8-baf3a896e999-158 [memory: 64MB, platform: PAPER/1.21]
2026-08-25 22:55:49.546  INFO 23832--- [pool-5-thread-2] de.polocloud.node.services.queue.ServiceQueue : Queued lobby-bee268af-0b66-4189-abe8-baf3a896e999-158 [memory: 64MB, platform: PAPER/1.21]
2026-08-25 22:55:49.547  INFO 23832--- [pool-5-thread-1] de.polocloud.node.services.queue.ServiceQueue : Queued lobby-bee268af-0b66-4189-abe8-baf3a896e999-159 [memory: 64MB, platform: PAPER/1.21]
2026-08-25 22:55:49.547  INFO 23832--- [pool-5-thread-2] de.polocloud.node.services.queue.ServiceQueue : Queued lobby-bee268af-0b66-4189-abe8-baf3a896e999-159 [memory: 64MB, platform: PAPER/1.21]
2026-08-25 22:55:49.547  INFO 23832--- [pool-5-thread-1] de.polocloud.node.services.queue.ServiceQueue : Queued lobby-bee268af-0b66-4189-abe8-baf3a896e999-160 [memory: 64MB, platform: PAPER/1.21]
2026-08-25 22:55:49.547  INFO 23832--- [pool-5-thread-2] de.polocloud.node.services.queue.ServiceQueue : Queued lobby-bee268af-0b66-4189-abe8-baf3a896e999-160 [memory: 64MB, platform: PAPER/1.21]
2026-08-25 22:55:49.547  INFO 23832--- [pool-5-thread-1] de.polocloud.node.services.queue.ServiceQueue : Queued lobby-bee268af-0b66-4189-abe8-baf3a896e999-161 [memory: 64MB, platform: PAPER/1.21]
2026-08-25 22:55:49.547  INFO 23832--- [pool-5-thread-2] de.polocloud.node.services.queue.ServiceQueue : Queued lobby-bee268af-0b66-4189-abe8-baf3a896e999-161 [memory: 64MB, platform: PAPER/1.21]
2026-08-25 22:55:49.547  INFO 23832--- [pool-5-thread-1] de.polocloud.node.services.queue.ServiceQueue : Queued lobby-bee268af-0b66-4189-abe8-baf3a896e999-162 [memory: 64MB, platform: PAPER/1.21]
2026-08-25 22:55:49.548  INFO 23832--- [pool-5-thread-2] de.polocloud.node.services.queue.ServiceQueue : Queued lobby-bee268af-0b66-4189-abe8-baf3a896e999-162 [memory: 64MB, platform: PAPER/1.21]
2026-08-25 22:55:49.548  INFO 23832--- [pool-5-thread-1] de.polocloud.node.services.queue.ServiceQueue : Queued lobby-bee268af-0b66-4189-abe8-baf3a896e999-163 [memory: 64MB, platform: PAPER/1.21]
2026-08-25 22:55:49.548  INFO 23832--- [pool-5-thread-2] de.polocloud.node.services.queue.ServiceQueue : Queued lobby-bee268af-0b66-4189-abe8-baf3a896e999-163 [memory: 64MB, platform: PAPER/1.21]
2026-08-25 22:55:49.548  INFO 23832--- [pool-5-thread-1] de.polocloud.node.services.queue.ServiceQueue : Queued lobby-bee268af-0b66-4189-abe8-baf3a896e999-164 [memory: 64MB, platform: PAPER/1.21]
2026-08-25 22:55:49.548  INFO 23832--- [pool-5-thread-2] de.polocloud.node.services.queue.ServiceQueue : Queued lobby-bee268af-0b66-4189-abe8-baf3a896e999-164 [memory: 64MB, platform: PAPER/1.21]
2026-08-25 22:55:49.548  INFO 23832--- [pool-5-thread-1] de.polocloud.node.services.queue.ServiceQueue : Queued lobby-bee268af-0b66-4189-abe8-baf3a896e999-165 [memory: 64MB, platform: PAPER/1.21]
2026-08-25 22:55:49.548  INFO 23832--- [pool-5-thread-2] de.polocloud.node.services.queue.ServiceQueue : Queued lobby-bee268af-0b66-4189-abe8-baf3a896e999-165 [memory: 64MB, platform: PAPER/1.21]
2026-08-25 22:55:49.549  INFO 23832--- [pool-5-thread-1] de.polocloud.node.services.queue.ServiceQueue : Queued lobby-bee268af-0b66-4189-abe8-baf3a896e999-166 [memory: 64MB, platform: PAPER/1.21]
2026-08-25 22:55:49.549  INFO 23832--- [pool-5-thread-2] de.polocloud.node.services.queue.ServiceQueue : Queued lobby-bee268af-0b66-4189-abe8-baf3a896e999-166 [memory: 64MB, platform: PAPER/1.21]
2026-08-25 22:55:49.549  INFO 23832--- [pool-5-thread-1] de.polocloud.node.services.queue.ServiceQueue : Queued lobby-bee268af-0b66-4189-abe8-baf3a896e999-167 [memory: 64MB, platform: PAPER/1.21]
2026-08-25 22:55:49.549  INFO 23832--- [pool-5-thread-2] de.polocloud.node.services.queue.ServiceQueue : Queued lobby-bee268af-0b66-4189-abe8-baf3a896e999-167 [memory: 64MB, platform: PAPER/1.21]
2026-08-25 22:55:49.549  INFO 23832--- [pool-5-thread-1] de.polocloud.node.services.queue.ServiceQueue : Queued lobby-bee268af-0b66-4189-abe8-baf3a896e999-168 [memory: 64MB, platform: PAPER/1.21]
2026-08-25 22:55:49.549  INFO 23832--- [pool-5-thread-2] de.polocloud.node.services.queue.ServiceQueue : Queued lobby-bee268af-0b66-4189-abe8-baf3a896e999-168 [memory: 64MB, platform: PAPER/1.21]
2026-08-25 22:55:49.550  INFO 23832--- [pool-5-thread-1] de.polocloud.node.services.queue.ServiceQueue : Queued lobby-bee268af-0b66-4189-abe8-baf3a896e999-169 [memory: 64MB, platform: PAPER/1.21]
2026-08-25 22:55:49.550  INFO 23832--- [pool-5-thread-2] de.polocloud.node.services.queue.ServiceQueue : Queued lobby-bee268af-0b66-4189-abe8-baf3a896e999-169 [memory: 64MB, platform: PAPER/1.21]
2026-08-25 22:55:49.551  INFO 23832--- [pool-5-thread-1] de.polocloud.node.services.queue.ServiceQueue : Queued lobby-bee268af-0b66-4189-abe8-baf3a896e999-170 [memory: 64MB, platform: PAPER/1.21]
2026-08-25 22:55:49.551  INFO 23832--- [pool-5-thread-2] de.polocloud.node.services.queue.ServiceQueue : Queued lobby-bee268af-0b66-4189-abe8-baf3a896e999-170 [memory: 64MB, platform: PAPER/1.21]
2026-08-25 22:55:49.551  INFO 23832--- [pool-5-thread-1] de.polocloud.node.services.queue.ServiceQueue : Queued lobby-bee268af-0b66-4189-abe8-baf3a896e999-171 [memory: 64MB, platform: PAPER/1.21]
2026-08-25 22:55:49.551  INFO 23832--- [pool-5-thread-2] de.polocloud.node.services.queue.ServiceQueue : Queued lobby-bee268af-0b66-4189-abe8-baf3a896e999-171 [memory: 64MB, platform: PAPER/1.21]
2026-08-25 22:55:49.551  INFO 23832--- [pool-5-thread-1] de.polocloud.node.services.queue.ServiceQueue : Queued lobby-bee268af-0b66-4189-abe8-baf3a896e999-172 [memory: 64MB, platform: PAPER/1.21]
2026-08-25 22:55:49.551  INFO 23832--- [pool-5-thread-2] de.polocloud.node.services.queue.ServiceQueue : Queued lobby-bee268af-0b66-4189-abe8-baf3a896e999-172 [memory: 64MB, platform: PAPER/1.21]
2026-08-25 22:55:49.552  INFO 23832--- [pool-5-thread-1] de.polocloud.node.services.queue.ServiceQueue : Queued lobby-bee268af-0b66-4189-abe8-baf3a896e999-173 [memory: 64MB, platform: PAPER/1.21]
2026-08-25 22:55:49.552  INFO 23832--- [pool-5-thread-2] de.polocloud.node.services.queue.ServiceQueue : Queued lobby-bee268af-0b66-4189-abe8-baf3a896e999-173 [memory: 64MB, platform: PAPER/1.21]
2026-08-25 22:55:49.552  INFO 23832--- [pool-5-thread-1] de.polocloud.node.services.queue.ServiceQueue : Queued lobby-bee268af-0b66-4189-abe8-baf3a896e999-174 [memory: 64MB, platform: PAPER/1.21]
2026-08-25 22:55:49.552  INFO 23832--- [pool-5-thread-2] de.polocloud.node.services.queue.ServiceQueue : Queued lobby-bee268af-0b66-4189-abe8-baf3a896e999-174 [memory: 64MB, platform: PAPER/1.21]
2026-08-25 22:55:49.552  INFO 23832--- [pool-5-thread-1] de.polocloud.node.services.queue.ServiceQueue : Queued lobby-bee268af-0b66-4189-abe8-baf3a896e999-175 [memory: 64MB, platform: PAPER/1.21]
2026-08-25 22:55:49.552  INFO 23832--- [pool-5-thread-2] de.polocloud.node.services.queue.ServiceQueue : Queued lobby-bee268af-0b66-4189-abe8-baf3a896e999-175 [memory: 64MB, platform: PAPER/1.21]
2026-08-25 22:55:49.552  INFO 23832--- [pool-5-thread-1] de.polocloud.node.services.queue.ServiceQueue : Queued lobby-bee268af-0b66-4189-abe8-baf3a896e999-176 [memory: 64MB, platform: PAPER/1.21]
2026-08-25 22:55:49.553  INFO 23832--- [pool-5-thread-2] de.polocloud.node.services.queue.ServiceQueue : Queued lobby-bee268af-0b66-4189-abe8-baf3a896e999-176 [memory: 64MB, platform: PAPER/1.21]
2026-08-25 22:55:49.553  INFO 23832--- [pool-5-thread-1] de.polocloud.node.services.queue.ServiceQueue : Queued lobby-bee268af-0b66-4189-abe8-baf3a896e999-177 [memory: 64MB, platform: PAPER/1.21]
2026-08-25 22:55:49.553  INFO 23832--- [pool-5-thread-2] de.polocloud.node.services.queue.ServiceQueue : Queued lobby-bee268af-0b66-4189-abe8-baf3a896e999-177 [memory: 64MB, platform: PAPER/1.21]
2026-08-25 22:55:49.553  INFO 23832--- [pool-5-thread-1] de.polocloud.node.services.queue.ServiceQueue : Queued lobby-bee268af-0b66-4189-abe8-baf3a896e999-178 [memory: 64MB, platform: PAPER/1.21]
2026-08-25 22:55:49.553  INFO 23832--- [pool-5-thread-2] de.polocloud.node.services.queue.ServiceQueue : Queued lobby-bee268af-0b66-4189-abe8-baf3a896e999-178 [memory: 64MB, platform: PAPER/1.21]
2026-08-25 22:55:49.554  INFO 23832--- [pool-5-thread-1] de.polocloud.node.services.queue.ServiceQueue : Queued lobby-bee268af-0b66-4189-abe8-baf3a896e999-179 [memory: 64MB, platform: PAPER/1.21]
2026-08-25 22:55:49.554  INFO 23832--- [pool-5-thread-2] de.polocloud.node.services.queue.ServiceQueue : Queued lobby-bee268af-0b66-4189-abe8-baf3a896e999-179 [memory: 64MB, platform: PAPER/1.21]
2026-08-25 22:55:49.554  INFO 23832--- [pool-5-thread-1] de.polocloud.node.services.queue.ServiceQueue : Queued lobby-bee268af-0b66-4189-abe8-baf3a896e999-180 [memory: 64MB, platform: PAPER/1.21]
2026-08-25 22:55:49.554  INFO 23832--- [pool-5-thread-2] de.polocloud.node.services.queue.ServiceQueue : Queued lobby-bee268af-0b66-4189-abe8-baf3a896e999-180 [memory: 64MB, platform: PAPER/1.21]
2026-08-25 22:55:49.554  INFO 23832--- [pool-5-thread-1] de.polocloud.node.services.queue.ServiceQueue : Queued lobby-bee268af-0b66-4189-abe8-baf3a896e999-181 [memory: 64MB, platform: PAPER/1.21]
2026-08-25 22:55:49.554  INFO 23832--- [pool-5-thread-2] de.polocloud.node.services.queue.ServiceQueue : Queued lobby-bee268af-0b66-4189-abe8-baf3a896e999-181 [memory: 64MB, platform: PAPER/1.21]
2026-08-25 22:55:49.554  INFO 23832--- [pool-5-thread-1] de.polocloud.node.services.queue.ServiceQueue : Queued lobby-bee268af-0b66-4189-abe8-baf3a896e999-182 [memory: 64MB, platform: PAPER/1.21]
2026-08-25 22:55:49.554  INFO 23832--- [pool-5-thread-2] de.polocloud.node.services.queue.ServiceQueue : Queued lobby-bee268af-0b66-4189-abe8-baf3a896e999-182 [memory: 64MB, platform: PAPER/1.21]
2026-08-25 22:55:49.554  INFO 23832--- [pool-5-thread-1] de.polocloud.node.services.queue.ServiceQueue : Queued lobby-bee268af-0b66-4189-abe8-baf3a896e999-183 [memory: 64MB, platform: PAPER/1.21]
2026-08-25 22:55:49.555  INFO 23832--- [pool-5-thread-2] de.polocloud.node.services.queue.ServiceQueue : Queued lobby-bee268af-0b66-4189-abe8-baf3a896e999-183 [memory: 64MB, platform: PAPER/1.21]
2026-08-25 22:55:49.555  INFO 23832--- [pool-5-thread-1] de.polocloud.node.services.queue.ServiceQueue : Queued lobby-bee268af-0b66-4189-abe8-baf3a896e999-184 [memory: 64MB, platform: PAPER/1.21]
2026-08-25 22:55:49.555  INFO 23832--- [pool-5-thread-2] de.polocloud.node.services.queue.ServiceQueue : Queued lobby-bee268af-0b66-4189-abe8-baf3a896e999-184 [memory: 64MB, platform: PAPER/1.21]
2026-08-25 22:55:49.555  INFO 23832--- [pool-5-thread-1] de.polocloud.node.services.queue.ServiceQueue : Queued lobby-bee268af-0b66-4189-abe8-baf3a896e999-185 [memory: 64MB, platform: PAPER/1.21]
2026-08-25 22:55:49.555  INFO 23832--- [pool-5-thread-2] de.polocloud.node.services.queue.ServiceQueue : Queued lobby-bee268af-0b66-4189-abe8-baf3a896e999-185 [memory: 64MB, platform: PAPER/1.21]
2026-08-25 22:55:49.556  INFO 23832--- [pool-5-thread-1] de.polocloud.node.services.queue.ServiceQueue : Queued lobby-bee268af-0b66-4189-abe8-baf3a896e999-186 [memory: 64MB, platform: PAPER/1.21]
2026-08-25 22:55:49.556  INFO 23832--- [pool-5-thread-2] de.polocloud.node.services.queue.ServiceQueue : Queued lobby-bee268af-0b66-4189-abe8-baf3a896e999-186 [memory: 64MB, platform: PAPER/1.21]
2026-08-25 22:55:49.556  INFO 23832--- [pool-5-thread-1] de.polocloud.node.services.queue.ServiceQueue : Queued lobby-bee268af-0b66-4189-abe8-baf3a896e999-187 [memory: 64MB, platform: PAPER/1.21]
2026-08-25 22:55:49.556  INFO 23832--- [pool-5-thread-2] de.polocloud.node.services.queue.ServiceQueue : Queued lobby-bee268af-0b66-4189-abe8-baf3a896e999-187 [memory: 64MB, platform: PAPER/1.21]
2026-08-25 22:55:49.556  INFO 23832--- [pool-5-thread-1] de.polocloud.node.services.queue.ServiceQueue : Queued lobby-bee268af-0b66-4189-abe8-baf3a896e999-188 [memory: 64MB, platform: PAPER/1.21]
2026-08-25 22:55:49.556  INFO 23832--- [pool-5-thread-2] de.polocloud.node.services.queue.ServiceQueue : Queued lobby-bee268af-0b66-4189-abe8-baf3a896e999-188 [memory: 64MB, platform: PAPER/1.21]
2026-08-25 22:55:49.557  INFO 23832--- [pool-5-thread-1] de.polocloud.node.services.queue.ServiceQueue : Queued lobby-bee268af-0b66-4189-abe8-baf3a896e999-189 [memory: 64MB, platform: PAPER/1.21]
2026-08-25 22:55:49.557  INFO 23832--- [pool-5-thread-1] de.polocloud.node.services.queue.ServiceQueue : Queued lobby-bee268af-0b66-4189-abe8-baf3a896e999-190 [memory: 64MB, platform: PAPER/1.21]
2026-08-25 22:55:49.557  INFO 23832--- [pool-5-thread-2] de.polocloud.node.services.queue.ServiceQueue : Queued lobby-bee268af-0b66-4189-abe8-baf3a896e999-189 [memory: 64MB, platform: PAPER/1.21]
2026-08-25 22:55:49.557  INFO 23832--- [pool-5-thread-1] de.polocloud.node.services.queue.ServiceQueue : Queued lobby-bee268af-0b66-4189-abe8-baf3a896e999-191 [memory: 64MB, platform: PAPER/1.21]
2026-08-25 22:55:49.558  INFO 23832--- [pool-5-thread-1] de.polocloud.node.services.queue.ServiceQueue : Queued lobby-bee268af-0b66-4189-abe8-baf3a896e999-192 [memory: 64MB, platform: PAPER/1.21]
2026-08-25 22:55:49.558  INFO 23832--- [pool-5-thread-2] de.polocloud.node.services.queue.ServiceQueue : Queued lobby-bee268af-0b66-4189-abe8-baf3a896e999-191 [memory: 64MB, platform: PAPER/1.21]
2026-08-25 22:55:49.558  INFO 23832--- [pool-5-thread-1] de.polocloud.node.services.queue.ServiceQueue : Queued lobby-bee268af-0b66-4189-abe8-baf3a896e999-193 [memory: 64MB, platform: PAPER/1.21]
2026-08-25 22:55:49.558  INFO 23832--- [pool-5-thread-2] de.polocloud.node.services.queue.ServiceQueue : Queued lobby-bee268af-0b66-4189-abe8-baf3a896e999-193 [memory: 64MB, platform: PAPER/1.21]
2026-08-25 22:55:49.558  INFO 23832--- [pool-5-thread-1] de.polocloud.node.services.queue.ServiceQueue : Queued lobby-bee268af-0b66-4189-abe8-baf3a896e999-194 [memory: 64MB, platform: PAPER/1.21]
2026-08-25 22:55:49.558  INFO 23832--- [pool-5-thread-2] de.polocloud.node.services.queue.ServiceQueue : Queued lobby-bee268af-0b66-4189-abe8-baf3a896e999-194 [memory: 64MB, platform: PAPER/1.21]
2026-08-25 22:55:49.559  INFO 23832--- [pool-5-thread-1] de.polocloud.node.services.queue.ServiceQueue : Queued lobby-bee268af-0b66-4189-abe8-baf3a896e999-195 [memory: 64MB, platform: PAPER/1.21]
2026-08-25 22:55:49.559  INFO 23832--- [pool-5-thread-2] de.polocloud.node.services.queue.ServiceQueue : Queued lobby-bee268af-0b66-4189-abe8-baf3a896e999-195 [memory: 64MB, platform: PAPER/1.21]
2026-08-25 22:55:49.559  INFO 23832--- [pool-5-thread-1] de.polocloud.node.services.queue.ServiceQueue : Queued lobby-bee268af-0b66-4189-abe8-baf3a896e999-196 [memory: 64MB, platform: PAPER/1.21]
2026-08-25 22:55:49.559  INFO 23832--- [pool-5-thread-2] de.polocloud.node.services.queue.ServiceQueue : Queued lobby-bee268af-0b66-4189-abe8-baf3a896e999-196 [memory: 64MB, platform: PAPER/1.21]
2026-08-25 22:55:49.559  INFO 23832--- [pool-5-thread-1] de.polocloud.node.services.queue.ServiceQueue : Queued lobby-bee268af-0b66-4189-abe8-baf3a896e999-197 [memory: 64MB, platform: PAPER/1.21]
2026-08-25 22:55:49.559  INFO 23832--- [pool-5-thread-2] de.polocloud.node.services.queue.ServiceQueue : Queued lobby-bee268af-0b66-4189-abe8-baf3a896e999-197 [memory: 64MB, platform: PAPER/1.21]
2026-08-25 22:55:49.560  INFO 23832--- [pool-5-thread-1] de.polocloud.node.services.queue.ServiceQueue : Queued lobby-bee268af-0b66-4189-abe8-baf3a896e999-198 [memory: 64MB, platform: PAPER/1.21]
2026-08-25 22:55:49.560  INFO 23832--- [pool-5-thread-2] de.polocloud.node.services.queue.ServiceQueue : Queued lobby-bee268af-0b66-4189-abe8-baf3a896e999-198 [memory: 64MB, platform: PAPER/1.21]
2026-08-25 22:55:49.560  INFO 23832--- [pool-5-thread-1] de.polocloud.node.services.queue.ServiceQueue : Queued lobby-bee268af-0b66-4189-abe8-baf3a896e999-199 [memory: 64MB, platform: PAPER/1.21]
2026-08-25 22:55:49.560  INFO 23832--- [pool-5-thread-2] de.polocloud.node.services.queue.ServiceQueue : Queued lobby-bee268af-0b66-4189-abe8-baf3a896e999-199 [memory: 64MB, platform: PAPER/1.21]
2026-08-25 22:55:49.560  INFO 23832--- [pool-5-thread-1] de.polocloud.node.services.queue.ServiceQueue : Queued lobby-bee268af-0b66-4189-abe8-baf3a896e999-200 [memory: 64MB, platform: PAPER/1.21]
2026-08-25 22:55:49.560  INFO 23832--- [pool-5-thread-2] de.polocloud.node.services.queue.ServiceQueue : Queued lobby-bee268af-0b66-4189-abe8-baf3a896e999-200 [memory: 64MB, platform: PAPER/1.21]
2026-08-25 22:55:49.560  INFO 23832--- [pool-5-thread-1] de.polocloud.node.services.queue.ServiceQueue : Queued lobby-bee268af-0b66-4189-abe8-baf3a896e999-201 [memory: 64MB, platform: PAPER/1.21]
2026-08-25 22:55:49.560  INFO 23832--- [pool-5-thread-2] de.polocloud.node.services.queue.ServiceQueue : Queued lobby-bee268af-0b66-4189-abe8-baf3a896e999-201 [memory: 64MB, platform: PAPER/1.21]
2026-08-25 22:55:49.561  INFO 23832--- [pool-5-thread-1] de.polocloud.node.services.queue.ServiceQueue : Queued lobby-bee268af-0b66-4189-abe8-baf3a896e999-202 [memory: 64MB, platform: PAPER/1.21]
2026-08-25 22:55:49.561  INFO 23832--- [pool-5-thread-2] de.polocloud.node.services.queue.ServiceQueue : Queued lobby-bee268af-0b66-4189-abe8-baf3a896e999-202 [memory: 64MB, platform: PAPER/1.21]
2026-08-25 22:55:49.561  INFO 23832--- [pool-5-thread-2] de.polocloud.node.services.queue.ServiceQueue : Queued lobby-bee268af-0b66-4189-abe8-baf3a896e999-203 [memory: 64MB, platform: PAPER/1.21]
2026-08-25 22:55:49.561  INFO 23832--- [pool-5-thread-2] de.polocloud.node.services.queue.ServiceQueue : Queued lobby-bee268af-0b66-4189-abe8-baf3a896e999-204 [memory: 64MB, platform: PAPER/1.21]
2026-08-25 22:55:49.627  INFO 23832--- [pool-6-thread-1] de.polocloud.node.services.queue.ServiceQueue : Group 'lobby-57fec85e-8e17-4997-aa3c-0eec44084e36' needs 200 more service(s) cluster-wide (this node: 200) — minOnline: 200, cluster running: 0, queued: 0
2026-08-25 22:55:49.627  INFO 23832--- [pool-6-thread-2] de.polocloud.node.services.queue.ServiceQueue : Group 'lobby-57fec85e-8e17-4997-aa3c-0eec44084e36' needs 200 more service(s) cluster-wide (this node: 200) — minOnline: 200, cluster running: 0, queued: 0
2026-08-25 22:55:49.628  INFO 23832--- [pool-6-thread-2] de.polocloud.node.services.queue.ServiceQueue : Queued lobby-57fec85e-8e17-4997-aa3c-0eec44084e36-1 [memory: 64MB, platform: PAPER/1.21]
2026-08-25 22:55:49.628  INFO 23832--- [pool-6-thread-1] de.polocloud.node.services.queue.ServiceQueue : Queued lobby-57fec85e-8e17-4997-aa3c-0eec44084e36-1 [memory: 64MB, platform: PAPER/1.21]
2026-08-25 22:55:49.628  INFO 23832--- [pool-6-thread-2] de.polocloud.node.services.queue.ServiceQueue : Queued lobby-57fec85e-8e17-4997-aa3c-0eec44084e36-2 [memory: 64MB, platform: PAPER/1.21]
2026-08-25 22:55:49.628  INFO 23832--- [pool-6-thread-1] de.polocloud.node.services.queue.ServiceQueue : Queued lobby-57fec85e-8e17-4997-aa3c-0eec44084e36-2 [memory: 64MB, platform: PAPER/1.21]
2026-08-25 22:55:49.628  INFO 23832--- [pool-6-thread-2] de.polocloud.node.services.queue.ServiceQueue : Queued lobby-57fec85e-8e17-4997-aa3c-0eec44084e36-3 [memory: 64MB, platform: PAPER/1.21]
2026-08-25 22:55:49.628  INFO 23832--- [pool-6-thread-2] de.polocloud.node.services.queue.ServiceQueue : Queued lobby-57fec85e-8e17-4997-aa3c-0eec44084e36-4 [memory: 64MB, platform: PAPER/1.21]
2026-08-25 22:55:49.628  INFO 23832--- [pool-6-thread-1] de.polocloud.node.services.queue.ServiceQueue : Queued lobby-57fec85e-8e17-4997-aa3c-0eec44084e36-3 [memory: 64MB, platform: PAPER/1.21]
2026-08-25 22:55:49.629  INFO 23832--- [pool-6-thread-2] de.polocloud.node.services.queue.ServiceQueue : Queued lobby-57fec85e-8e17-4997-aa3c-0eec44084e36-5 [memory: 64MB, platform: PAPER/1.21]
2026-08-25 22:55:49.629  INFO 23832--- [pool-6-thread-1] de.polocloud.node.services.queue.ServiceQueue : Queued lobby-57fec85e-8e17-4997-aa3c-0eec44084e36-5 [memory: 64MB, platform: PAPER/1.21]
2026-08-25 22:55:49.629  INFO 23832--- [pool-6-thread-2] de.polocloud.node.services.queue.ServiceQueue : Queued lobby-57fec85e-8e17-4997-aa3c-0eec44084e36-6 [memory: 64MB, platform: PAPER/1.21]
2026-08-25 22:55:49.629  INFO 23832--- [pool-6-thread-1] de.polocloud.node.services.queue.ServiceQueue : Queued lobby-57fec85e-8e17-4997-aa3c-0eec44084e36-6 [memory: 64MB, platform: PAPER/1.21]
2026-08-25 22:55:49.629  INFO 23832--- [pool-6-thread-2] de.polocloud.node.services.queue.ServiceQueue : Queued lobby-57fec85e-8e17-4997-aa3c-0eec44084e36-7 [memory: 64MB, platform: PAPER/1.21]
2026-08-25 22:55:49.629  INFO 23832--- [pool-6-thread-1] de.polocloud.node.services.queue.ServiceQueue : Queued lobby-57fec85e-8e17-4997-aa3c-0eec44084e36-7 [memory: 64MB, platform: PAPER/1.21]
2026-08-25 22:55:49.629  INFO 23832--- [pool-6-thread-2] de.polocloud.node.services.queue.ServiceQueue : Queued lobby-57fec85e-8e17-4997-aa3c-0eec44084e36-8 [memory: 64MB, platform: PAPER/1.21]
2026-08-25 22:55:49.630  INFO 23832--- [pool-6-thread-1] de.polocloud.node.services.queue.ServiceQueue : Queued lobby-57fec85e-8e17-4997-aa3c-0eec44084e36-8 [memory: 64MB, platform: PAPER/1.21]
2026-08-25 22:55:49.630  INFO 23832--- [pool-6-thread-2] de.polocloud.node.services.queue.ServiceQueue : Queued lobby-57fec85e-8e17-4997-aa3c-0eec44084e36-9 [memory: 64MB, platform: PAPER/1.21]
2026-08-25 22:55:49.630  INFO 23832--- [pool-6-thread-1] de.polocloud.node.services.queue.ServiceQueue : Queued lobby-57fec85e-8e17-4997-aa3c-0eec44084e36-9 [memory: 64MB, platform: PAPER/1.21]
2026-08-25 22:55:49.630  INFO 23832--- [pool-6-thread-2] de.polocloud.node.services.queue.ServiceQueue : Queued lobby-57fec85e-8e17-4997-aa3c-0eec44084e36-10 [memory: 64MB, platform: PAPER/1.21]
2026-08-25 22:55:49.630  INFO 23832--- [pool-6-thread-1] de.polocloud.node.services.queue.ServiceQueue : Queued lobby-57fec85e-8e17-4997-aa3c-0eec44084e36-10 [memory: 64MB, platform: PAPER/1.21]
2026-08-25 22:55:49.630  INFO 23832--- [pool-6-thread-2] de.polocloud.node.services.queue.ServiceQueue : Queued lobby-57fec85e-8e17-4997-aa3c-0eec44084e36-11 [memory: 64MB, platform: PAPER/1.21]
2026-08-25 22:55:49.630  INFO 23832--- [pool-6-thread-1] de.polocloud.node.services.queue.ServiceQueue : Queued lobby-57fec85e-8e17-4997-aa3c-0eec44084e36-11 [memory: 64MB, platform: PAPER/1.21]
2026-08-25 22:55:49.630  INFO 23832--- [pool-6-thread-2] de.polocloud.node.services.queue.ServiceQueue : Queued lobby-57fec85e-8e17-4997-aa3c-0eec44084e36-12 [memory: 64MB, platform: PAPER/1.21]
2026-08-25 22:55:49.630  INFO 23832--- [pool-6-thread-1] de.polocloud.node.services.queue.ServiceQueue : Queued lobby-57fec85e-8e17-4997-aa3c-0eec44084e36-12 [memory: 64MB, platform: PAPER/1.21]
2026-08-25 22:55:49.630  INFO 23832--- [pool-6-thread-2] de.polocloud.node.services.queue.ServiceQueue : Queued lobby-57fec85e-8e17-4997-aa3c-0eec44084e36-13 [memory: 64MB, platform: PAPER/1.21]
2026-08-25 22:55:49.630  INFO 23832--- [pool-6-thread-1] de.polocloud.node.services.queue.ServiceQueue : Queued lobby-57fec85e-8e17-4997-aa3c-0eec44084e36-13 [memory: 64MB, platform: PAPER/1.21]
2026-08-25 22:55:49.630  INFO 23832--- [pool-6-thread-2] de.polocloud.node.services.queue.ServiceQueue : Queued lobby-57fec85e-8e17-4997-aa3c-0eec44084e36-14 [memory: 64MB, platform: PAPER/1.21]
2026-08-25 22:55:49.630  INFO 23832--- [pool-6-thread-1] de.polocloud.node.services.queue.ServiceQueue : Queued lobby-57fec85e-8e17-4997-aa3c-0eec44084e36-14 [memory: 64MB, platform: PAPER/1.21]
2026-08-25 22:55:49.630  INFO 23832--- [pool-6-thread-2] de.polocloud.node.services.queue.ServiceQueue : Queued lobby-57fec85e-8e17-4997-aa3c-0eec44084e36-15 [memory: 64MB, platform: PAPER/1.21]
2026-08-25 22:55:49.631  INFO 23832--- [pool-6-thread-1] de.polocloud.node.services.queue.ServiceQueue : Queued lobby-57fec85e-8e17-4997-aa3c-0eec44084e36-15 [memory: 64MB, platform: PAPER/1.21]
2026-08-25 22:55:49.631  INFO 23832--- [pool-6-thread-2] de.polocloud.node.services.queue.ServiceQueue : Queued lobby-57fec85e-8e17-4997-aa3c-0eec44084e36-16 [memory: 64MB, platform: PAPER/1.21]
2026-08-25 22:55:49.631  INFO 23832--- [pool-6-thread-1] de.polocloud.node.services.queue.ServiceQueue : Queued lobby-57fec85e-8e17-4997-aa3c-0eec44084e36-16 [memory: 64MB, platform: PAPER/1.21]
2026-08-25 22:55:49.631  INFO 23832--- [pool-6-thread-2] de.polocloud.node.services.queue.ServiceQueue : Queued lobby-57fec85e-8e17-4997-aa3c-0eec44084e36-17 [memory: 64MB, platform: PAPER/1.21]
2026-08-25 22:55:49.631  INFO 23832--- [pool-6-thread-1] de.polocloud.node.services.queue.ServiceQueue : Queued lobby-57fec85e-8e17-4997-aa3c-0eec44084e36-17 [memory: 64MB, platform: PAPER/1.21]
2026-08-25 22:55:49.631  INFO 23832--- [pool-6-thread-2] de.polocloud.node.services.queue.ServiceQueue : Queued lobby-57fec85e-8e17-4997-aa3c-0eec44084e36-18 [memory: 64MB, platform: PAPER/1.21]
2026-08-25 22:55:49.632  INFO 23832--- [pool-6-thread-1] de.polocloud.node.services.queue.ServiceQueue : Queued lobby-57fec85e-8e17-4997-aa3c-0eec44084e36-18 [memory: 64MB, platform: PAPER/1.21]
2026-08-25 22:55:49.632  INFO 23832--- [pool-6-thread-2] de.polocloud.node.services.queue.ServiceQueue : Queued lobby-57fec85e-8e17-4997-aa3c-0eec44084e36-19 [memory: 64MB, platform: PAPER/1.21]
2026-08-25 22:55:49.632  INFO 23832--- [pool-6-thread-1] de.polocloud.node.services.queue.ServiceQueue : Queued lobby-57fec85e-8e17-4997-aa3c-0eec44084e36-19 [memory: 64MB, platform: PAPER/1.21]
2026-08-25 22:55:49.632  INFO 23832--- [pool-6-thread-2] de.polocloud.node.services.queue.ServiceQueue : Queued lobby-57fec85e-8e17-4997-aa3c-0eec44084e36-20 [memory: 64MB, platform: PAPER/1.21]
2026-08-25 22:55:49.632  INFO 23832--- [pool-6-thread-1] de.polocloud.node.services.queue.ServiceQueue : Queued lobby-57fec85e-8e17-4997-aa3c-0eec44084e36-20 [memory: 64MB, platform: PAPER/1.21]
2026-08-25 22:55:49.632  INFO 23832--- [pool-6-thread-2] de.polocloud.node.services.queue.ServiceQueue : Queued lobby-57fec85e-8e17-4997-aa3c-0eec44084e36-21 [memory: 64MB, platform: PAPER/1.21]
2026-08-25 22:55:49.632  INFO 23832--- [pool-6-thread-1] de.polocloud.node.services.queue.ServiceQueue : Queued lobby-57fec85e-8e17-4997-aa3c-0eec44084e36-21 [memory: 64MB, platform: PAPER/1.21]
2026-08-25 22:55:49.633  INFO 23832--- [pool-6-thread-2] de.polocloud.node.services.queue.ServiceQueue : Queued lobby-57fec85e-8e17-4997-aa3c-0eec44084e36-22 [memory: 64MB, platform: PAPER/1.21]
2026-08-25 22:55:49.633  INFO 23832--- [pool-6-thread-1] de.polocloud.node.services.queue.ServiceQueue : Queued lobby-57fec85e-8e17-4997-aa3c-0eec44084e36-22 [memory: 64MB, platform: PAPER/1.21]
2026-08-25 22:55:49.633  INFO 23832--- [pool-6-thread-2] de.polocloud.node.services.queue.ServiceQueue : Queued lobby-57fec85e-8e17-4997-aa3c-0eec44084e36-23 [memory: 64MB, platform: PAPER/1.21]
2026-08-25 22:55:49.633  INFO 23832--- [pool-6-thread-1] de.polocloud.node.services.queue.ServiceQueue : Queued lobby-57fec85e-8e17-4997-aa3c-0eec44084e36-23 [memory: 64MB, platform: PAPER/1.21]
2026-08-25 22:55:49.633  INFO 23832--- [pool-6-thread-2] de.polocloud.node.services.queue.ServiceQueue : Queued lobby-57fec85e-8e17-4997-aa3c-0eec44084e36-24 [memory: 64MB, platform: PAPER/1.21]
2026-08-25 22:55:49.633  INFO 23832--- [pool-6-thread-1] de.polocloud.node.services.queue.ServiceQueue : Queued lobby-57fec85e-8e17-4997-aa3c-0eec44084e36-24 [memory: 64MB, platform: PAPER/1.21]
2026-08-25 22:55:49.633  INFO 23832--- [pool-6-thread-2] de.polocloud.node.services.queue.ServiceQueue : Queued lobby-57fec85e-8e17-4997-aa3c-0eec44084e36-25 [memory: 64MB, platform: PAPER/1.21]
2026-08-25 22:55:49.633  INFO 23832--- [pool-6-thread-1] de.polocloud.node.services.queue.ServiceQueue : Queued lobby-57fec85e-8e17-4997-aa3c-0eec44084e36-25 [memory: 64MB, platform: PAPER/1.21]
2026-08-25 22:55:49.634  INFO 23832--- [pool-6-thread-2] de.polocloud.node.services.queue.ServiceQueue : Queued lobby-57fec85e-8e17-4997-aa3c-0eec44084e36-26 [memory: 64MB, platform: PAPER/1.21]
2026-08-25 22:55:49.634  INFO 23832--- [pool-6-thread-1] de.polocloud.node.services.queue.ServiceQueue : Queued lobby-57fec85e-8e17-4997-aa3c-0eec44084e36-26 [memory: 64MB, platform: PAPER/1.21]
2026-08-25 22:55:49.634  INFO 23832--- [pool-6-thread-2] de.polocloud.node.services.queue.ServiceQueue : Queued lobby-57fec85e-8e17-4997-aa3c-0eec44084e36-27 [memory: 64MB, platform: PAPER/1.21]
2026-08-25 22:55:49.634  INFO 23832--- [pool-6-thread-1] de.polocloud.node.services.queue.ServiceQueue : Queued lobby-57fec85e-8e17-4997-aa3c-0eec44084e36-27 [memory: 64MB, platform: PAPER/1.21]
2026-08-25 22:55:49.634  INFO 23832--- [pool-6-thread-2] de.polocloud.node.services.queue.ServiceQueue : Queued lobby-57fec85e-8e17-4997-aa3c-0eec44084e36-28 [memory: 64MB, platform: PAPER/1.21]
2026-08-25 22:55:49.634  INFO 23832--- [pool-6-thread-1] de.polocloud.node.services.queue.ServiceQueue : Queued lobby-57fec85e-8e17-4997-aa3c-0eec44084e36-28 [memory: 64MB, platform: PAPER/1.21]
2026-08-25 22:55:49.634  INFO 23832--- [pool-6-thread-2] de.polocloud.node.services.queue.ServiceQueue : Queued lobby-57fec85e-8e17-4997-aa3c-0eec44084e36-29 [memory: 64MB, platform: PAPER/1.21]
2026-08-25 22:55:49.634  INFO 23832--- [pool-6-thread-1] de.polocloud.node.services.queue.ServiceQueue : Queued lobby-57fec85e-8e17-4997-aa3c-0eec44084e36-29 [memory: 64MB, platform: PAPER/1.21]
2026-08-25 22:55:49.635  INFO 23832--- [pool-6-thread-2] de.polocloud.node.services.queue.ServiceQueue : Queued lobby-57fec85e-8e17-4997-aa3c-0eec44084e36-30 [memory: 64MB, platform: PAPER/1.21]
2026-08-25 22:55:49.635  INFO 23832--- [pool-6-thread-1] de.polocloud.node.services.queue.ServiceQueue : Queued lobby-57fec85e-8e17-4997-aa3c-0eec44084e36-30 [memory: 64MB, platform: PAPER/1.21]
2026-08-25 22:55:49.635  INFO 23832--- [pool-6-thread-2] de.polocloud.node.services.queue.ServiceQueue : Queued lobby-57fec85e-8e17-4997-aa3c-0eec44084e36-31 [memory: 64MB, platform: PAPER/1.21]
2026-08-25 22:55:49.635  INFO 23832--- [pool-6-thread-1] de.polocloud.node.services.queue.ServiceQueue : Queued lobby-57fec85e-8e17-4997-aa3c-0eec44084e36-31 [memory: 64MB, platform: PAPER/1.21]
2026-08-25 22:55:49.635  INFO 23832--- [pool-6-thread-2] de.polocloud.node.services.queue.ServiceQueue : Queued lobby-57fec85e-8e17-4997-aa3c-0eec44084e36-32 [memory: 64MB, platform: PAPER/1.21]
2026-08-25 22:55:49.635  INFO 23832--- [pool-6-thread-1] de.polocloud.node.services.queue.ServiceQueue : Queued lobby-57fec85e-8e17-4997-aa3c-0eec44084e36-32 [memory: 64MB, platform: PAPER/1.21]
2026-08-25 22:55:49.635  INFO 23832--- [pool-6-thread-2] de.polocloud.node.services.queue.ServiceQueue : Queued lobby-57fec85e-8e17-4997-aa3c-0eec44084e36-33 [memory: 64MB, platform: PAPER/1.21]
2026-08-25 22:55:49.635  INFO 23832--- [pool-6-thread-1] de.polocloud.node.services.queue.ServiceQueue : Queued lobby-57fec85e-8e17-4997-aa3c-0eec44084e36-33 [memory: 64MB, platform: PAPER/1.21]
2026-08-25 22:55:49.636  INFO 23832--- [pool-6-thread-2] de.polocloud.node.services.queue.ServiceQueue : Queued lobby-57fec85e-8e17-4997-aa3c-0eec44084e36-34 [memory: 64MB, platform: PAPER/1.21]
2026-08-25 22:55:49.636  INFO 23832--- [pool-6-thread-1] de.polocloud.node.services.queue.ServiceQueue : Queued lobby-57fec85e-8e17-4997-aa3c-0eec44084e36-34 [memory: 64MB, platform: PAPER/1.21]
2026-08-25 22:55:49.636  INFO 23832--- [pool-6-thread-2] de.polocloud.node.services.queue.ServiceQueue : Queued lobby-57fec85e-8e17-4997-aa3c-0eec44084e36-35 [memory: 64MB, platform: PAPER/1.21]
2026-08-25 22:55:49.636  INFO 23832--- [pool-6-thread-1] de.polocloud.node.services.queue.ServiceQueue : Queued lobby-57fec85e-8e17-4997-aa3c-0eec44084e36-35 [memory: 64MB, platform: PAPER/1.21]
2026-08-25 22:55:49.636  INFO 23832--- [pool-6-thread-2] de.polocloud.node.services.queue.ServiceQueue : Queued lobby-57fec85e-8e17-4997-aa3c-0eec44084e36-36 [memory: 64MB, platform: PAPER/1.21]
2026-08-25 22:55:49.636  INFO 23832--- [pool-6-thread-1] de.polocloud.node.services.queue.ServiceQueue : Queued lobby-57fec85e-8e17-4997-aa3c-0eec44084e36-36 [memory: 64MB, platform: PAPER/1.21]
2026-08-25 22:55:49.636  INFO 23832--- [pool-6-thread-2] de.polocloud.node.services.queue.ServiceQueue : Queued lobby-57fec85e-8e17-4997-aa3c-0eec44084e36-37 [memory: 64MB, platform: PAPER/1.21]
2026-08-25 22:55:49.636  INFO 23832--- [pool-6-thread-1] de.polocloud.node.services.queue.ServiceQueue : Queued lobby-57fec85e-8e17-4997-aa3c-0eec44084e36-37 [memory: 64MB, platform: PAPER/1.21]
2026-08-25 22:55:49.637  INFO 23832--- [pool-6-thread-2] de.polocloud.node.services.queue.ServiceQueue : Queued lobby-57fec85e-8e17-4997-aa3c-0eec44084e36-38 [memory: 64MB, platform: PAPER/1.21]
2026-08-25 22:55:49.637  INFO 23832--- [pool-6-thread-1] de.polocloud.node.services.queue.ServiceQueue : Queued lobby-57fec85e-8e17-4997-aa3c-0eec44084e36-38 [memory: 64MB, platform: PAPER/1.21]
2026-08-25 22:55:49.637  INFO 23832--- [pool-6-thread-2] de.polocloud.node.services.queue.ServiceQueue : Queued lobby-57fec85e-8e17-4997-aa3c-0eec44084e36-39 [memory: 64MB, platform: PAPER/1.21]
2026-08-25 22:55:49.637  INFO 23832--- [pool-6-thread-1] de.polocloud.node.services.queue.ServiceQueue : Queued lobby-57fec85e-8e17-4997-aa3c-0eec44084e36-39 [memory: 64MB, platform: PAPER/1.21]
2026-08-25 22:55:49.637  INFO 23832--- [pool-6-thread-2] de.polocloud.node.services.queue.ServiceQueue : Queued lobby-57fec85e-8e17-4997-aa3c-0eec44084e36-40 [memory: 64MB, platform: PAPER/1.21]
2026-08-25 22:55:49.637  INFO 23832--- [pool-6-thread-1] de.polocloud.node.services.queue.ServiceQueue : Queued lobby-57fec85e-8e17-4997-aa3c-0eec44084e36-40 [memory: 64MB, platform: PAPER/1.21]
2026-08-25 22:55:49.637  INFO 23832--- [pool-6-thread-2] de.polocloud.node.services.queue.ServiceQueue : Queued lobby-57fec85e-8e17-4997-aa3c-0eec44084e36-41 [memory: 64MB, platform: PAPER/1.21]
2026-08-25 22:55:49.638  INFO 23832--- [pool-6-thread-1] de.polocloud.node.services.queue.ServiceQueue : Queued lobby-57fec85e-8e17-4997-aa3c-0eec44084e36-41 [memory: 64MB, platform: PAPER/1.21]
2026-08-25 22:55:49.638  INFO 23832--- [pool-6-thread-2] de.polocloud.node.services.queue.ServiceQueue : Queued lobby-57fec85e-8e17-4997-aa3c-0eec44084e36-42 [memory: 64MB, platform: PAPER/1.21]
2026-08-25 22:55:49.638  INFO 23832--- [pool-6-thread-1] de.polocloud.node.services.queue.ServiceQueue : Queued lobby-57fec85e-8e17-4997-aa3c-0eec44084e36-42 [memory: 64MB, platform: PAPER/1.21]
2026-08-25 22:55:49.638  INFO 23832--- [pool-6-thread-2] de.polocloud.node.services.queue.ServiceQueue : Queued lobby-57fec85e-8e17-4997-aa3c-0eec44084e36-43 [memory: 64MB, platform: PAPER/1.21]
2026-08-25 22:55:49.638  INFO 23832--- [pool-6-thread-1] de.polocloud.node.services.queue.ServiceQueue : Queued lobby-57fec85e-8e17-4997-aa3c-0eec44084e36-43 [memory: 64MB, platform: PAPER/1.21]
2026-08-25 22:55:49.638  INFO 23832--- [pool-6-thread-2] de.polocloud.node.services.queue.ServiceQueue : Queued lobby-57fec85e-8e17-4997-aa3c-0eec44084e36-44 [memory: 64MB, platform: PAPER/1.21]
2026-08-25 22:55:49.638  INFO 23832--- [pool-6-thread-1] de.polocloud.node.services.queue.ServiceQueue : Queued lobby-57fec85e-8e17-4997-aa3c-0eec44084e36-44 [memory: 64MB, platform: PAPER/1.21]
2026-08-25 22:55:49.638  INFO 23832--- [pool-6-thread-2] de.polocloud.node.services.queue.ServiceQueue : Queued lobby-57fec85e-8e17-4997-aa3c-0eec44084e36-45 [memory: 64MB, platform: PAPER/1.21]
2026-08-25 22:55:49.638  INFO 23832--- [pool-6-thread-1] de.polocloud.node.services.queue.ServiceQueue : Queued lobby-57fec85e-8e17-4997-aa3c-0eec44084e36-45 [memory: 64MB, platform: PAPER/1.21]
2026-08-25 22:55:49.638  INFO 23832--- [pool-6-thread-2] de.polocloud.node.services.queue.ServiceQueue : Queued lobby-57fec85e-8e17-4997-aa3c-0eec44084e36-46 [memory: 64MB, platform: PAPER/1.21]
2026-08-25 22:55:49.638  INFO 23832--- [pool-6-thread-1] de.polocloud.node.services.queue.ServiceQueue : Queued lobby-57fec85e-8e17-4997-aa3c-0eec44084e36-46 [memory: 64MB, platform: PAPER/1.21]
2026-08-25 22:55:49.640  INFO 23832--- [pool-6-thread-2] de.polocloud.node.services.queue.ServiceQueue : Queued lobby-57fec85e-8e17-4997-aa3c-0eec44084e36-47 [memory: 64MB, platform: PAPER/1.21]
2026-08-25 22:55:49.640  INFO 23832--- [pool-6-thread-1] de.polocloud.node.services.queue.ServiceQueue : Queued lobby-57fec85e-8e17-4997-aa3c-0eec44084e36-47 [memory: 64MB, platform: PAPER/1.21]
2026-08-25 22:55:49.640  INFO 23832--- [pool-6-thread-2] de.polocloud.node.services.queue.ServiceQueue : Queued lobby-57fec85e-8e17-4997-aa3c-0eec44084e36-48 [memory: 64MB, platform: PAPER/1.21]
2026-08-25 22:55:49.640  INFO 23832--- [pool-6-thread-1] de.polocloud.node.services.queue.ServiceQueue : Queued lobby-57fec85e-8e17-4997-aa3c-0eec44084e36-48 [memory: 64MB, platform: PAPER/1.21]
2026-08-25 22:55:49.640  INFO 23832--- [pool-6-thread-2] de.polocloud.node.services.queue.ServiceQueue : Queued lobby-57fec85e-8e17-4997-aa3c-0eec44084e36-49 [memory: 64MB, platform: PAPER/1.21]
2026-08-25 22:55:49.640  INFO 23832--- [pool-6-thread-1] de.polocloud.node.services.queue.ServiceQueue : Queued lobby-57fec85e-8e17-4997-aa3c-0eec44084e36-49 [memory: 64MB, platform: PAPER/1.21]
2026-08-25 22:55:49.640  INFO 23832--- [pool-6-thread-2] de.polocloud.node.services.queue.ServiceQueue : Queued lobby-57fec85e-8e17-4997-aa3c-0eec44084e36-50 [memory: 64MB, platform: PAPER/1.21]
2026-08-25 22:55:49.640  INFO 23832--- [pool-6-thread-1] de.polocloud.node.services.queue.ServiceQueue : Queued lobby-57fec85e-8e17-4997-aa3c-0eec44084e36-50 [memory: 64MB, platform: PAPER/1.21]
2026-08-25 22:55:49.641  INFO 23832--- [pool-6-thread-2] de.polocloud.node.services.queue.ServiceQueue : Queued lobby-57fec85e-8e17-4997-aa3c-0eec44084e36-51 [memory: 64MB, platform: PAPER/1.21]
2026-08-25 22:55:49.641  INFO 23832--- [pool-6-thread-1] de.polocloud.node.services.queue.ServiceQueue : Queued lobby-57fec85e-8e17-4997-aa3c-0eec44084e36-51 [memory: 64MB, platform: PAPER/1.21]
2026-08-25 22:55:49.641  INFO 23832--- [pool-6-thread-2] de.polocloud.node.services.queue.ServiceQueue : Queued lobby-57fec85e-8e17-4997-aa3c-0eec44084e36-52 [memory: 64MB, platform: PAPER/1.21]
2026-08-25 22:55:49.641  INFO 23832--- [pool-6-thread-1] de.polocloud.node.services.queue.ServiceQueue : Queued lobby-57fec85e-8e17-4997-aa3c-0eec44084e36-52 [memory: 64MB, platform: PAPER/1.21]
2026-08-25 22:55:49.641  INFO 23832--- [pool-6-thread-2] de.polocloud.node.services.queue.ServiceQueue : Queued lobby-57fec85e-8e17-4997-aa3c-0eec44084e36-53 [memory: 64MB, platform: PAPER/1.21]
2026-08-25 22:55:49.641  INFO 23832--- [pool-6-thread-1] de.polocloud.node.services.queue.ServiceQueue : Queued lobby-57fec85e-8e17-4997-aa3c-0eec44084e36-53 [memory: 64MB, platform: PAPER/1.21]
2026-08-25 22:55:49.641  INFO 23832--- [pool-6-thread-2] de.polocloud.node.services.queue.ServiceQueue : Queued lobby-57fec85e-8e17-4997-aa3c-0eec44084e36-54 [memory: 64MB, platform: PAPER/1.21]
2026-08-25 22:55:49.641  INFO 23832--- [pool-6-thread-1] de.polocloud.node.services.queue.ServiceQueue : Queued lobby-57fec85e-8e17-4997-aa3c-0eec44084e36-54 [memory: 64MB, platform: PAPER/1.21]
2026-08-25 22:55:49.642  INFO 23832--- [pool-6-thread-2] de.polocloud.node.services.queue.ServiceQueue : Queued lobby-57fec85e-8e17-4997-aa3c-0eec44084e36-55 [memory: 64MB, platform: PAPER/1.21]
2026-08-25 22:55:49.642  INFO 23832--- [pool-6-thread-1] de.polocloud.node.services.queue.ServiceQueue : Queued lobby-57fec85e-8e17-4997-aa3c-0eec44084e36-55 [memory: 64MB, platform: PAPER/1.21]
2026-08-25 22:55:49.642  INFO 23832--- [pool-6-thread-2] de.polocloud.node.services.queue.ServiceQueue : Queued lobby-57fec85e-8e17-4997-aa3c-0eec44084e36-56 [memory: 64MB, platform: PAPER/1.21]
2026-08-25 22:55:49.642  INFO 23832--- [pool-6-thread-1] de.polocloud.node.services.queue.ServiceQueue : Queued lobby-57fec85e-8e17-4997-aa3c-0eec44084e36-56 [memory: 64MB, platform: PAPER/1.21]
2026-08-25 22:55:49.642  INFO 23832--- [pool-6-thread-2] de.polocloud.node.services.queue.ServiceQueue : Queued lobby-57fec85e-8e17-4997-aa3c-0eec44084e36-57 [memory: 64MB, platform: PAPER/1.21]
2026-08-25 22:55:49.642  INFO 23832--- [pool-6-thread-1] de.polocloud.node.services.queue.ServiceQueue : Queued lobby-57fec85e-8e17-4997-aa3c-0eec44084e36-57 [memory: 64MB, platform: PAPER/1.21]
2026-08-25 22:55:49.642  INFO 23832--- [pool-6-thread-2] de.polocloud.node.services.queue.ServiceQueue : Queued lobby-57fec85e-8e17-4997-aa3c-0eec44084e36-58 [memory: 64MB, platform: PAPER/1.21]
2026-08-25 22:55:49.642  INFO 23832--- [pool-6-thread-1] de.polocloud.node.services.queue.ServiceQueue : Queued lobby-57fec85e-8e17-4997-aa3c-0eec44084e36-58 [memory: 64MB, platform: PAPER/1.21]
2026-08-25 22:55:49.643  INFO 23832--- [pool-6-thread-2] de.polocloud.node.services.queue.ServiceQueue : Queued lobby-57fec85e-8e17-4997-aa3c-0eec44084e36-59 [memory: 64MB, platform: PAPER/1.21]
2026-08-25 22:55:49.643  INFO 23832--- [pool-6-thread-1] de.polocloud.node.services.queue.ServiceQueue : Queued lobby-57fec85e-8e17-4997-aa3c-0eec44084e36-59 [memory: 64MB, platform: PAPER/1.21]
2026-08-25 22:55:49.643  INFO 23832--- [pool-6-thread-2] de.polocloud.node.services.queue.ServiceQueue : Queued lobby-57fec85e-8e17-4997-aa3c-0eec44084e36-60 [memory: 64MB, platform: PAPER/1.21]
2026-08-25 22:55:49.643  INFO 23832--- [pool-6-thread-1] de.polocloud.node.services.queue.ServiceQueue : Queued lobby-57fec85e-8e17-4997-aa3c-0eec44084e36-60 [memory: 64MB, platform: PAPER/1.21]
2026-08-25 22:55:49.643  INFO 23832--- [pool-6-thread-2] de.polocloud.node.services.queue.ServiceQueue : Queued lobby-57fec85e-8e17-4997-aa3c-0eec44084e36-61 [memory: 64MB, platform: PAPER/1.21]
2026-08-25 22:55:49.643  INFO 23832--- [pool-6-thread-1] de.polocloud.node.services.queue.ServiceQueue : Queued lobby-57fec85e-8e17-4997-aa3c-0eec44084e36-61 [memory: 64MB, platform: PAPER/1.21]
2026-08-25 22:55:49.643  INFO 23832--- [pool-6-thread-2] de.polocloud.node.services.queue.ServiceQueue : Queued lobby-57fec85e-8e17-4997-aa3c-0eec44084e36-62 [memory: 64MB, platform: PAPER/1.21]
2026-08-25 22:55:49.644  INFO 23832--- [pool-6-thread-1] de.polocloud.node.services.queue.ServiceQueue : Queued lobby-57fec85e-8e17-4997-aa3c-0eec44084e36-62 [memory: 64MB, platform: PAPER/1.21]
2026-08-25 22:55:49.644  INFO 23832--- [pool-6-thread-2] de.polocloud.node.services.queue.ServiceQueue : Queued lobby-57fec85e-8e17-4997-aa3c-0eec44084e36-63 [memory: 64MB, platform: PAPER/1.21]
2026-08-25 22:55:49.644  INFO 23832--- [pool-6-thread-1] de.polocloud.node.services.queue.ServiceQueue : Queued lobby-57fec85e-8e17-4997-aa3c-0eec44084e36-63 [memory: 64MB, platform: PAPER/1.21]
2026-08-25 22:55:49.644  INFO 23832--- [pool-6-thread-2] de.polocloud.node.services.queue.ServiceQueue : Queued lobby-57fec85e-8e17-4997-aa3c-0eec44084e36-64 [memory: 64MB, platform: PAPER/1.21]
2026-08-25 22:55:49.644  INFO 23832--- [pool-6-thread-1] de.polocloud.node.services.queue.ServiceQueue : Queued lobby-57fec85e-8e17-4997-aa3c-0eec44084e36-64 [memory: 64MB, platform: PAPER/1.21]
2026-08-25 22:55:49.644  INFO 23832--- [pool-6-thread-2] de.polocloud.node.services.queue.ServiceQueue : Queued lobby-57fec85e-8e17-4997-aa3c-0eec44084e36-65 [memory: 64MB, platform: PAPER/1.21]
2026-08-25 22:55:49.644  INFO 23832--- [pool-6-thread-1] de.polocloud.node.services.queue.ServiceQueue : Queued lobby-57fec85e-8e17-4997-aa3c-0eec44084e36-65 [memory: 64MB, platform: PAPER/1.21]
2026-08-25 22:55:49.644  INFO 23832--- [pool-6-thread-2] de.polocloud.node.services.queue.ServiceQueue : Queued lobby-57fec85e-8e17-4997-aa3c-0eec44084e36-66 [memory: 64MB, platform: PAPER/1.21]
2026-08-25 22:55:49.645  INFO 23832--- [pool-6-thread-1] de.polocloud.node.services.queue.ServiceQueue : Queued lobby-57fec85e-8e17-4997-aa3c-0eec44084e36-66 [memory: 64MB, platform: PAPER/1.21]
2026-08-25 22:55:49.645  INFO 23832--- [pool-6-thread-2] de.polocloud.node.services.queue.ServiceQueue : Queued lobby-57fec85e-8e17-4997-aa3c-0eec44084e36-67 [memory: 64MB, platform: PAPER/1.21]
2026-08-25 22:55:49.645  INFO 23832--- [pool-6-thread-1] de.polocloud.node.services.queue.ServiceQueue : Queued lobby-57fec85e-8e17-4997-aa3c-0eec44084e36-67 [memory: 64MB, platform: PAPER/1.21]
2026-08-25 22:55:49.645  INFO 23832--- [pool-6-thread-2] de.polocloud.node.services.queue.ServiceQueue : Queued lobby-57fec85e-8e17-4997-aa3c-0eec44084e36-68 [memory: 64MB, platform: PAPER/1.21]
2026-08-25 22:55:49.645  INFO 23832--- [pool-6-thread-1] de.polocloud.node.services.queue.ServiceQueue : Queued lobby-57fec85e-8e17-4997-aa3c-0eec44084e36-68 [memory: 64MB, platform: PAPER/1.21]
2026-08-25 22:55:49.645  INFO 23832--- [pool-6-thread-2] de.polocloud.node.services.queue.ServiceQueue : Queued lobby-57fec85e-8e17-4997-aa3c-0eec44084e36-69 [memory: 64MB, platform: PAPER/1.21]
2026-08-25 22:55:49.645  INFO 23832--- [pool-6-thread-1] de.polocloud.node.services.queue.ServiceQueue : Queued lobby-57fec85e-8e17-4997-aa3c-0eec44084e36-69 [memory: 64MB, platform: PAPER/1.21]
2026-08-25 22:55:49.645  INFO 23832--- [pool-6-thread-2] de.polocloud.node.services.queue.ServiceQueue : Queued lobby-57fec85e-8e17-4997-aa3c-0eec44084e36-70 [memory: 64MB, platform: PAPER/1.21]
2026-08-25 22:55:49.646  INFO 23832--- [pool-6-thread-1] de.polocloud.node.services.queue.ServiceQueue : Queued lobby-57fec85e-8e17-4997-aa3c-0eec44084e36-70 [memory: 64MB, platform: PAPER/1.21]
2026-08-25 22:55:49.646  INFO 23832--- [pool-6-thread-2] de.polocloud.node.services.queue.ServiceQueue : Queued lobby-57fec85e-8e17-4997-aa3c-0eec44084e36-71 [memory: 64MB, platform: PAPER/1.21]
2026-08-25 22:55:49.646  INFO 23832--- [pool-6-thread-1] de.polocloud.node.services.queue.ServiceQueue : Queued lobby-57fec85e-8e17-4997-aa3c-0eec44084e36-71 [memory: 64MB, platform: PAPER/1.21]
2026-08-25 22:55:49.646  INFO 23832--- [pool-6-thread-2] de.polocloud.node.services.queue.ServiceQueue : Queued lobby-57fec85e-8e17-4997-aa3c-0eec44084e36-72 [memory: 64MB, platform: PAPER/1.21]
2026-08-25 22:55:49.646  INFO 23832--- [pool-6-thread-1] de.polocloud.node.services.queue.ServiceQueue : Queued lobby-57fec85e-8e17-4997-aa3c-0eec44084e36-72 [memory: 64MB, platform: PAPER/1.21]
2026-08-25 22:55:49.646  INFO 23832--- [pool-6-thread-2] de.polocloud.node.services.queue.ServiceQueue : Queued lobby-57fec85e-8e17-4997-aa3c-0eec44084e36-73 [memory: 64MB, platform: PAPER/1.21]
2026-08-25 22:55:49.646  INFO 23832--- [pool-6-thread-1] de.polocloud.node.services.queue.ServiceQueue : Queued lobby-57fec85e-8e17-4997-aa3c-0eec44084e36-73 [memory: 64MB, platform: PAPER/1.21]
2026-08-25 22:55:49.647  INFO 23832--- [pool-6-thread-2] de.polocloud.node.services.queue.ServiceQueue : Queued lobby-57fec85e-8e17-4997-aa3c-0eec44084e36-74 [memory: 64MB, platform: PAPER/1.21]
2026-08-25 22:55:49.647  INFO 23832--- [pool-6-thread-1] de.polocloud.node.services.queue.ServiceQueue : Queued lobby-57fec85e-8e17-4997-aa3c-0eec44084e36-74 [memory: 64MB, platform: PAPER/1.21]
2026-08-25 22:55:49.647  INFO 23832--- [pool-6-thread-2] de.polocloud.node.services.queue.ServiceQueue : Queued lobby-57fec85e-8e17-4997-aa3c-0eec44084e36-75 [memory: 64MB, platform: PAPER/1.21]
2026-08-25 22:55:49.647  INFO 23832--- [pool-6-thread-1] de.polocloud.node.services.queue.ServiceQueue : Queued lobby-57fec85e-8e17-4997-aa3c-0eec44084e36-75 [memory: 64MB, platform: PAPER/1.21]
2026-08-25 22:55:49.647  INFO 23832--- [pool-6-thread-2] de.polocloud.node.services.queue.ServiceQueue : Queued lobby-57fec85e-8e17-4997-aa3c-0eec44084e36-76 [memory: 64MB, platform: PAPER/1.21]
2026-08-25 22:55:49.647  INFO 23832--- [pool-6-thread-1] de.polocloud.node.services.queue.ServiceQueue : Queued lobby-57fec85e-8e17-4997-aa3c-0eec44084e36-76 [memory: 64MB, platform: PAPER/1.21]
2026-08-25 22:55:49.647  INFO 23832--- [pool-6-thread-2] de.polocloud.node.services.queue.ServiceQueue : Queued lobby-57fec85e-8e17-4997-aa3c-0eec44084e36-77 [memory: 64MB, platform: PAPER/1.21]
2026-08-25 22:55:49.647  INFO 23832--- [pool-6-thread-1] de.polocloud.node.services.queue.ServiceQueue : Queued lobby-57fec85e-8e17-4997-aa3c-0eec44084e36-77 [memory: 64MB, platform: PAPER/1.21]
2026-08-25 22:55:49.648  INFO 23832--- [pool-6-thread-2] de.polocloud.node.services.queue.ServiceQueue : Queued lobby-57fec85e-8e17-4997-aa3c-0eec44084e36-78 [memory: 64MB, platform: PAPER/1.21]
2026-08-25 22:55:49.648  INFO 23832--- [pool-6-thread-1] de.polocloud.node.services.queue.ServiceQueue : Queued lobby-57fec85e-8e17-4997-aa3c-0eec44084e36-78 [memory: 64MB, platform: PAPER/1.21]
2026-08-25 22:55:49.648  INFO 23832--- [pool-6-thread-2] de.polocloud.node.services.queue.ServiceQueue : Queued lobby-57fec85e-8e17-4997-aa3c-0eec44084e36-79 [memory: 64MB, platform: PAPER/1.21]
2026-08-25 22:55:49.648  INFO 23832--- [pool-6-thread-1] de.polocloud.node.services.queue.ServiceQueue : Queued lobby-57fec85e-8e17-4997-aa3c-0eec44084e36-79 [memory: 64MB, platform: PAPER/1.21]
2026-08-25 22:55:49.648  INFO 23832--- [pool-6-thread-2] de.polocloud.node.services.queue.ServiceQueue : Queued lobby-57fec85e-8e17-4997-aa3c-0eec44084e36-80 [memory: 64MB, platform: PAPER/1.21]
2026-08-25 22:55:49.648  INFO 23832--- [pool-6-thread-1] de.polocloud.node.services.queue.ServiceQueue : Queued lobby-57fec85e-8e17-4997-aa3c-0eec44084e36-80 [memory: 64MB, platform: PAPER/1.21]
2026-08-25 22:55:49.648  INFO 23832--- [pool-6-thread-2] de.polocloud.node.services.queue.ServiceQueue : Queued lobby-57fec85e-8e17-4997-aa3c-0eec44084e36-81 [memory: 64MB, platform: PAPER/1.21]
2026-08-25 22:55:49.648  INFO 23832--- [pool-6-thread-1] de.polocloud.node.services.queue.ServiceQueue : Queued lobby-57fec85e-8e17-4997-aa3c-0eec44084e36-81 [memory: 64MB, platform: PAPER/1.21]
2026-08-25 22:55:49.649  INFO 23832--- [pool-6-thread-2] de.polocloud.node.services.queue.ServiceQueue : Queued lobby-57fec85e-8e17-4997-aa3c-0eec44084e36-82 [memory: 64MB, platform: PAPER/1.21]
2026-08-25 22:55:49.649  INFO 23832--- [pool-6-thread-1] de.polocloud.node.services.queue.ServiceQueue : Queued lobby-57fec85e-8e17-4997-aa3c-0eec44084e36-82 [memory: 64MB, platform: PAPER/1.21]
2026-08-25 22:55:49.649  INFO 23832--- [pool-6-thread-2] de.polocloud.node.services.queue.ServiceQueue : Queued lobby-57fec85e-8e17-4997-aa3c-0eec44084e36-83 [memory: 64MB, platform: PAPER/1.21]
2026-08-25 22:55:49.649  INFO 23832--- [pool-6-thread-1] de.polocloud.node.services.queue.ServiceQueue : Queued lobby-57fec85e-8e17-4997-aa3c-0eec44084e36-83 [memory: 64MB, platform: PAPER/1.21]
2026-08-25 22:55:49.649  INFO 23832--- [pool-6-thread-2] de.polocloud.node.services.queue.ServiceQueue : Queued lobby-57fec85e-8e17-4997-aa3c-0eec44084e36-84 [memory: 64MB, platform: PAPER/1.21]
2026-08-25 22:55:49.649  INFO 23832--- [pool-6-thread-1] de.polocloud.node.services.queue.ServiceQueue : Queued lobby-57fec85e-8e17-4997-aa3c-0eec44084e36-84 [memory: 64MB, platform: PAPER/1.21]
2026-08-25 22:55:49.649  INFO 23832--- [pool-6-thread-2] de.polocloud.node.services.queue.ServiceQueue : Queued lobby-57fec85e-8e17-4997-aa3c-0eec44084e36-85 [memory: 64MB, platform: PAPER/1.21]
2026-08-25 22:55:49.649  INFO 23832--- [pool-6-thread-1] de.polocloud.node.services.queue.ServiceQueue : Queued lobby-57fec85e-8e17-4997-aa3c-0eec44084e36-85 [memory: 64MB, platform: PAPER/1.21]
2026-08-25 22:55:49.650  INFO 23832--- [pool-6-thread-2] de.polocloud.node.services.queue.ServiceQueue : Queued lobby-57fec85e-8e17-4997-aa3c-0eec44084e36-86 [memory: 64MB, platform: PAPER/1.21]
2026-08-25 22:55:49.650  INFO 23832--- [pool-6-thread-1] de.polocloud.node.services.queue.ServiceQueue : Queued lobby-57fec85e-8e17-4997-aa3c-0eec44084e36-86 [memory: 64MB, platform: PAPER/1.21]
2026-08-25 22:55:49.650  INFO 23832--- [pool-6-thread-2] de.polocloud.node.services.queue.ServiceQueue : Queued lobby-57fec85e-8e17-4997-aa3c-0eec44084e36-87 [memory: 64MB, platform: PAPER/1.21]
2026-08-25 22:55:49.650  INFO 23832--- [pool-6-thread-1] de.polocloud.node.services.queue.ServiceQueue : Queued lobby-57fec85e-8e17-4997-aa3c-0eec44084e36-87 [memory: 64MB, platform: PAPER/1.21]
2026-08-25 22:55:49.650  INFO 23832--- [pool-6-thread-2] de.polocloud.node.services.queue.ServiceQueue : Queued lobby-57fec85e-8e17-4997-aa3c-0eec44084e36-88 [memory: 64MB, platform: PAPER/1.21]
2026-08-25 22:55:49.650  INFO 23832--- [pool-6-thread-1] de.polocloud.node.services.queue.ServiceQueue : Queued lobby-57fec85e-8e17-4997-aa3c-0eec44084e36-88 [memory: 64MB, platform: PAPER/1.21]
2026-08-25 22:55:49.650  INFO 23832--- [pool-6-thread-2] de.polocloud.node.services.queue.ServiceQueue : Queued lobby-57fec85e-8e17-4997-aa3c-0eec44084e36-89 [memory: 64MB, platform: PAPER/1.21]
2026-08-25 22:55:49.650  INFO 23832--- [pool-6-thread-1] de.polocloud.node.services.queue.ServiceQueue : Queued lobby-57fec85e-8e17-4997-aa3c-0eec44084e36-89 [memory: 64MB, platform: PAPER/1.21]
2026-08-25 22:55:49.650  INFO 23832--- [pool-6-thread-2] de.polocloud.node.services.queue.ServiceQueue : Queued lobby-57fec85e-8e17-4997-aa3c-0eec44084e36-90 [memory: 64MB, platform: PAPER/1.21]
2026-08-25 22:55:49.650  INFO 23832--- [pool-6-thread-1] de.polocloud.node.services.queue.ServiceQueue : Queued lobby-57fec85e-8e17-4997-aa3c-0eec44084e36-90 [memory: 64MB, platform: PAPER/1.21]
2026-08-25 22:55:49.650  INFO 23832--- [pool-6-thread-2] de.polocloud.node.services.queue.ServiceQueue : Queued lobby-57fec85e-8e17-4997-aa3c-0eec44084e36-91 [memory: 64MB, platform: PAPER/1.21]
2026-08-25 22:55:49.650  INFO 23832--- [pool-6-thread-1] de.polocloud.node.services.queue.ServiceQueue : Queued lobby-57fec85e-8e17-4997-aa3c-0eec44084e36-91 [memory: 64MB, platform: PAPER/1.21]
2026-08-25 22:55:49.650  INFO 23832--- [pool-6-thread-2] de.polocloud.node.services.queue.ServiceQueue : Queued lobby-57fec85e-8e17-4997-aa3c-0eec44084e36-92 [memory: 64MB, platform: PAPER/1.21]
2026-08-25 22:55:49.651  INFO 23832--- [pool-6-thread-1] de.polocloud.node.services.queue.ServiceQueue : Queued lobby-57fec85e-8e17-4997-aa3c-0eec44084e36-92 [memory: 64MB, platform: PAPER/1.21]
2026-08-25 22:55:49.651  INFO 23832--- [pool-6-thread-2] de.polocloud.node.services.queue.ServiceQueue : Queued lobby-57fec85e-8e17-4997-aa3c-0eec44084e36-93 [memory: 64MB, platform: PAPER/1.21]
2026-08-25 22:55:49.651  INFO 23832--- [pool-6-thread-1] de.polocloud.node.services.queue.ServiceQueue : Queued lobby-57fec85e-8e17-4997-aa3c-0eec44084e36-93 [memory: 64MB, platform: PAPER/1.21]
2026-08-25 22:55:49.651  INFO 23832--- [pool-6-thread-2] de.polocloud.node.services.queue.ServiceQueue : Queued lobby-57fec85e-8e17-4997-aa3c-0eec44084e36-94 [memory: 64MB, platform: PAPER/1.21]
2026-08-25 22:55:49.651  INFO 23832--- [pool-6-thread-1] de.polocloud.node.services.queue.ServiceQueue : Queued lobby-57fec85e-8e17-4997-aa3c-0eec44084e36-94 [memory: 64MB, platform: PAPER/1.21]
2026-08-25 22:55:49.651  INFO 23832--- [pool-6-thread-2] de.polocloud.node.services.queue.ServiceQueue : Queued lobby-57fec85e-8e17-4997-aa3c-0eec44084e36-95 [memory: 64MB, platform: PAPER/1.21]
2026-08-25 22:55:49.651  INFO 23832--- [pool-6-thread-1] de.polocloud.node.services.queue.ServiceQueue : Queued lobby-57fec85e-8e17-4997-aa3c-0eec44084e36-95 [memory: 64MB, platform: PAPER/1.21]
2026-08-25 22:55:49.652  INFO 23832--- [pool-6-thread-2] de.polocloud.node.services.queue.ServiceQueue : Queued lobby-57fec85e-8e17-4997-aa3c-0eec44084e36-96 [memory: 64MB, platform: PAPER/1.21]
2026-08-25 22:55:49.652  INFO 23832--- [pool-6-thread-1] de.polocloud.node.services.queue.ServiceQueue : Queued lobby-57fec85e-8e17-4997-aa3c-0eec44084e36-96 [memory: 64MB, platform: PAPER/1.21]
2026-08-25 22:55:49.652  INFO 23832--- [pool-6-thread-2] de.polocloud.node.services.queue.ServiceQueue : Queued lobby-57fec85e-8e17-4997-aa3c-0eec44084e36-97 [memory: 64MB, platform: PAPER/1.21]
2026-08-25 22:55:49.652  INFO 23832--- [pool-6-thread-1] de.polocloud.node.services.queue.ServiceQueue : Queued lobby-57fec85e-8e17-4997-aa3c-0eec44084e36-97 [memory: 64MB, platform: PAPER/1.21]
2026-08-25 22:55:49.652  INFO 23832--- [pool-6-thread-2] de.polocloud.node.services.queue.ServiceQueue : Queued lobby-57fec85e-8e17-4997-aa3c-0eec44084e36-98 [memory: 64MB, platform: PAPER/1.21]
2026-08-25 22:55:49.652  INFO 23832--- [pool-6-thread-1] de.polocloud.node.services.queue.ServiceQueue : Queued lobby-57fec85e-8e17-4997-aa3c-0eec44084e36-98 [memory: 64MB, platform: PAPER/1.21]
2026-08-25 22:55:49.653  INFO 23832--- [pool-6-thread-2] de.polocloud.node.services.queue.ServiceQueue : Queued lobby-57fec85e-8e17-4997-aa3c-0eec44084e36-99 [memory: 64MB, platform: PAPER/1.21]
2026-08-25 22:55:49.653  INFO 23832--- [pool-6-thread-1] de.polocloud.node.services.queue.ServiceQueue : Queued lobby-57fec85e-8e17-4997-aa3c-0eec44084e36-99 [memory: 64MB, platform: PAPER/1.21]
2026-08-25 22:55:49.653  INFO 23832--- [pool-6-thread-2] de.polocloud.node.services.queue.ServiceQueue : Queued lobby-57fec85e-8e17-4997-aa3c-0eec44084e36-100 [memory: 64MB, platform: PAPER/1.21]
2026-08-25 22:55:49.653  INFO 23832--- [pool-6-thread-1] de.polocloud.node.services.queue.ServiceQueue : Queued lobby-57fec85e-8e17-4997-aa3c-0eec44084e36-100 [memory: 64MB, platform: PAPER/1.21]
2026-08-25 22:55:49.653  INFO 23832--- [pool-6-thread-2] de.polocloud.node.services.queue.ServiceQueue : Queued lobby-57fec85e-8e17-4997-aa3c-0eec44084e36-101 [memory: 64MB, platform: PAPER/1.21]
2026-08-25 22:55:49.653  INFO 23832--- [pool-6-thread-1] de.polocloud.node.services.queue.ServiceQueue : Queued lobby-57fec85e-8e17-4997-aa3c-0eec44084e36-101 [memory: 64MB, platform: PAPER/1.21]
2026-08-25 22:55:49.653  INFO 23832--- [pool-6-thread-2] de.polocloud.node.services.queue.ServiceQueue : Queued lobby-57fec85e-8e17-4997-aa3c-0eec44084e36-102 [memory: 64MB, platform: PAPER/1.21]
2026-08-25 22:55:49.654  INFO 23832--- [pool-6-thread-1] de.polocloud.node.services.queue.ServiceQueue : Queued lobby-57fec85e-8e17-4997-aa3c-0eec44084e36-102 [memory: 64MB, platform: PAPER/1.21]
2026-08-25 22:55:49.654  INFO 23832--- [pool-6-thread-2] de.polocloud.node.services.queue.ServiceQueue : Queued lobby-57fec85e-8e17-4997-aa3c-0eec44084e36-103 [memory: 64MB, platform: PAPER/1.21]
2026-08-25 22:55:49.654  INFO 23832--- [pool-6-thread-1] de.polocloud.node.services.queue.ServiceQueue : Queued lobby-57fec85e-8e17-4997-aa3c-0eec44084e36-103 [memory: 64MB, platform: PAPER/1.21]
2026-08-25 22:55:49.654  INFO 23832--- [pool-6-thread-2] de.polocloud.node.services.queue.ServiceQueue : Queued lobby-57fec85e-8e17-4997-aa3c-0eec44084e36-104 [memory: 64MB, platform: PAPER/1.21]
2026-08-25 22:55:49.654  INFO 23832--- [pool-6-thread-1] de.polocloud.node.services.queue.ServiceQueue : Queued lobby-57fec85e-8e17-4997-aa3c-0eec44084e36-104 [memory: 64MB, platform: PAPER/1.21]
2026-08-25 22:55:49.654  INFO 23832--- [pool-6-thread-2] de.polocloud.node.services.queue.ServiceQueue : Queued lobby-57fec85e-8e17-4997-aa3c-0eec44084e36-105 [memory: 64MB, platform: PAPER/1.21]
2026-08-25 22:55:49.654  INFO 23832--- [pool-6-thread-1] de.polocloud.node.services.queue.ServiceQueue : Queued lobby-57fec85e-8e17-4997-aa3c-0eec44084e36-105 [memory: 64MB, platform: PAPER/1.21]
2026-08-25 22:55:49.654  INFO 23832--- [pool-6-thread-2] de.polocloud.node.services.queue.ServiceQueue : Queued lobby-57fec85e-8e17-4997-aa3c-0eec44084e36-106 [memory: 64MB, platform: PAPER/1.21]
2026-08-25 22:55:49.655  INFO 23832--- [pool-6-thread-1] de.polocloud.node.services.queue.ServiceQueue : Queued lobby-57fec85e-8e17-4997-aa3c-0eec44084e36-106 [memory: 64MB, platform: PAPER/1.21]
2026-08-25 22:55:49.655  INFO 23832--- [pool-6-thread-2] de.polocloud.node.services.queue.ServiceQueue : Queued lobby-57fec85e-8e17-4997-aa3c-0eec44084e36-107 [memory: 64MB, platform: PAPER/1.21]
2026-08-25 22:55:49.655  INFO 23832--- [pool-6-thread-1] de.polocloud.node.services.queue.ServiceQueue : Queued lobby-57fec85e-8e17-4997-aa3c-0eec44084e36-107 [memory: 64MB, platform: PAPER/1.21]
2026-08-25 22:55:49.655  INFO 23832--- [pool-6-thread-2] de.polocloud.node.services.queue.ServiceQueue : Queued lobby-57fec85e-8e17-4997-aa3c-0eec44084e36-108 [memory: 64MB, platform: PAPER/1.21]
2026-08-25 22:55:49.655  INFO 23832--- [pool-6-thread-1] de.polocloud.node.services.queue.ServiceQueue : Queued lobby-57fec85e-8e17-4997-aa3c-0eec44084e36-108 [memory: 64MB, platform: PAPER/1.21]
2026-08-25 22:55:49.655  INFO 23832--- [pool-6-thread-2] de.polocloud.node.services.queue.ServiceQueue : Queued lobby-57fec85e-8e17-4997-aa3c-0eec44084e36-109 [memory: 64MB, platform: PAPER/1.21]
2026-08-25 22:55:49.655  INFO 23832--- [pool-6-thread-1] de.polocloud.node.services.queue.ServiceQueue : Queued lobby-57fec85e-8e17-4997-aa3c-0eec44084e36-109 [memory: 64MB, platform: PAPER/1.21]
2026-08-25 22:55:49.655  INFO 23832--- [pool-6-thread-2] de.polocloud.node.services.queue.ServiceQueue : Queued lobby-57fec85e-8e17-4997-aa3c-0eec44084e36-110 [memory: 64MB, platform: PAPER/1.21]
2026-08-25 22:55:49.656  INFO 23832--- [pool-6-thread-1] de.polocloud.node.services.queue.ServiceQueue : Queued lobby-57fec85e-8e17-4997-aa3c-0eec44084e36-110 [memory: 64MB, platform: PAPER/1.21]
2026-08-25 22:55:49.656  INFO 23832--- [pool-6-thread-2] de.polocloud.node.services.queue.ServiceQueue : Queued lobby-57fec85e-8e17-4997-aa3c-0eec44084e36-111 [memory: 64MB, platform: PAPER/1.21]
2026-08-25 22:55:49.656  INFO 23832--- [pool-6-thread-1] de.polocloud.node.services.queue.ServiceQueue : Queued lobby-57fec85e-8e17-4997-aa3c-0eec44084e36-111 [memory: 64MB, platform: PAPER/1.21]
2026-08-25 22:55:49.656  INFO 23832--- [pool-6-thread-2] de.polocloud.node.services.queue.ServiceQueue : Queued lobby-57fec85e-8e17-4997-aa3c-0eec44084e36-112 [memory: 64MB, platform: PAPER/1.21]
2026-08-25 22:55:49.656  INFO 23832--- [pool-6-thread-1] de.polocloud.node.services.queue.ServiceQueue : Queued lobby-57fec85e-8e17-4997-aa3c-0eec44084e36-112 [memory: 64MB, platform: PAPER/1.21]
2026-08-25 22:55:49.656  INFO 23832--- [pool-6-thread-2] de.polocloud.node.services.queue.ServiceQueue : Queued lobby-57fec85e-8e17-4997-aa3c-0eec44084e36-113 [memory: 64MB, platform: PAPER/1.21]
2026-08-25 22:55:49.657  INFO 23832--- [pool-6-thread-1] de.polocloud.node.services.queue.ServiceQueue : Queued lobby-57fec85e-8e17-4997-aa3c-0eec44084e36-113 [memory: 64MB, platform: PAPER/1.21]
2026-08-25 22:55:49.657  INFO 23832--- [pool-6-thread-2] de.polocloud.node.services.queue.ServiceQueue : Queued lobby-57fec85e-8e17-4997-aa3c-0eec44084e36-114 [memory: 64MB, platform: PAPER/1.21]
2026-08-25 22:55:49.657  INFO 23832--- [pool-6-thread-1] de.polocloud.node.services.queue.ServiceQueue : Queued lobby-57fec85e-8e17-4997-aa3c-0eec44084e36-114 [memory: 64MB, platform: PAPER/1.21]
2026-08-25 22:55:49.657  INFO 23832--- [pool-6-thread-2] de.polocloud.node.services.queue.ServiceQueue : Queued lobby-57fec85e-8e17-4997-aa3c-0eec44084e36-115 [memory: 64MB, platform: PAPER/1.21]
2026-08-25 22:55:49.657  INFO 23832--- [pool-6-thread-1] de.polocloud.node.services.queue.ServiceQueue : Queued lobby-57fec85e-8e17-4997-aa3c-0eec44084e36-115 [memory: 64MB, platform: PAPER/1.21]
2026-08-25 22:55:49.657  INFO 23832--- [pool-6-thread-2] de.polocloud.node.services.queue.ServiceQueue : Queued lobby-57fec85e-8e17-4997-aa3c-0eec44084e36-116 [memory: 64MB, platform: PAPER/1.21]
2026-08-25 22:55:49.657  INFO 23832--- [pool-6-thread-1] de.polocloud.node.services.queue.ServiceQueue : Queued lobby-57fec85e-8e17-4997-aa3c-0eec44084e36-116 [memory: 64MB, platform: PAPER/1.21]
2026-08-25 22:55:49.658  INFO 23832--- [pool-6-thread-2] de.polocloud.node.services.queue.ServiceQueue : Queued lobby-57fec85e-8e17-4997-aa3c-0eec44084e36-117 [memory: 64MB, platform: PAPER/1.21]
2026-08-25 22:55:49.658  INFO 23832--- [pool-6-thread-1] de.polocloud.node.services.queue.ServiceQueue : Queued lobby-57fec85e-8e17-4997-aa3c-0eec44084e36-117 [memory: 64MB, platform: PAPER/1.21]
2026-08-25 22:55:49.658  INFO 23832--- [pool-6-thread-2] de.polocloud.node.services.queue.ServiceQueue : Queued lobby-57fec85e-8e17-4997-aa3c-0eec44084e36-118 [memory: 64MB, platform: PAPER/1.21]
2026-08-25 22:55:49.658  INFO 23832--- [pool-6-thread-1] de.polocloud.node.services.queue.ServiceQueue : Queued lobby-57fec85e-8e17-4997-aa3c-0eec44084e36-118 [memory: 64MB, platform: PAPER/1.21]
2026-08-25 22:55:49.658  INFO 23832--- [pool-6-thread-2] de.polocloud.node.services.queue.ServiceQueue : Queued lobby-57fec85e-8e17-4997-aa3c-0eec44084e36-119 [memory: 64MB, platform: PAPER/1.21]
2026-08-25 22:55:49.658  INFO 23832--- [pool-6-thread-1] de.polocloud.node.services.queue.ServiceQueue : Queued lobby-57fec85e-8e17-4997-aa3c-0eec44084e36-119 [memory: 64MB, platform: PAPER/1.21]
2026-08-25 22:55:49.658  INFO 23832--- [pool-6-thread-2] de.polocloud.node.services.queue.ServiceQueue : Queued lobby-57fec85e-8e17-4997-aa3c-0eec44084e36-120 [memory: 64MB, platform: PAPER/1.21]
2026-08-25 22:55:49.658  INFO 23832--- [pool-6-thread-1] de.polocloud.node.services.queue.ServiceQueue : Queued lobby-57fec85e-8e17-4997-aa3c-0eec44084e36-120 [memory: 64MB, platform: PAPER/1.21]
2026-08-25 22:55:49.658  INFO 23832--- [pool-6-thread-2] de.polocloud.node.services.queue.ServiceQueue : Queued lobby-57fec85e-8e17-4997-aa3c-0eec44084e36-121 [memory: 64MB, platform: PAPER/1.21]
2026-08-25 22:55:49.660  INFO 23832--- [pool-6-thread-1] de.polocloud.node.services.queue.ServiceQueue : Queued lobby-57fec85e-8e17-4997-aa3c-0eec44084e36-121 [memory: 64MB, platform: PAPER/1.21]
2026-08-25 22:55:49.660  INFO 23832--- [pool-6-thread-2] de.polocloud.node.services.queue.ServiceQueue : Queued lobby-57fec85e-8e17-4997-aa3c-0eec44084e36-122 [memory: 64MB, platform: PAPER/1.21]
2026-08-25 22:55:49.660  INFO 23832--- [pool-6-thread-1] de.polocloud.node.services.queue.ServiceQueue : Queued lobby-57fec85e-8e17-4997-aa3c-0eec44084e36-122 [memory: 64MB, platform: PAPER/1.21]
2026-08-25 22:55:49.660  INFO 23832--- [pool-6-thread-2] de.polocloud.node.services.queue.ServiceQueue : Queued lobby-57fec85e-8e17-4997-aa3c-0eec44084e36-123 [memory: 64MB, platform: PAPER/1.21]
2026-08-25 22:55:49.660  INFO 23832--- [pool-6-thread-1] de.polocloud.node.services.queue.ServiceQueue : Queued lobby-57fec85e-8e17-4997-aa3c-0eec44084e36-123 [memory: 64MB, platform: PAPER/1.21]
2026-08-25 22:55:49.660  INFO 23832--- [pool-6-thread-2] de.polocloud.node.services.queue.ServiceQueue : Queued lobby-57fec85e-8e17-4997-aa3c-0eec44084e36-124 [memory: 64MB, platform: PAPER/1.21]
2026-08-25 22:55:49.661  INFO 23832--- [pool-6-thread-1] de.polocloud.node.services.queue.ServiceQueue : Queued lobby-57fec85e-8e17-4997-aa3c-0eec44084e36-124 [memory: 64MB, platform: PAPER/1.21]
2026-08-25 22:55:49.661  INFO 23832--- [pool-6-thread-2] de.polocloud.node.services.queue.ServiceQueue : Queued lobby-57fec85e-8e17-4997-aa3c-0eec44084e36-125 [memory: 64MB, platform: PAPER/1.21]
2026-08-25 22:55:49.661  INFO 23832--- [pool-6-thread-1] de.polocloud.node.services.queue.ServiceQueue : Queued lobby-57fec85e-8e17-4997-aa3c-0eec44084e36-125 [memory: 64MB, platform: PAPER/1.21]
2026-08-25 22:55:49.661  INFO 23832--- [pool-6-thread-2] de.polocloud.node.services.queue.ServiceQueue : Queued lobby-57fec85e-8e17-4997-aa3c-0eec44084e36-126 [memory: 64MB, platform: PAPER/1.21]
2026-08-25 22:55:49.661  INFO 23832--- [pool-6-thread-1] de.polocloud.node.services.queue.ServiceQueue : Queued lobby-57fec85e-8e17-4997-aa3c-0eec44084e36-126 [memory: 64MB, platform: PAPER/1.21]
2026-08-25 22:55:49.661  INFO 23832--- [pool-6-thread-2] de.polocloud.node.services.queue.ServiceQueue : Queued lobby-57fec85e-8e17-4997-aa3c-0eec44084e36-127 [memory: 64MB, platform: PAPER/1.21]
2026-08-25 22:55:49.661  INFO 23832--- [pool-6-thread-1] de.polocloud.node.services.queue.ServiceQueue : Queued lobby-57fec85e-8e17-4997-aa3c-0eec44084e36-127 [memory: 64MB, platform: PAPER/1.21]
2026-08-25 22:55:49.662  INFO 23832--- [pool-6-thread-2] de.polocloud.node.services.queue.ServiceQueue : Queued lobby-57fec85e-8e17-4997-aa3c-0eec44084e36-128 [memory: 64MB, platform: PAPER/1.21]
2026-08-25 22:55:49.662  INFO 23832--- [pool-6-thread-1] de.polocloud.node.services.queue.ServiceQueue : Queued lobby-57fec85e-8e17-4997-aa3c-0eec44084e36-128 [memory: 64MB, platform: PAPER/1.21]
2026-08-25 22:55:49.662  INFO 23832--- [pool-6-thread-2] de.polocloud.node.services.queue.ServiceQueue : Queued lobby-57fec85e-8e17-4997-aa3c-0eec44084e36-129 [memory: 64MB, platform: PAPER/1.21]
2026-08-25 22:55:49.662  INFO 23832--- [pool-6-thread-1] de.polocloud.node.services.queue.ServiceQueue : Queued lobby-57fec85e-8e17-4997-aa3c-0eec44084e36-129 [memory: 64MB, platform: PAPER/1.21]
2026-08-25 22:55:49.662  INFO 23832--- [pool-6-thread-2] de.polocloud.node.services.queue.ServiceQueue : Queued lobby-57fec85e-8e17-4997-aa3c-0eec44084e36-130 [memory: 64MB, platform: PAPER/1.21]
2026-08-25 22:55:49.662  INFO 23832--- [pool-6-thread-1] de.polocloud.node.services.queue.ServiceQueue : Queued lobby-57fec85e-8e17-4997-aa3c-0eec44084e36-130 [memory: 64MB, platform: PAPER/1.21]
2026-08-25 22:55:49.663  INFO 23832--- [pool-6-thread-2] de.polocloud.node.services.queue.ServiceQueue : Queued lobby-57fec85e-8e17-4997-aa3c-0eec44084e36-131 [memory: 64MB, platform: PAPER/1.21]
2026-08-25 22:55:49.663  INFO 23832--- [pool-6-thread-1] de.polocloud.node.services.queue.ServiceQueue : Queued lobby-57fec85e-8e17-4997-aa3c-0eec44084e36-131 [memory: 64MB, platform: PAPER/1.21]
2026-08-25 22:55:49.663  INFO 23832--- [pool-6-thread-2] de.polocloud.node.services.queue.ServiceQueue : Queued lobby-57fec85e-8e17-4997-aa3c-0eec44084e36-132 [memory: 64MB, platform: PAPER/1.21]
2026-08-25 22:55:49.663  INFO 23832--- [pool-6-thread-1] de.polocloud.node.services.queue.ServiceQueue : Queued lobby-57fec85e-8e17-4997-aa3c-0eec44084e36-132 [memory: 64MB, platform: PAPER/1.21]
2026-08-25 22:55:49.663  INFO 23832--- [pool-6-thread-2] de.polocloud.node.services.queue.ServiceQueue : Queued lobby-57fec85e-8e17-4997-aa3c-0eec44084e36-133 [memory: 64MB, platform: PAPER/1.21]
2026-08-25 22:55:49.663  INFO 23832--- [pool-6-thread-1] de.polocloud.node.services.queue.ServiceQueue : Queued lobby-57fec85e-8e17-4997-aa3c-0eec44084e36-133 [memory: 64MB, platform: PAPER/1.21]
2026-08-25 22:55:49.663  INFO 23832--- [pool-6-thread-2] de.polocloud.node.services.queue.ServiceQueue : Queued lobby-57fec85e-8e17-4997-aa3c-0eec44084e36-134 [memory: 64MB, platform: PAPER/1.21]
2026-08-25 22:55:49.663  INFO 23832--- [pool-6-thread-1] de.polocloud.node.services.queue.ServiceQueue : Queued lobby-57fec85e-8e17-4997-aa3c-0eec44084e36-134 [memory: 64MB, platform: PAPER/1.21]
2026-08-25 22:55:49.663  INFO 23832--- [pool-6-thread-2] de.polocloud.node.services.queue.ServiceQueue : Queued lobby-57fec85e-8e17-4997-aa3c-0eec44084e36-135 [memory: 64MB, platform: PAPER/1.21]
2026-08-25 22:55:49.663  INFO 23832--- [pool-6-thread-1] de.polocloud.node.services.queue.ServiceQueue : Queued lobby-57fec85e-8e17-4997-aa3c-0eec44084e36-135 [memory: 64MB, platform: PAPER/1.21]
2026-08-25 22:55:49.663  INFO 23832--- [pool-6-thread-2] de.polocloud.node.services.queue.ServiceQueue : Queued lobby-57fec85e-8e17-4997-aa3c-0eec44084e36-136 [memory: 64MB, platform: PAPER/1.21]
2026-08-25 22:55:49.664  INFO 23832--- [pool-6-thread-1] de.polocloud.node.services.queue.ServiceQueue : Queued lobby-57fec85e-8e17-4997-aa3c-0eec44084e36-136 [memory: 64MB, platform: PAPER/1.21]
2026-08-25 22:55:49.664  INFO 23832--- [pool-6-thread-2] de.polocloud.node.services.queue.ServiceQueue : Queued lobby-57fec85e-8e17-4997-aa3c-0eec44084e36-137 [memory: 64MB, platform: PAPER/1.21]
2026-08-25 22:55:49.664  INFO 23832--- [pool-6-thread-1] de.polocloud.node.services.queue.ServiceQueue : Queued lobby-57fec85e-8e17-4997-aa3c-0eec44084e36-137 [memory: 64MB, platform: PAPER/1.21]
2026-08-25 22:55:49.664  INFO 23832--- [pool-6-thread-2] de.polocloud.node.services.queue.ServiceQueue : Queued lobby-57fec85e-8e17-4997-aa3c-0eec44084e36-138 [memory: 64MB, platform: PAPER/1.21]
2026-08-25 22:55:49.664  INFO 23832--- [pool-6-thread-1] de.polocloud.node.services.queue.ServiceQueue : Queued lobby-57fec85e-8e17-4997-aa3c-0eec44084e36-138 [memory: 64MB, platform: PAPER/1.21]
2026-08-25 22:55:49.664  INFO 23832--- [pool-6-thread-2] de.polocloud.node.services.queue.ServiceQueue : Queued lobby-57fec85e-8e17-4997-aa3c-0eec44084e36-139 [memory: 64MB, platform: PAPER/1.21]
2026-08-25 22:55:49.665  INFO 23832--- [pool-6-thread-1] de.polocloud.node.services.queue.ServiceQueue : Queued lobby-57fec85e-8e17-4997-aa3c-0eec44084e36-139 [memory: 64MB, platform: PAPER/1.21]
2026-08-25 22:55:49.665  INFO 23832--- [pool-6-thread-2] de.polocloud.node.services.queue.ServiceQueue : Queued lobby-57fec85e-8e17-4997-aa3c-0eec44084e36-140 [memory: 64MB, platform: PAPER/1.21]
2026-08-25 22:55:49.665  INFO 23832--- [pool-6-thread-1] de.polocloud.node.services.queue.ServiceQueue : Queued lobby-57fec85e-8e17-4997-aa3c-0eec44084e36-140 [memory: 64MB, platform: PAPER/1.21]
2026-08-25 22:55:49.665  INFO 23832--- [pool-6-thread-2] de.polocloud.node.services.queue.ServiceQueue : Queued lobby-57fec85e-8e17-4997-aa3c-0eec44084e36-141 [memory: 64MB, platform: PAPER/1.21]
2026-08-25 22:55:49.665  INFO 23832--- [pool-6-thread-1] de.polocloud.node.services.queue.ServiceQueue : Queued lobby-57fec85e-8e17-4997-aa3c-0eec44084e36-141 [memory: 64MB, platform: PAPER/1.21]
2026-08-25 22:55:49.665  INFO 23832--- [pool-6-thread-2] de.polocloud.node.services.queue.ServiceQueue : Queued lobby-57fec85e-8e17-4997-aa3c-0eec44084e36-142 [memory: 64MB, platform: PAPER/1.21]
2026-08-25 22:55:49.665  INFO 23832--- [pool-6-thread-1] de.polocloud.node.services.queue.ServiceQueue : Queued lobby-57fec85e-8e17-4997-aa3c-0eec44084e36-142 [memory: 64MB, platform: PAPER/1.21]
2026-08-25 22:55:49.666  INFO 23832--- [pool-6-thread-2] de.polocloud.node.services.queue.ServiceQueue : Queued lobby-57fec85e-8e17-4997-aa3c-0eec44084e36-143 [memory: 64MB, platform: PAPER/1.21]
2026-08-25 22:55:49.666  INFO 23832--- [pool-6-thread-1] de.polocloud.node.services.queue.ServiceQueue : Queued lobby-57fec85e-8e17-4997-aa3c-0eec44084e36-143 [memory: 64MB, platform: PAPER/1.21]
2026-08-25 22:55:49.666  INFO 23832--- [pool-6-thread-2] de.polocloud.node.services.queue.ServiceQueue : Queued lobby-57fec85e-8e17-4997-aa3c-0eec44084e36-144 [memory: 64MB, platform: PAPER/1.21]
2026-08-25 22:55:49.666  INFO 23832--- [pool-6-thread-1] de.polocloud.node.services.queue.ServiceQueue : Queued lobby-57fec85e-8e17-4997-aa3c-0eec44084e36-144 [memory: 64MB, platform: PAPER/1.21]
2026-08-25 22:55:49.666  INFO 23832--- [pool-6-thread-2] de.polocloud.node.services.queue.ServiceQueue : Queued lobby-57fec85e-8e17-4997-aa3c-0eec44084e36-145 [memory: 64MB, platform: PAPER/1.21]
2026-08-25 22:55:49.666  INFO 23832--- [pool-6-thread-1] de.polocloud.node.services.queue.ServiceQueue : Queued lobby-57fec85e-8e17-4997-aa3c-0eec44084e36-145 [memory: 64MB, platform: PAPER/1.21]
2026-08-25 22:55:49.666  INFO 23832--- [pool-6-thread-2] de.polocloud.node.services.queue.ServiceQueue : Queued lobby-57fec85e-8e17-4997-aa3c-0eec44084e36-146 [memory: 64MB, platform: PAPER/1.21]
2026-08-25 22:55:49.667  INFO 23832--- [pool-6-thread-1] de.polocloud.node.services.queue.ServiceQueue : Queued lobby-57fec85e-8e17-4997-aa3c-0eec44084e36-146 [memory: 64MB, platform: PAPER/1.21]
2026-08-25 22:55:49.667  INFO 23832--- [pool-6-thread-2] de.polocloud.node.services.queue.ServiceQueue : Queued lobby-57fec85e-8e17-4997-aa3c-0eec44084e36-147 [memory: 64MB, platform: PAPER/1.21]
2026-08-25 22:55:49.667  INFO 23832--- [pool-6-thread-1] de.polocloud.node.services.queue.ServiceQueue : Queued lobby-57fec85e-8e17-4997-aa3c-0eec44084e36-147 [memory: 64MB, platform: PAPER/1.21]
2026-08-25 22:55:49.667  INFO 23832--- [pool-6-thread-2] de.polocloud.node.services.queue.ServiceQueue : Queued lobby-57fec85e-8e17-4997-aa3c-0eec44084e36-148 [memory: 64MB, platform: PAPER/1.21]
2026-08-25 22:55:49.667  INFO 23832--- [pool-6-thread-1] de.polocloud.node.services.queue.ServiceQueue : Queued lobby-57fec85e-8e17-4997-aa3c-0eec44084e36-148 [memory: 64MB, platform: PAPER/1.21]
2026-08-25 22:55:49.667  INFO 23832--- [pool-6-thread-2] de.polocloud.node.services.queue.ServiceQueue : Queued lobby-57fec85e-8e17-4997-aa3c-0eec44084e36-149 [memory: 64MB, platform: PAPER/1.21]
2026-08-25 22:55:49.667  INFO 23832--- [pool-6-thread-1] de.polocloud.node.services.queue.ServiceQueue : Queued lobby-57fec85e-8e17-4997-aa3c-0eec44084e36-149 [memory: 64MB, platform: PAPER/1.21]
2026-08-25 22:55:49.668  INFO 23832--- [pool-6-thread-2] de.polocloud.node.services.queue.ServiceQueue : Queued lobby-57fec85e-8e17-4997-aa3c-0eec44084e36-150 [memory: 64MB, platform: PAPER/1.21]
2026-08-25 22:55:49.668  INFO 23832--- [pool-6-thread-1] de.polocloud.node.services.queue.ServiceQueue : Queued lobby-57fec85e-8e17-4997-aa3c-0eec44084e36-150 [memory: 64MB, platform: PAPER/1.21]
2026-08-25 22:55:49.668  INFO 23832--- [pool-6-thread-1] de.polocloud.node.services.queue.ServiceQueue : Queued lobby-57fec85e-8e17-4997-aa3c-0eec44084e36-151 [memory: 64MB, platform: PAPER/1.21]
2026-08-25 22:55:49.668  INFO 23832--- [pool-6-thread-2] de.polocloud.node.services.queue.ServiceQueue : Queued lobby-57fec85e-8e17-4997-aa3c-0eec44084e36-151 [memory: 64MB, platform: PAPER/1.21]
2026-08-25 22:55:49.668  INFO 23832--- [pool-6-thread-1] de.polocloud.node.services.queue.ServiceQueue : Queued lobby-57fec85e-8e17-4997-aa3c-0eec44084e36-152 [memory: 64MB, platform: PAPER/1.21]
2026-08-25 22:55:49.668  INFO 23832--- [pool-6-thread-2] de.polocloud.node.services.queue.ServiceQueue : Queued lobby-57fec85e-8e17-4997-aa3c-0eec44084e36-152 [memory: 64MB, platform: PAPER/1.21]
2026-08-25 22:55:49.668  INFO 23832--- [pool-6-thread-1] de.polocloud.node.services.queue.ServiceQueue : Queued lobby-57fec85e-8e17-4997-aa3c-0eec44084e36-153 [memory: 64MB, platform: PAPER/1.21]
2026-08-25 22:55:49.668  INFO 23832--- [pool-6-thread-2] de.polocloud.node.services.queue.ServiceQueue : Queued lobby-57fec85e-8e17-4997-aa3c-0eec44084e36-153 [memory: 64MB, platform: PAPER/1.21]
2026-08-25 22:55:49.670  INFO 23832--- [pool-6-thread-1] de.polocloud.node.services.queue.ServiceQueue : Queued lobby-57fec85e-8e17-4997-aa3c-0eec44084e36-154 [memory: 64MB, platform: PAPER/1.21]
2026-08-25 22:55:49.670  INFO 23832--- [pool-6-thread-2] de.polocloud.node.services.queue.ServiceQueue : Queued lobby-57fec85e-8e17-4997-aa3c-0eec44084e36-154 [memory: 64MB, platform: PAPER/1.21]
2026-08-25 22:55:49.670  INFO 23832--- [pool-6-thread-1] de.polocloud.node.services.queue.ServiceQueue : Queued lobby-57fec85e-8e17-4997-aa3c-0eec44084e36-155 [memory: 64MB, platform: PAPER/1.21]
2026-08-25 22:55:49.670  INFO 23832--- [pool-6-thread-2] de.polocloud.node.services.queue.ServiceQueue : Queued lobby-57fec85e-8e17-4997-aa3c-0eec44084e36-155 [memory: 64MB, platform: PAPER/1.21]
2026-08-25 22:55:49.670  INFO 23832--- [pool-6-thread-1] de.polocloud.node.services.queue.ServiceQueue : Queued lobby-57fec85e-8e17-4997-aa3c-0eec44084e36-156 [memory: 64MB, platform: PAPER/1.21]
2026-08-25 22:55:49.670  INFO 23832--- [pool-6-thread-2] de.polocloud.node.services.queue.ServiceQueue : Queued lobby-57fec85e-8e17-4997-aa3c-0eec44084e36-156 [memory: 64MB, platform: PAPER/1.21]
2026-08-25 22:55:49.671  INFO 23832--- [pool-6-thread-1] de.polocloud.node.services.queue.ServiceQueue : Queued lobby-57fec85e-8e17-4997-aa3c-0eec44084e36-157 [memory: 64MB, platform: PAPER/1.21]
2026-08-25 22:55:49.671  INFO 23832--- [pool-6-thread-2] de.polocloud.node.services.queue.ServiceQueue : Queued lobby-57fec85e-8e17-4997-aa3c-0eec44084e36-157 [memory: 64MB, platform: PAPER/1.21]
2026-08-25 22:55:49.671  INFO 23832--- [pool-6-thread-1] de.polocloud.node.services.queue.ServiceQueue : Queued lobby-57fec85e-8e17-4997-aa3c-0eec44084e36-158 [memory: 64MB, platform: PAPER/1.21]
2026-08-25 22:55:49.671  INFO 23832--- [pool-6-thread-2] de.polocloud.node.services.queue.ServiceQueue : Queued lobby-57fec85e-8e17-4997-aa3c-0eec44084e36-158 [memory: 64MB, platform: PAPER/1.21]
2026-08-25 22:55:49.671  INFO 23832--- [pool-6-thread-1] de.polocloud.node.services.queue.ServiceQueue : Queued lobby-57fec85e-8e17-4997-aa3c-0eec44084e36-159 [memory: 64MB, platform: PAPER/1.21]
2026-08-25 22:55:49.671  INFO 23832--- [pool-6-thread-2] de.polocloud.node.services.queue.ServiceQueue : Queued lobby-57fec85e-8e17-4997-aa3c-0eec44084e36-159 [memory: 64MB, platform: PAPER/1.21]
2026-08-25 22:55:49.671  INFO 23832--- [pool-6-thread-1] de.polocloud.node.services.queue.ServiceQueue : Queued lobby-57fec85e-8e17-4997-aa3c-0eec44084e36-160 [memory: 64MB, platform: PAPER/1.21]
2026-08-25 22:55:49.672  INFO 23832--- [pool-6-thread-2] de.polocloud.node.services.queue.ServiceQueue : Queued lobby-57fec85e-8e17-4997-aa3c-0eec44084e36-160 [memory: 64MB, platform: PAPER/1.21]
2026-08-25 22:55:49.672  INFO 23832--- [pool-6-thread-1] de.polocloud.node.services.queue.ServiceQueue : Queued lobby-57fec85e-8e17-4997-aa3c-0eec44084e36-161 [memory: 64MB, platform: PAPER/1.21]
2026-08-25 22:55:49.672  INFO 23832--- [pool-6-thread-2] de.polocloud.node.services.queue.ServiceQueue : Queued lobby-57fec85e-8e17-4997-aa3c-0eec44084e36-161 [memory: 64MB, platform: PAPER/1.21]
2026-08-25 22:55:49.672  INFO 23832--- [pool-6-thread-1] de.polocloud.node.services.queue.ServiceQueue : Queued lobby-57fec85e-8e17-4997-aa3c-0eec44084e36-162 [memory: 64MB, platform: PAPER/1.21]
2026-08-25 22:55:49.672  INFO 23832--- [pool-6-thread-2] de.polocloud.node.services.queue.ServiceQueue : Queued lobby-57fec85e-8e17-4997-aa3c-0eec44084e36-162 [memory: 64MB, platform: PAPER/1.21]
2026-08-25 22:55:49.672  INFO 23832--- [pool-6-thread-1] de.polocloud.node.services.queue.ServiceQueue : Queued lobby-57fec85e-8e17-4997-aa3c-0eec44084e36-163 [memory: 64MB, platform: PAPER/1.21]
2026-08-25 22:55:49.672  INFO 23832--- [pool-6-thread-2] de.polocloud.node.services.queue.ServiceQueue : Queued lobby-57fec85e-8e17-4997-aa3c-0eec44084e36-163 [memory: 64MB, platform: PAPER/1.21]
2026-08-25 22:55:49.673  INFO 23832--- [pool-6-thread-1] de.polocloud.node.services.queue.ServiceQueue : Queued lobby-57fec85e-8e17-4997-aa3c-0eec44084e36-164 [memory: 64MB, platform: PAPER/1.21]
2026-08-25 22:55:49.673  INFO 23832--- [pool-6-thread-2] de.polocloud.node.services.queue.ServiceQueue : Queued lobby-57fec85e-8e17-4997-aa3c-0eec44084e36-164 [memory: 64MB, platform: PAPER/1.21]
2026-08-25 22:55:49.673  INFO 23832--- [pool-6-thread-1] de.polocloud.node.services.queue.ServiceQueue : Queued lobby-57fec85e-8e17-4997-aa3c-0eec44084e36-165 [memory: 64MB, platform: PAPER/1.21]
2026-08-25 22:55:49.673  INFO 23832--- [pool-6-thread-2] de.polocloud.node.services.queue.ServiceQueue : Queued lobby-57fec85e-8e17-4997-aa3c-0eec44084e36-165 [memory: 64MB, platform: PAPER/1.21]
2026-08-25 22:55:49.673  INFO 23832--- [pool-6-thread-1] de.polocloud.node.services.queue.ServiceQueue : Queued lobby-57fec85e-8e17-4997-aa3c-0eec44084e36-166 [memory: 64MB, platform: PAPER/1.21]
2026-08-25 22:55:49.673  INFO 23832--- [pool-6-thread-2] de.polocloud.node.services.queue.ServiceQueue : Queued lobby-57fec85e-8e17-4997-aa3c-0eec44084e36-166 [memory: 64MB, platform: PAPER/1.21]
2026-08-25 22:55:49.674  INFO 23832--- [pool-6-thread-1] de.polocloud.node.services.queue.ServiceQueue : Queued lobby-57fec85e-8e17-4997-aa3c-0eec44084e36-167 [memory: 64MB, platform: PAPER/1.21]
2026-08-25 22:55:49.674  INFO 23832--- [pool-6-thread-2] de.polocloud.node.services.queue.ServiceQueue : Queued lobby-57fec85e-8e17-4997-aa3c-0eec44084e36-167 [memory: 64MB, platform: PAPER/1.21]
2026-08-25 22:55:49.674  INFO 23832--- [pool-6-thread-1] de.polocloud.node.services.queue.ServiceQueue : Queued lobby-57fec85e-8e17-4997-aa3c-0eec44084e36-168 [memory: 64MB, platform: PAPER/1.21]
2026-08-25 22:55:49.674  INFO 23832--- [pool-6-thread-2] de.polocloud.node.services.queue.ServiceQueue : Queued lobby-57fec85e-8e17-4997-aa3c-0eec44084e36-168 [memory: 64MB, platform: PAPER/1.21]
2026-08-25 22:55:49.674  INFO 23832--- [pool-6-thread-1] de.polocloud.node.services.queue.ServiceQueue : Queued lobby-57fec85e-8e17-4997-aa3c-0eec44084e36-169 [memory: 64MB, platform: PAPER/1.21]
2026-08-25 22:55:49.674  INFO 23832--- [pool-6-thread-2] de.polocloud.node.services.queue.ServiceQueue : Queued lobby-57fec85e-8e17-4997-aa3c-0eec44084e36-169 [memory: 64MB, platform: PAPER/1.21]
2026-08-25 22:55:49.674  INFO 23832--- [pool-6-thread-1] de.polocloud.node.services.queue.ServiceQueue : Queued lobby-57fec85e-8e17-4997-aa3c-0eec44084e36-170 [memory: 64MB, platform: PAPER/1.21]
2026-08-25 22:55:49.674  INFO 23832--- [pool-6-thread-2] de.polocloud.node.services.queue.ServiceQueue : Queued lobby-57fec85e-8e17-4997-aa3c-0eec44084e36-170 [memory: 64MB, platform: PAPER/1.21]
2026-08-25 22:55:49.674  INFO 23832--- [pool-6-thread-1] de.polocloud.node.services.queue.ServiceQueue : Queued lobby-57fec85e-8e17-4997-aa3c-0eec44084e36-171 [memory: 64MB, platform: PAPER/1.21]
2026-08-25 22:55:49.674  INFO 23832--- [pool-6-thread-2] de.polocloud.node.services.queue.ServiceQueue : Queued lobby-57fec85e-8e17-4997-aa3c-0eec44084e36-171 [memory: 64MB, platform: PAPER/1.21]
2026-08-25 22:55:49.676  INFO 23832--- [pool-6-thread-1] de.polocloud.node.services.queue.ServiceQueue : Queued lobby-57fec85e-8e17-4997-aa3c-0eec44084e36-172 [memory: 64MB, platform: PAPER/1.21]
2026-08-25 22:55:49.676  INFO 23832--- [pool-6-thread-2] de.polocloud.node.services.queue.ServiceQueue : Queued lobby-57fec85e-8e17-4997-aa3c-0eec44084e36-172 [memory: 64MB, platform: PAPER/1.21]
2026-08-25 22:55:49.676  INFO 23832--- [pool-6-thread-1] de.polocloud.node.services.queue.ServiceQueue : Queued lobby-57fec85e-8e17-4997-aa3c-0eec44084e36-173 [memory: 64MB, platform: PAPER/1.21]
2026-08-25 22:55:49.676  INFO 23832--- [pool-6-thread-2] de.polocloud.node.services.queue.ServiceQueue : Queued lobby-57fec85e-8e17-4997-aa3c-0eec44084e36-173 [memory: 64MB, platform: PAPER/1.21]
2026-08-25 22:55:49.676  INFO 23832--- [pool-6-thread-1] de.polocloud.node.services.queue.ServiceQueue : Queued lobby-57fec85e-8e17-4997-aa3c-0eec44084e36-174 [memory: 64MB, platform: PAPER/1.21]
2026-08-25 22:55:49.676  INFO 23832--- [pool-6-thread-2] de.polocloud.node.services.queue.ServiceQueue : Queued lobby-57fec85e-8e17-4997-aa3c-0eec44084e36-174 [memory: 64MB, platform: PAPER/1.21]
2026-08-25 22:55:49.676  INFO 23832--- [pool-6-thread-1] de.polocloud.node.services.queue.ServiceQueue : Queued lobby-57fec85e-8e17-4997-aa3c-0eec44084e36-175 [memory: 64MB, platform: PAPER/1.21]
2026-08-25 22:55:49.677  INFO 23832--- [pool-6-thread-2] de.polocloud.node.services.queue.ServiceQueue : Queued lobby-57fec85e-8e17-4997-aa3c-0eec44084e36-175 [memory: 64MB, platform: PAPER/1.21]
2026-08-25 22:55:49.677  INFO 23832--- [pool-6-thread-1] de.polocloud.node.services.queue.ServiceQueue : Queued lobby-57fec85e-8e17-4997-aa3c-0eec44084e36-176 [memory: 64MB, platform: PAPER/1.21]
2026-08-25 22:55:49.677  INFO 23832--- [pool-6-thread-2] de.polocloud.node.services.queue.ServiceQueue : Queued lobby-57fec85e-8e17-4997-aa3c-0eec44084e36-176 [memory: 64MB, platform: PAPER/1.21]
2026-08-25 22:55:49.677  INFO 23832--- [pool-6-thread-1] de.polocloud.node.services.queue.ServiceQueue : Queued lobby-57fec85e-8e17-4997-aa3c-0eec44084e36-177 [memory: 64MB, platform: PAPER/1.21]
2026-08-25 22:55:49.677  INFO 23832--- [pool-6-thread-2] de.polocloud.node.services.queue.ServiceQueue : Queued lobby-57fec85e-8e17-4997-aa3c-0eec44084e36-177 [memory: 64MB, platform: PAPER/1.21]
2026-08-25 22:55:49.677  INFO 23832--- [pool-6-thread-1] de.polocloud.node.services.queue.ServiceQueue : Queued lobby-57fec85e-8e17-4997-aa3c-0eec44084e36-178 [memory: 64MB, platform: PAPER/1.21]
2026-08-25 22:55:49.677  INFO 23832--- [pool-6-thread-2] de.polocloud.node.services.queue.ServiceQueue : Queued lobby-57fec85e-8e17-4997-aa3c-0eec44084e36-178 [memory: 64MB, platform: PAPER/1.21]
2026-08-25 22:55:49.678  INFO 23832--- [pool-6-thread-1] de.polocloud.node.services.queue.ServiceQueue : Queued lobby-57fec85e-8e17-4997-aa3c-0eec44084e36-179 [memory: 64MB, platform: PAPER/1.21]
2026-08-25 22:55:49.678  INFO 23832--- [pool-6-thread-2] de.polocloud.node.services.queue.ServiceQueue : Queued lobby-57fec85e-8e17-4997-aa3c-0eec44084e36-179 [memory: 64MB, platform: PAPER/1.21]
2026-08-25 22:55:49.678  INFO 23832--- [pool-6-thread-1] de.polocloud.node.services.queue.ServiceQueue : Queued lobby-57fec85e-8e17-4997-aa3c-0eec44084e36-180 [memory: 64MB, platform: PAPER/1.21]
2026-08-25 22:55:49.678  INFO 23832--- [pool-6-thread-2] de.polocloud.node.services.queue.ServiceQueue : Queued lobby-57fec85e-8e17-4997-aa3c-0eec44084e36-180 [memory: 64MB, platform: PAPER/1.21]
2026-08-25 22:55:49.678  INFO 23832--- [pool-6-thread-1] de.polocloud.node.services.queue.ServiceQueue : Queued lobby-57fec85e-8e17-4997-aa3c-0eec44084e36-181 [memory: 64MB, platform: PAPER/1.21]
2026-08-25 22:55:49.678  INFO 23832--- [pool-6-thread-2] de.polocloud.node.services.queue.ServiceQueue : Queued lobby-57fec85e-8e17-4997-aa3c-0eec44084e36-181 [memory: 64MB, platform: PAPER/1.21]
2026-08-25 22:55:49.678  INFO 23832--- [pool-6-thread-1] de.polocloud.node.services.queue.ServiceQueue : Queued lobby-57fec85e-8e17-4997-aa3c-0eec44084e36-182 [memory: 64MB, platform: PAPER/1.21]
2026-08-25 22:55:49.679  INFO 23832--- [pool-6-thread-2] de.polocloud.node.services.queue.ServiceQueue : Queued lobby-57fec85e-8e17-4997-aa3c-0eec44084e36-182 [memory: 64MB, platform: PAPER/1.21]
2026-08-25 22:55:49.679  INFO 23832--- [pool-6-thread-1] de.polocloud.node.services.queue.ServiceQueue : Queued lobby-57fec85e-8e17-4997-aa3c-0eec44084e36-183 [memory: 64MB, platform: PAPER/1.21]
2026-08-25 22:55:49.679  INFO 23832--- [pool-6-thread-2] de.polocloud.node.services.queue.ServiceQueue : Queued lobby-57fec85e-8e17-4997-aa3c-0eec44084e36-183 [memory: 64MB, platform: PAPER/1.21]
2026-08-25 22:55:49.679  INFO 23832--- [pool-6-thread-1] de.polocloud.node.services.queue.ServiceQueue : Queued lobby-57fec85e-8e17-4997-aa3c-0eec44084e36-184 [memory: 64MB, platform: PAPER/1.21]
2026-08-25 22:55:49.679  INFO 23832--- [pool-6-thread-2] de.polocloud.node.services.queue.ServiceQueue : Queued lobby-57fec85e-8e17-4997-aa3c-0eec44084e36-184 [memory: 64MB, platform: PAPER/1.21]
2026-08-25 22:55:49.679  INFO 23832--- [pool-6-thread-1] de.polocloud.node.services.queue.ServiceQueue : Queued lobby-57fec85e-8e17-4997-aa3c-0eec44084e36-185 [memory: 64MB, platform: PAPER/1.21]
2026-08-25 22:55:49.679  INFO 23832--- [pool-6-thread-2] de.polocloud.node.services.queue.ServiceQueue : Queued lobby-57fec85e-8e17-4997-aa3c-0eec44084e36-185 [memory: 64MB, platform: PAPER/1.21]
2026-08-25 22:55:49.679  INFO 23832--- [pool-6-thread-1] de.polocloud.node.services.queue.ServiceQueue : Queued lobby-57fec85e-8e17-4997-aa3c-0eec44084e36-186 [memory: 64MB, platform: PAPER/1.21]
2026-08-25 22:55:49.679  INFO 23832--- [pool-6-thread-2] de.polocloud.node.services.queue.ServiceQueue : Queued lobby-57fec85e-8e17-4997-aa3c-0eec44084e36-186 [memory: 64MB, platform: PAPER/1.21]
2026-08-25 22:55:49.679  INFO 23832--- [pool-6-thread-1] de.polocloud.node.services.queue.ServiceQueue : Queued lobby-57fec85e-8e17-4997-aa3c-0eec44084e36-187 [memory: 64MB, platform: PAPER/1.21]
2026-08-25 22:55:49.679  INFO 23832--- [pool-6-thread-2] de.polocloud.node.services.queue.ServiceQueue : Queued lobby-57fec85e-8e17-4997-aa3c-0eec44084e36-187 [memory: 64MB, platform: PAPER/1.21]
2026-08-25 22:55:49.679  INFO 23832--- [pool-6-thread-1] de.polocloud.node.services.queue.ServiceQueue : Queued lobby-57fec85e-8e17-4997-aa3c-0eec44084e36-188 [memory: 64MB, platform: PAPER/1.21]
2026-08-25 22:55:49.679  INFO 23832--- [pool-6-thread-2] de.polocloud.node.services.queue.ServiceQueue : Queued lobby-57fec85e-8e17-4997-aa3c-0eec44084e36-188 [memory: 64MB, platform: PAPER/1.21]
2026-08-25 22:55:49.680  INFO 23832--- [pool-6-thread-1] de.polocloud.node.services.queue.ServiceQueue : Queued lobby-57fec85e-8e17-4997-aa3c-0eec44084e36-189 [memory: 64MB, platform: PAPER/1.21]
2026-08-25 22:55:49.680  INFO 23832--- [pool-6-thread-2] de.polocloud.node.services.queue.ServiceQueue : Queued lobby-57fec85e-8e17-4997-aa3c-0eec44084e36-189 [memory: 64MB, platform: PAPER/1.21]
2026-08-25 22:55:49.680  INFO 23832--- [pool-6-thread-1] de.polocloud.node.services.queue.ServiceQueue : Queued lobby-57fec85e-8e17-4997-aa3c-0eec44084e36-190 [memory: 64MB, platform: PAPER/1.21]
2026-08-25 22:55:49.682  INFO 23832--- [pool-6-thread-2] de.polocloud.node.services.queue.ServiceQueue : Queued lobby-57fec85e-8e17-4997-aa3c-0eec44084e36-190 [memory: 64MB, platform: PAPER/1.21]
2026-08-25 22:55:49.682  INFO 23832--- [pool-6-thread-1] de.polocloud.node.services.queue.ServiceQueue : Queued lobby-57fec85e-8e17-4997-aa3c-0eec44084e36-191 [memory: 64MB, platform: PAPER/1.21]
2026-08-25 22:55:49.682  INFO 23832--- [pool-6-thread-2] de.polocloud.node.services.queue.ServiceQueue : Queued lobby-57fec85e-8e17-4997-aa3c-0eec44084e36-191 [memory: 64MB, platform: PAPER/1.21]
2026-08-25 22:55:49.683  INFO 23832--- [pool-6-thread-1] de.polocloud.node.services.queue.ServiceQueue : Queued lobby-57fec85e-8e17-4997-aa3c-0eec44084e36-192 [memory: 64MB, platform: PAPER/1.21]
2026-08-25 22:55:49.683  INFO 23832--- [pool-6-thread-2] de.polocloud.node.services.queue.ServiceQueue : Queued lobby-57fec85e-8e17-4997-aa3c-0eec44084e36-192 [memory: 64MB, platform: PAPER/1.21]
2026-08-25 22:55:49.683  INFO 23832--- [pool-6-thread-1] de.polocloud.node.services.queue.ServiceQueue : Queued lobby-57fec85e-8e17-4997-aa3c-0eec44084e36-193 [memory: 64MB, platform: PAPER/1.21]
2026-08-25 22:55:49.683  INFO 23832--- [pool-6-thread-2] de.polocloud.node.services.queue.ServiceQueue : Queued lobby-57fec85e-8e17-4997-aa3c-0eec44084e36-193 [memory: 64MB, platform: PAPER/1.21]
2026-08-25 22:55:49.683  INFO 23832--- [pool-6-thread-1] de.polocloud.node.services.queue.ServiceQueue : Queued lobby-57fec85e-8e17-4997-aa3c-0eec44084e36-194 [memory: 64MB, platform: PAPER/1.21]
2026-08-25 22:55:49.683  INFO 23832--- [pool-6-thread-2] de.polocloud.node.services.queue.ServiceQueue : Queued lobby-57fec85e-8e17-4997-aa3c-0eec44084e36-194 [memory: 64MB, platform: PAPER/1.21]
2026-08-25 22:55:49.684  INFO 23832--- [pool-6-thread-1] de.polocloud.node.services.queue.ServiceQueue : Queued lobby-57fec85e-8e17-4997-aa3c-0eec44084e36-195 [memory: 64MB, platform: PAPER/1.21]
2026-08-25 22:55:49.684  INFO 23832--- [pool-6-thread-2] de.polocloud.node.services.queue.ServiceQueue : Queued lobby-57fec85e-8e17-4997-aa3c-0eec44084e36-195 [memory: 64MB, platform: PAPER/1.21]
2026-08-25 22:55:49.684  INFO 23832--- [pool-6-thread-1] de.polocloud.node.services.queue.ServiceQueue : Queued lobby-57fec85e-8e17-4997-aa3c-0eec44084e36-196 [memory: 64MB, platform: PAPER/1.21]
2026-08-25 22:55:49.684  INFO 23832--- [pool-6-thread-2] de.polocloud.node.services.queue.ServiceQueue : Queued lobby-57fec85e-8e17-4997-aa3c-0eec44084e36-196 [memory: 64MB, platform: PAPER/1.21]
2026-08-25 22:55:49.684  INFO 23832--- [pool-6-thread-1] de.polocloud.node.services.queue.ServiceQueue : Queued lobby-57fec85e-8e17-4997-aa3c-0eec44084e36-197 [memory: 64MB, platform: PAPER/1.21]
2026-08-25 22:55:49.684  INFO 23832--- [pool-6-thread-2] de.polocloud.node.services.queue.ServiceQueue : Queued lobby-57fec85e-8e17-4997-aa3c-0eec44084e36-197 [memory: 64MB, platform: PAPER/1.21]
2026-08-25 22:55:49.684  INFO 23832--- [pool-6-thread-1] de.polocloud.node.services.queue.ServiceQueue : Queued lobby-57fec85e-8e17-4997-aa3c-0eec44084e36-198 [memory: 64MB, platform: PAPER/1.21]
2026-08-25 22:55:49.685  INFO 23832--- [pool-6-thread-2] de.polocloud.node.services.queue.ServiceQueue : Queued lobby-57fec85e-8e17-4997-aa3c-0eec44084e36-198 [memory: 64MB, platform: PAPER/1.21]
2026-08-25 22:55:49.685  INFO 23832--- [pool-6-thread-1] de.polocloud.node.services.queue.ServiceQueue : Queued lobby-57fec85e-8e17-4997-aa3c-0eec44084e36-199 [memory: 64MB, platform: PAPER/1.21]
2026-08-25 22:55:49.685  INFO 23832--- [pool-6-thread-2] de.polocloud.node.services.queue.ServiceQueue : Queued lobby-57fec85e-8e17-4997-aa3c-0eec44084e36-199 [memory: 64MB, platform: PAPER/1.21]
2026-08-25 22:55:49.685  INFO 23832--- [pool-6-thread-1] de.polocloud.node.services.queue.ServiceQueue : Queued lobby-57fec85e-8e17-4997-aa3c-0eec44084e36-200 [memory: 64MB, platform: PAPER/1.21]
2026-08-25 22:55:49.685  INFO 23832--- [pool-6-thread-2] de.polocloud.node.services.queue.ServiceQueue : Queued lobby-57fec85e-8e17-4997-aa3c-0eec44084e36-200 [memory: 64MB, platform: PAPER/1.21]
2026-08-25 22:55:49.686  INFO 23832--- [pool-6-thread-1] de.polocloud.node.services.queue.ServiceQueue : Queued lobby-57fec85e-8e17-4997-aa3c-0eec44084e36-201 [memory: 64MB, platform: PAPER/1.21]
2026-08-25 22:55:49.748  INFO 23832--- [pool-7-thread-2] de.polocloud.node.services.queue.ServiceQueue : Group 'lobby-6dbb0d7b-6c3c-4390-a28c-d4a4817adcb0' needs 200 more service(s) cluster-wide (this node: 200) — minOnline: 200, cluster running: 0, queued: 0
2026-08-25 22:55:49.748  INFO 23832--- [pool-7-thread-1] de.polocloud.node.services.queue.ServiceQueue : Group 'lobby-6dbb0d7b-6c3c-4390-a28c-d4a4817adcb0' needs 200 more service(s) cluster-wide (this node: 200) — minOnline: 200, cluster running: 0, queued: 0
2026-08-25 22:55:49.748  INFO 23832--- [pool-7-thread-2] de.polocloud.node.services.queue.ServiceQueue : Queued lobby-6dbb0d7b-6c3c-4390-a28c-d4a4817adcb0-1 [memory: 64MB, platform: PAPER/1.21]
2026-08-25 22:55:49.748  INFO 23832--- [pool-7-thread-1] de.polocloud.node.services.queue.ServiceQueue : Queued lobby-6dbb0d7b-6c3c-4390-a28c-d4a4817adcb0-1 [memory: 64MB, platform: PAPER/1.21]
2026-08-25 22:55:49.749  INFO 23832--- [pool-7-thread-2] de.polocloud.node.services.queue.ServiceQueue : Queued lobby-6dbb0d7b-6c3c-4390-a28c-d4a4817adcb0-2 [memory: 64MB, platform: PAPER/1.21]
2026-08-25 22:55:49.749  INFO 23832--- [pool-7-thread-1] de.polocloud.node.services.queue.ServiceQueue : Queued lobby-6dbb0d7b-6c3c-4390-a28c-d4a4817adcb0-2 [memory: 64MB, platform: PAPER/1.21]
2026-08-25 22:55:49.749  INFO 23832--- [pool-7-thread-2] de.polocloud.node.services.queue.ServiceQueue : Queued lobby-6dbb0d7b-6c3c-4390-a28c-d4a4817adcb0-3 [memory: 64MB, platform: PAPER/1.21]
2026-08-25 22:55:49.749  INFO 23832--- [pool-7-thread-1] de.polocloud.node.services.queue.ServiceQueue : Queued lobby-6dbb0d7b-6c3c-4390-a28c-d4a4817adcb0-3 [memory: 64MB, platform: PAPER/1.21]
2026-08-25 22:55:49.749  INFO 23832--- [pool-7-thread-2] de.polocloud.node.services.queue.ServiceQueue : Queued lobby-6dbb0d7b-6c3c-4390-a28c-d4a4817adcb0-4 [memory: 64MB, platform: PAPER/1.21]
2026-08-25 22:55:49.749  INFO 23832--- [pool-7-thread-1] de.polocloud.node.services.queue.ServiceQueue : Queued lobby-6dbb0d7b-6c3c-4390-a28c-d4a4817adcb0-4 [memory: 64MB, platform: PAPER/1.21]
2026-08-25 22:55:49.749  INFO 23832--- [pool-7-thread-2] de.polocloud.node.services.queue.ServiceQueue : Queued lobby-6dbb0d7b-6c3c-4390-a28c-d4a4817adcb0-5 [memory: 64MB, platform: PAPER/1.21]
2026-08-25 22:55:49.749  INFO 23832--- [pool-7-thread-1] de.polocloud.node.services.queue.ServiceQueue : Queued lobby-6dbb0d7b-6c3c-4390-a28c-d4a4817adcb0-5 [memory: 64MB, platform: PAPER/1.21]
2026-08-25 22:55:49.749  INFO 23832--- [pool-7-thread-2] de.polocloud.node.services.queue.ServiceQueue : Queued lobby-6dbb0d7b-6c3c-4390-a28c-d4a4817adcb0-6 [memory: 64MB, platform: PAPER/1.21]
2026-08-25 22:55:49.749  INFO 23832--- [pool-7-thread-1] de.polocloud.node.services.queue.ServiceQueue : Queued lobby-6dbb0d7b-6c3c-4390-a28c-d4a4817adcb0-6 [memory: 64MB, platform: PAPER/1.21]
2026-08-25 22:55:49.749  INFO 23832--- [pool-7-thread-2] de.polocloud.node.services.queue.ServiceQueue : Queued lobby-6dbb0d7b-6c3c-4390-a28c-d4a4817adcb0-7 [memory: 64MB, platform: PAPER/1.21]
2026-08-25 22:55:49.750  INFO 23832--- [pool-7-thread-1] de.polocloud.node.services.queue.ServiceQueue : Queued lobby-6dbb0d7b-6c3c-4390-a28c-d4a4817adcb0-7 [memory: 64MB, platform: PAPER/1.21]
2026-08-25 22:55:49.750  INFO 23832--- [pool-7-thread-2] de.polocloud.node.services.queue.ServiceQueue : Queued lobby-6dbb0d7b-6c3c-4390-a28c-d4a4817adcb0-8 [memory: 64MB, platform: PAPER/1.21]
2026-08-25 22:55:49.750  INFO 23832--- [pool-7-thread-1] de.polocloud.node.services.queue.ServiceQueue : Queued lobby-6dbb0d7b-6c3c-4390-a28c-d4a4817adcb0-8 [memory: 64MB, platform: PAPER/1.21]
2026-08-25 22:55:49.750  INFO 23832--- [pool-7-thread-2] de.polocloud.node.services.queue.ServiceQueue : Queued lobby-6dbb0d7b-6c3c-4390-a28c-d4a4817adcb0-9 [memory: 64MB, platform: PAPER/1.21]
2026-08-25 22:55:49.750  INFO 23832--- [pool-7-thread-1] de.polocloud.node.services.queue.ServiceQueue : Queued lobby-6dbb0d7b-6c3c-4390-a28c-d4a4817adcb0-9 [memory: 64MB, platform: PAPER/1.21]
2026-08-25 22:55:49.751  INFO 23832--- [pool-7-thread-2] de.polocloud.node.services.queue.ServiceQueue : Queued lobby-6dbb0d7b-6c3c-4390-a28c-d4a4817adcb0-10 [memory: 64MB, platform: PAPER/1.21]
2026-08-25 22:55:49.751  INFO 23832--- [pool-7-thread-1] de.polocloud.node.services.queue.ServiceQueue : Queued lobby-6dbb0d7b-6c3c-4390-a28c-d4a4817adcb0-10 [memory: 64MB, platform: PAPER/1.21]
2026-08-25 22:55:49.751  INFO 23832--- [pool-7-thread-2] de.polocloud.node.services.queue.ServiceQueue : Queued lobby-6dbb0d7b-6c3c-4390-a28c-d4a4817adcb0-11 [memory: 64MB, platform: PAPER/1.21]
2026-08-25 22:55:49.751  INFO 23832--- [pool-7-thread-1] de.polocloud.node.services.queue.ServiceQueue : Queued lobby-6dbb0d7b-6c3c-4390-a28c-d4a4817adcb0-11 [memory: 64MB, platform: PAPER/1.21]
2026-08-25 22:55:49.751  INFO 23832--- [pool-7-thread-2] de.polocloud.node.services.queue.ServiceQueue : Queued lobby-6dbb0d7b-6c3c-4390-a28c-d4a4817adcb0-12 [memory: 64MB, platform: PAPER/1.21]
2026-08-25 22:55:49.751  INFO 23832--- [pool-7-thread-1] de.polocloud.node.services.queue.ServiceQueue : Queued lobby-6dbb0d7b-6c3c-4390-a28c-d4a4817adcb0-12 [memory: 64MB, platform: PAPER/1.21]
2026-08-25 22:55:49.751  INFO 23832--- [pool-7-thread-2] de.polocloud.node.services.queue.ServiceQueue : Queued lobby-6dbb0d7b-6c3c-4390-a28c-d4a4817adcb0-13 [memory: 64MB, platform: PAPER/1.21]
2026-08-25 22:55:49.751  INFO 23832--- [pool-7-thread-1] de.polocloud.node.services.queue.ServiceQueue : Queued lobby-6dbb0d7b-6c3c-4390-a28c-d4a4817adcb0-13 [memory: 64MB, platform: PAPER/1.21]
2026-08-25 22:55:49.752  INFO 23832--- [pool-7-thread-1] de.polocloud.node.services.queue.ServiceQueue : Queued lobby-6dbb0d7b-6c3c-4390-a28c-d4a4817adcb0-14 [memory: 64MB, platform: PAPER/1.21]
2026-08-25 22:55:49.752  INFO 23832--- [pool-7-thread-2] de.polocloud.node.services.queue.ServiceQueue : Queued lobby-6dbb0d7b-6c3c-4390-a28c-d4a4817adcb0-14 [memory: 64MB, platform: PAPER/1.21]
2026-08-25 22:55:49.752  INFO 23832--- [pool-7-thread-1] de.polocloud.node.services.queue.ServiceQueue : Queued lobby-6dbb0d7b-6c3c-4390-a28c-d4a4817adcb0-15 [memory: 64MB, platform: PAPER/1.21]
2026-08-25 22:55:49.752  INFO 23832--- [pool-7-thread-2] de.polocloud.node.services.queue.ServiceQueue : Queued lobby-6dbb0d7b-6c3c-4390-a28c-d4a4817adcb0-15 [memory: 64MB, platform: PAPER/1.21]
2026-08-25 22:55:49.752  INFO 23832--- [pool-7-thread-1] de.polocloud.node.services.queue.ServiceQueue : Queued lobby-6dbb0d7b-6c3c-4390-a28c-d4a4817adcb0-16 [memory: 64MB, platform: PAPER/1.21]
2026-08-25 22:55:49.752  INFO 23832--- [pool-7-thread-2] de.polocloud.node.services.queue.ServiceQueue : Queued lobby-6dbb0d7b-6c3c-4390-a28c-d4a4817adcb0-16 [memory: 64MB, platform: PAPER/1.21]
2026-08-25 22:55:49.752  INFO 23832--- [pool-7-thread-1] de.polocloud.node.services.queue.ServiceQueue : Queued lobby-6dbb0d7b-6c3c-4390-a28c-d4a4817adcb0-17 [memory: 64MB, platform: PAPER/1.21]
2026-08-25 22:55:49.752  INFO 23832--- [pool-7-thread-2] de.polocloud.node.services.queue.ServiceQueue : Queued lobby-6dbb0d7b-6c3c-4390-a28c-d4a4817adcb0-17 [memory: 64MB, platform: PAPER/1.21]
2026-08-25 22:55:49.752  INFO 23832--- [pool-7-thread-1] de.polocloud.node.services.queue.ServiceQueue : Queued lobby-6dbb0d7b-6c3c-4390-a28c-d4a4817adcb0-18 [memory: 64MB, platform: PAPER/1.21]
2026-08-25 22:55:49.752  INFO 23832--- [pool-7-thread-2] de.polocloud.node.services.queue.ServiceQueue : Queued lobby-6dbb0d7b-6c3c-4390-a28c-d4a4817adcb0-18 [memory: 64MB, platform: PAPER/1.21]
2026-08-25 22:55:49.753  INFO 23832--- [pool-7-thread-1] de.polocloud.node.services.queue.ServiceQueue : Queued lobby-6dbb0d7b-6c3c-4390-a28c-d4a4817adcb0-19 [memory: 64MB, platform: PAPER/1.21]
2026-08-25 22:55:49.753  INFO 23832--- [pool-7-thread-2] de.polocloud.node.services.queue.ServiceQueue : Queued lobby-6dbb0d7b-6c3c-4390-a28c-d4a4817adcb0-19 [memory: 64MB, platform: PAPER/1.21]
2026-08-25 22:55:49.753  INFO 23832--- [pool-7-thread-1] de.polocloud.node.services.queue.ServiceQueue : Queued lobby-6dbb0d7b-6c3c-4390-a28c-d4a4817adcb0-20 [memory: 64MB, platform: PAPER/1.21]
2026-08-25 22:55:49.753  INFO 23832--- [pool-7-thread-2] de.polocloud.node.services.queue.ServiceQueue : Queued lobby-6dbb0d7b-6c3c-4390-a28c-d4a4817adcb0-20 [memory: 64MB, platform: PAPER/1.21]
2026-08-25 22:55:49.753  INFO 23832--- [pool-7-thread-1] de.polocloud.node.services.queue.ServiceQueue : Queued lobby-6dbb0d7b-6c3c-4390-a28c-d4a4817adcb0-21 [memory: 64MB, platform: PAPER/1.21]
2026-08-25 22:55:49.753  INFO 23832--- [pool-7-thread-2] de.polocloud.node.services.queue.ServiceQueue : Queued lobby-6dbb0d7b-6c3c-4390-a28c-d4a4817adcb0-21 [memory: 64MB, platform: PAPER/1.21]
2026-08-25 22:55:49.753  INFO 23832--- [pool-7-thread-1] de.polocloud.node.services.queue.ServiceQueue : Queued lobby-6dbb0d7b-6c3c-4390-a28c-d4a4817adcb0-22 [memory: 64MB, platform: PAPER/1.21]
2026-08-25 22:55:49.753  INFO 23832--- [pool-7-thread-2] de.polocloud.node.services.queue.ServiceQueue : Queued lobby-6dbb0d7b-6c3c-4390-a28c-d4a4817adcb0-22 [memory: 64MB, platform: PAPER/1.21]
2026-08-25 22:55:49.753  INFO 23832--- [pool-7-thread-1] de.polocloud.node.services.queue.ServiceQueue : Queued lobby-6dbb0d7b-6c3c-4390-a28c-d4a4817adcb0-23 [memory: 64MB, platform: PAPER/1.21]
2026-08-25 22:55:49.754  INFO 23832--- [pool-7-thread-2] de.polocloud.node.services.queue.ServiceQueue : Queued lobby-6dbb0d7b-6c3c-4390-a28c-d4a4817adcb0-23 [memory: 64MB, platform: PAPER/1.21]
2026-08-25 22:55:49.754  INFO 23832--- [pool-7-thread-1] de.polocloud.node.services.queue.ServiceQueue : Queued lobby-6dbb0d7b-6c3c-4390-a28c-d4a4817adcb0-24 [memory: 64MB, platform: PAPER/1.21]
2026-08-25 22:55:49.754  INFO 23832--- [pool-7-thread-2] de.polocloud.node.services.queue.ServiceQueue : Queued lobby-6dbb0d7b-6c3c-4390-a28c-d4a4817adcb0-24 [memory: 64MB, platform: PAPER/1.21]
2026-08-25 22:55:49.754  INFO 23832--- [pool-7-thread-1] de.polocloud.node.services.queue.ServiceQueue : Queued lobby-6dbb0d7b-6c3c-4390-a28c-d4a4817adcb0-25 [memory: 64MB, platform: PAPER/1.21]
2026-08-25 22:55:49.754  INFO 23832--- [pool-7-thread-2] de.polocloud.node.services.queue.ServiceQueue : Queued lobby-6dbb0d7b-6c3c-4390-a28c-d4a4817adcb0-25 [memory: 64MB, platform: PAPER/1.21]
2026-08-25 22:55:49.754  INFO 23832--- [pool-7-thread-1] de.polocloud.node.services.queue.ServiceQueue : Queued lobby-6dbb0d7b-6c3c-4390-a28c-d4a4817adcb0-26 [memory: 64MB, platform: PAPER/1.21]
2026-08-25 22:55:49.754  INFO 23832--- [pool-7-thread-2] de.polocloud.node.services.queue.ServiceQueue : Queued lobby-6dbb0d7b-6c3c-4390-a28c-d4a4817adcb0-26 [memory: 64MB, platform: PAPER/1.21]
2026-08-25 22:55:49.754  INFO 23832--- [pool-7-thread-1] de.polocloud.node.services.queue.ServiceQueue : Queued lobby-6dbb0d7b-6c3c-4390-a28c-d4a4817adcb0-27 [memory: 64MB, platform: PAPER/1.21]
2026-08-25 22:55:49.754  INFO 23832--- [pool-7-thread-2] de.polocloud.node.services.queue.ServiceQueue : Queued lobby-6dbb0d7b-6c3c-4390-a28c-d4a4817adcb0-27 [memory: 64MB, platform: PAPER/1.21]
2026-08-25 22:55:49.754  INFO 23832--- [pool-7-thread-1] de.polocloud.node.services.queue.ServiceQueue : Queued lobby-6dbb0d7b-6c3c-4390-a28c-d4a4817adcb0-28 [memory: 64MB, platform: PAPER/1.21]
2026-08-25 22:55:49.754  INFO 23832--- [pool-7-thread-2] de.polocloud.node.services.queue.ServiceQueue : Queued lobby-6dbb0d7b-6c3c-4390-a28c-d4a4817adcb0-28 [memory: 64MB, platform: PAPER/1.21]
2026-08-25 22:55:49.754  INFO 23832--- [pool-7-thread-1] de.polocloud.node.services.queue.ServiceQueue : Queued lobby-6dbb0d7b-6c3c-4390-a28c-d4a4817adcb0-29 [memory: 64MB, platform: PAPER/1.21]
2026-08-25 22:55:49.755  INFO 23832--- [pool-7-thread-2] de.polocloud.node.services.queue.ServiceQueue : Queued lobby-6dbb0d7b-6c3c-4390-a28c-d4a4817adcb0-29 [memory: 64MB, platform: PAPER/1.21]
2026-08-25 22:55:49.755  INFO 23832--- [pool-7-thread-1] de.polocloud.node.services.queue.ServiceQueue : Queued lobby-6dbb0d7b-6c3c-4390-a28c-d4a4817adcb0-30 [memory: 64MB, platform: PAPER/1.21]
2026-08-25 22:55:49.755  INFO 23832--- [pool-7-thread-2] de.polocloud.node.services.queue.ServiceQueue : Queued lobby-6dbb0d7b-6c3c-4390-a28c-d4a4817adcb0-31 [memory: 64MB, platform: PAPER/1.21]
2026-08-25 22:55:49.755  INFO 23832--- [pool-7-thread-1] de.polocloud.node.services.queue.ServiceQueue : Queued lobby-6dbb0d7b-6c3c-4390-a28c-d4a4817adcb0-31 [memory: 64MB, platform: PAPER/1.21]
2026-08-25 22:55:49.755  INFO 23832--- [pool-7-thread-2] de.polocloud.node.services.queue.ServiceQueue : Queued lobby-6dbb0d7b-6c3c-4390-a28c-d4a4817adcb0-32 [memory: 64MB, platform: PAPER/1.21]
2026-08-25 22:55:49.755  INFO 23832--- [pool-7-thread-1] de.polocloud.node.services.queue.ServiceQueue : Queued lobby-6dbb0d7b-6c3c-4390-a28c-d4a4817adcb0-32 [memory: 64MB, platform: PAPER/1.21]
2026-08-25 22:55:49.755  INFO 23832--- [pool-7-thread-2] de.polocloud.node.services.queue.ServiceQueue : Queued lobby-6dbb0d7b-6c3c-4390-a28c-d4a4817adcb0-33 [memory: 64MB, platform: PAPER/1.21]
2026-08-25 22:55:49.756  INFO 23832--- [pool-7-thread-1] de.polocloud.node.services.queue.ServiceQueue : Queued lobby-6dbb0d7b-6c3c-4390-a28c-d4a4817adcb0-33 [memory: 64MB, platform: PAPER/1.21]
2026-08-25 22:55:49.756  INFO 23832--- [pool-7-thread-2] de.polocloud.node.services.queue.ServiceQueue : Queued lobby-6dbb0d7b-6c3c-4390-a28c-d4a4817adcb0-34 [memory: 64MB, platform: PAPER/1.21]
2026-08-25 22:55:49.756  INFO 23832--- [pool-7-thread-1] de.polocloud.node.services.queue.ServiceQueue : Queued lobby-6dbb0d7b-6c3c-4390-a28c-d4a4817adcb0-34 [memory: 64MB, platform: PAPER/1.21]
2026-08-25 22:55:49.756  INFO 23832--- [pool-7-thread-2] de.polocloud.node.services.queue.ServiceQueue : Queued lobby-6dbb0d7b-6c3c-4390-a28c-d4a4817adcb0-35 [memory: 64MB, platform: PAPER/1.21]
2026-08-25 22:55:49.756  INFO 23832--- [pool-7-thread-1] de.polocloud.node.services.queue.ServiceQueue : Queued lobby-6dbb0d7b-6c3c-4390-a28c-d4a4817adcb0-35 [memory: 64MB, platform: PAPER/1.21]
2026-08-25 22:55:49.756  INFO 23832--- [pool-7-thread-2] de.polocloud.node.services.queue.ServiceQueue : Queued lobby-6dbb0d7b-6c3c-4390-a28c-d4a4817adcb0-36 [memory: 64MB, platform: PAPER/1.21]
2026-08-25 22:55:49.756  INFO 23832--- [pool-7-thread-1] de.polocloud.node.services.queue.ServiceQueue : Queued lobby-6dbb0d7b-6c3c-4390-a28c-d4a4817adcb0-36 [memory: 64MB, platform: PAPER/1.21]
2026-08-25 22:55:49.756  INFO 23832--- [pool-7-thread-2] de.polocloud.node.services.queue.ServiceQueue : Queued lobby-6dbb0d7b-6c3c-4390-a28c-d4a4817adcb0-37 [memory: 64MB, platform: PAPER/1.21]
2026-08-25 22:55:49.757  INFO 23832--- [pool-7-thread-1] de.polocloud.node.services.queue.ServiceQueue : Queued lobby-6dbb0d7b-6c3c-4390-a28c-d4a4817adcb0-37 [memory: 64MB, platform: PAPER/1.21]
2026-08-25 22:55:49.757  INFO 23832--- [pool-7-thread-2] de.polocloud.node.services.queue.ServiceQueue : Queued lobby-6dbb0d7b-6c3c-4390-a28c-d4a4817adcb0-38 [memory: 64MB, platform: PAPER/1.21]
2026-08-25 22:55:49.757  INFO 23832--- [pool-7-thread-1] de.polocloud.node.services.queue.ServiceQueue : Queued lobby-6dbb0d7b-6c3c-4390-a28c-d4a4817adcb0-38 [memory: 64MB, platform: PAPER/1.21]
2026-08-25 22:55:49.757  INFO 23832--- [pool-7-thread-2] de.polocloud.node.services.queue.ServiceQueue : Queued lobby-6dbb0d7b-6c3c-4390-a28c-d4a4817adcb0-39 [memory: 64MB, platform: PAPER/1.21]
2026-08-25 22:55:49.757  INFO 23832--- [pool-7-thread-1] de.polocloud.node.services.queue.ServiceQueue : Queued lobby-6dbb0d7b-6c3c-4390-a28c-d4a4817adcb0-39 [memory: 64MB, platform: PAPER/1.21]
2026-08-25 22:55:49.757  INFO 23832--- [pool-7-thread-2] de.polocloud.node.services.queue.ServiceQueue : Queued lobby-6dbb0d7b-6c3c-4390-a28c-d4a4817adcb0-40 [memory: 64MB, platform: PAPER/1.21]
2026-08-25 22:55:49.757  INFO 23832--- [pool-7-thread-1] de.polocloud.node.services.queue.ServiceQueue : Queued lobby-6dbb0d7b-6c3c-4390-a28c-d4a4817adcb0-40 [memory: 64MB, platform: PAPER/1.21]
2026-08-25 22:55:49.758  INFO 23832--- [pool-7-thread-2] de.polocloud.node.services.queue.ServiceQueue : Queued lobby-6dbb0d7b-6c3c-4390-a28c-d4a4817adcb0-41 [memory: 64MB, platform: PAPER/1.21]
2026-08-25 22:55:49.758  INFO 23832--- [pool-7-thread-1] de.polocloud.node.services.queue.ServiceQueue : Queued lobby-6dbb0d7b-6c3c-4390-a28c-d4a4817adcb0-41 [memory: 64MB, platform: PAPER/1.21]
2026-08-25 22:55:49.758  INFO 23832--- [pool-7-thread-2] de.polocloud.node.services.queue.ServiceQueue : Queued lobby-6dbb0d7b-6c3c-4390-a28c-d4a4817adcb0-42 [memory: 64MB, platform: PAPER/1.21]
2026-08-25 22:55:49.758  INFO 23832--- [pool-7-thread-1] de.polocloud.node.services.queue.ServiceQueue : Queued lobby-6dbb0d7b-6c3c-4390-a28c-d4a4817adcb0-42 [memory: 64MB, platform: PAPER/1.21]
2026-08-25 22:55:49.758  INFO 23832--- [pool-7-thread-2] de.polocloud.node.services.queue.ServiceQueue : Queued lobby-6dbb0d7b-6c3c-4390-a28c-d4a4817adcb0-43 [memory: 64MB, platform: PAPER/1.21]
2026-08-25 22:55:49.758  INFO 23832--- [pool-7-thread-1] de.polocloud.node.services.queue.ServiceQueue : Queued lobby-6dbb0d7b-6c3c-4390-a28c-d4a4817adcb0-43 [memory: 64MB, platform: PAPER/1.21]
2026-08-25 22:55:49.759  INFO 23832--- [pool-7-thread-1] de.polocloud.node.services.queue.ServiceQueue : Queued lobby-6dbb0d7b-6c3c-4390-a28c-d4a4817adcb0-44 [memory: 64MB, platform: PAPER/1.21]
2026-08-25 22:55:49.759  INFO 23832--- [pool-7-thread-2] de.polocloud.node.services.queue.ServiceQueue : Queued lobby-6dbb0d7b-6c3c-4390-a28c-d4a4817adcb0-44 [memory: 64MB, platform: PAPER/1.21]
2026-08-25 22:55:49.759  INFO 23832--- [pool-7-thread-1] de.polocloud.node.services.queue.ServiceQueue : Queued lobby-6dbb0d7b-6c3c-4390-a28c-d4a4817adcb0-45 [memory: 64MB, platform: PAPER/1.21]
2026-08-25 22:55:49.759  INFO 23832--- [pool-7-thread-2] de.polocloud.node.services.queue.ServiceQueue : Queued lobby-6dbb0d7b-6c3c-4390-a28c-d4a4817adcb0-45 [memory: 64MB, platform: PAPER/1.21]
2026-08-25 22:55:49.759  INFO 23832--- [pool-7-thread-1] de.polocloud.node.services.queue.ServiceQueue : Queued lobby-6dbb0d7b-6c3c-4390-a28c-d4a4817adcb0-46 [memory: 64MB, platform: PAPER/1.21]
2026-08-25 22:55:49.759  INFO 23832--- [pool-7-thread-2] de.polocloud.node.services.queue.ServiceQueue : Queued lobby-6dbb0d7b-6c3c-4390-a28c-d4a4817adcb0-46 [memory: 64MB, platform: PAPER/1.21]
2026-08-25 22:55:49.759  INFO 23832--- [pool-7-thread-1] de.polocloud.node.services.queue.ServiceQueue : Queued lobby-6dbb0d7b-6c3c-4390-a28c-d4a4817adcb0-47 [memory: 64MB, platform: PAPER/1.21]
2026-08-25 22:55:49.760  INFO 23832--- [pool-7-thread-2] de.polocloud.node.services.queue.ServiceQueue : Queued lobby-6dbb0d7b-6c3c-4390-a28c-d4a4817adcb0-47 [memory: 64MB, platform: PAPER/1.21]
2026-08-25 22:55:49.760  INFO 23832--- [pool-7-thread-1] de.polocloud.node.services.queue.ServiceQueue : Queued lobby-6dbb0d7b-6c3c-4390-a28c-d4a4817adcb0-48 [memory: 64MB, platform: PAPER/1.21]
2026-08-25 22:55:49.760  INFO 23832--- [pool-7-thread-2] de.polocloud.node.services.queue.ServiceQueue : Queued lobby-6dbb0d7b-6c3c-4390-a28c-d4a4817adcb0-48 [memory: 64MB, platform: PAPER/1.21]
2026-08-25 22:55:49.760  INFO 23832--- [pool-7-thread-1] de.polocloud.node.services.queue.ServiceQueue : Queued lobby-6dbb0d7b-6c3c-4390-a28c-d4a4817adcb0-49 [memory: 64MB, platform: PAPER/1.21]
2026-08-25 22:55:49.761  INFO 23832--- [pool-7-thread-2] de.polocloud.node.services.queue.ServiceQueue : Queued lobby-6dbb0d7b-6c3c-4390-a28c-d4a4817adcb0-49 [memory: 64MB, platform: PAPER/1.21]
2026-08-25 22:55:49.761  INFO 23832--- [pool-7-thread-1] de.polocloud.node.services.queue.ServiceQueue : Queued lobby-6dbb0d7b-6c3c-4390-a28c-d4a4817adcb0-50 [memory: 64MB, platform: PAPER/1.21]
2026-08-25 22:55:49.761  INFO 23832--- [pool-7-thread-2] de.polocloud.node.services.queue.ServiceQueue : Queued lobby-6dbb0d7b-6c3c-4390-a28c-d4a4817adcb0-50 [memory: 64MB, platform: PAPER/1.21]
2026-08-25 22:55:49.761  INFO 23832--- [pool-7-thread-1] de.polocloud.node.services.queue.ServiceQueue : Queued lobby-6dbb0d7b-6c3c-4390-a28c-d4a4817adcb0-51 [memory: 64MB, platform: PAPER/1.21]
2026-08-25 22:55:49.761  INFO 23832--- [pool-7-thread-2] de.polocloud.node.services.queue.ServiceQueue : Queued lobby-6dbb0d7b-6c3c-4390-a28c-d4a4817adcb0-51 [memory: 64MB, platform: PAPER/1.21]
2026-08-25 22:55:49.761  INFO 23832--- [pool-7-thread-1] de.polocloud.node.services.queue.ServiceQueue : Queued lobby-6dbb0d7b-6c3c-4390-a28c-d4a4817adcb0-52 [memory: 64MB, platform: PAPER/1.21]
2026-08-25 22:55:49.761  INFO 23832--- [pool-7-thread-2] de.polocloud.node.services.queue.ServiceQueue : Queued lobby-6dbb0d7b-6c3c-4390-a28c-d4a4817adcb0-52 [memory: 64MB, platform: PAPER/1.21]
2026-08-25 22:55:49.761  INFO 23832--- [pool-7-thread-1] de.polocloud.node.services.queue.ServiceQueue : Queued lobby-6dbb0d7b-6c3c-4390-a28c-d4a4817adcb0-53 [memory: 64MB, platform: PAPER/1.21]
2026-08-25 22:55:49.762  INFO 23832--- [pool-7-thread-2] de.polocloud.node.services.queue.ServiceQueue : Queued lobby-6dbb0d7b-6c3c-4390-a28c-d4a4817adcb0-53 [memory: 64MB, platform: PAPER/1.21]
2026-08-25 22:55:49.762  INFO 23832--- [pool-7-thread-1] de.polocloud.node.services.queue.ServiceQueue : Queued lobby-6dbb0d7b-6c3c-4390-a28c-d4a4817adcb0-54 [memory: 64MB, platform: PAPER/1.21]
2026-08-25 22:55:49.762  INFO 23832--- [pool-7-thread-2] de.polocloud.node.services.queue.ServiceQueue : Queued lobby-6dbb0d7b-6c3c-4390-a28c-d4a4817adcb0-54 [memory: 64MB, platform: PAPER/1.21]
2026-08-25 22:55:49.762  INFO 23832--- [pool-7-thread-1] de.polocloud.node.services.queue.ServiceQueue : Queued lobby-6dbb0d7b-6c3c-4390-a28c-d4a4817adcb0-55 [memory: 64MB, platform: PAPER/1.21]
2026-08-25 22:55:49.762  INFO 23832--- [pool-7-thread-2] de.polocloud.node.services.queue.ServiceQueue : Queued lobby-6dbb0d7b-6c3c-4390-a28c-d4a4817adcb0-55 [memory: 64MB, platform: PAPER/1.21]
2026-08-25 22:55:49.762  INFO 23832--- [pool-7-thread-1] de.polocloud.node.services.queue.ServiceQueue : Queued lobby-6dbb0d7b-6c3c-4390-a28c-d4a4817adcb0-56 [memory: 64MB, platform: PAPER/1.21]
2026-08-25 22:55:49.762  INFO 23832--- [pool-7-thread-2] de.polocloud.node.services.queue.ServiceQueue : Queued lobby-6dbb0d7b-6c3c-4390-a28c-d4a4817adcb0-56 [memory: 64MB, platform: PAPER/1.21]
2026-08-25 22:55:49.762  INFO 23832--- [pool-7-thread-1] de.polocloud.node.services.queue.ServiceQueue : Queued lobby-6dbb0d7b-6c3c-4390-a28c-d4a4817adcb0-57 [memory: 64MB, platform: PAPER/1.21]
2026-08-25 22:55:49.763  INFO 23832--- [pool-7-thread-2] de.polocloud.node.services.queue.ServiceQueue : Queued lobby-6dbb0d7b-6c3c-4390-a28c-d4a4817adcb0-57 [memory: 64MB, platform: PAPER/1.21]
2026-08-25 22:55:49.763  INFO 23832--- [pool-7-thread-1] de.polocloud.node.services.queue.ServiceQueue : Queued lobby-6dbb0d7b-6c3c-4390-a28c-d4a4817adcb0-58 [memory: 64MB, platform: PAPER/1.21]
2026-08-25 22:55:49.763  INFO 23832--- [pool-7-thread-2] de.polocloud.node.services.queue.ServiceQueue : Queued lobby-6dbb0d7b-6c3c-4390-a28c-d4a4817adcb0-58 [memory: 64MB, platform: PAPER/1.21]
2026-08-25 22:55:49.764  INFO 23832--- [pool-7-thread-1] de.polocloud.node.services.queue.ServiceQueue : Queued lobby-6dbb0d7b-6c3c-4390-a28c-d4a4817adcb0-59 [memory: 64MB, platform: PAPER/1.21]
2026-08-25 22:55:49.764  INFO 23832--- [pool-7-thread-2] de.polocloud.node.services.queue.ServiceQueue : Queued lobby-6dbb0d7b-6c3c-4390-a28c-d4a4817adcb0-59 [memory: 64MB, platform: PAPER/1.21]
2026-08-25 22:55:49.764  INFO 23832--- [pool-7-thread-1] de.polocloud.node.services.queue.ServiceQueue : Queued lobby-6dbb0d7b-6c3c-4390-a28c-d4a4817adcb0-60 [memory: 64MB, platform: PAPER/1.21]
2026-08-25 22:55:49.764  INFO 23832--- [pool-7-thread-2] de.polocloud.node.services.queue.ServiceQueue : Queued lobby-6dbb0d7b-6c3c-4390-a28c-d4a4817adcb0-60 [memory: 64MB, platform: PAPER/1.21]
2026-08-25 22:55:49.764  INFO 23832--- [pool-7-thread-1] de.polocloud.node.services.queue.ServiceQueue : Queued lobby-6dbb0d7b-6c3c-4390-a28c-d4a4817adcb0-61 [memory: 64MB, platform: PAPER/1.21]
2026-08-25 22:55:49.764  INFO 23832--- [pool-7-thread-2] de.polocloud.node.services.queue.ServiceQueue : Queued lobby-6dbb0d7b-6c3c-4390-a28c-d4a4817adcb0-61 [memory: 64MB, platform: PAPER/1.21]
2026-08-25 22:55:49.764  INFO 23832--- [pool-7-thread-1] de.polocloud.node.services.queue.ServiceQueue : Queued lobby-6dbb0d7b-6c3c-4390-a28c-d4a4817adcb0-62 [memory: 64MB, platform: PAPER/1.21]
2026-08-25 22:55:49.765  INFO 23832--- [pool-7-thread-2] de.polocloud.node.services.queue.ServiceQueue : Queued lobby-6dbb0d7b-6c3c-4390-a28c-d4a4817adcb0-62 [memory: 64MB, platform: PAPER/1.21]
2026-08-25 22:55:49.765  INFO 23832--- [pool-7-thread-1] de.polocloud.node.services.queue.ServiceQueue : Queued lobby-6dbb0d7b-6c3c-4390-a28c-d4a4817adcb0-63 [memory: 64MB, platform: PAPER/1.21]
2026-08-25 22:55:49.765  INFO 23832--- [pool-7-thread-2] de.polocloud.node.services.queue.ServiceQueue : Queued lobby-6dbb0d7b-6c3c-4390-a28c-d4a4817adcb0-63 [memory: 64MB, platform: PAPER/1.21]
2026-08-25 22:55:49.765  INFO 23832--- [pool-7-thread-1] de.polocloud.node.services.queue.ServiceQueue : Queued lobby-6dbb0d7b-6c3c-4390-a28c-d4a4817adcb0-64 [memory: 64MB, platform: PAPER/1.21]
2026-08-25 22:55:49.765  INFO 23832--- [pool-7-thread-2] de.polocloud.node.services.queue.ServiceQueue : Queued lobby-6dbb0d7b-6c3c-4390-a28c-d4a4817adcb0-64 [memory: 64MB, platform: PAPER/1.21]
2026-08-25 22:55:49.765  INFO 23832--- [pool-7-thread-1] de.polocloud.node.services.queue.ServiceQueue : Queued lobby-6dbb0d7b-6c3c-4390-a28c-d4a4817adcb0-65 [memory: 64MB, platform: PAPER/1.21]
2026-08-25 22:55:49.765  INFO 23832--- [pool-7-thread-2] de.polocloud.node.services.queue.ServiceQueue : Queued lobby-6dbb0d7b-6c3c-4390-a28c-d4a4817adcb0-65 [memory: 64MB, platform: PAPER/1.21]
2026-08-25 22:55:49.765  INFO 23832--- [pool-7-thread-1] de.polocloud.node.services.queue.ServiceQueue : Queued lobby-6dbb0d7b-6c3c-4390-a28c-d4a4817adcb0-66 [memory: 64MB, platform: PAPER/1.21]
2026-08-25 22:55:49.765  INFO 23832--- [pool-7-thread-2] de.polocloud.node.services.queue.ServiceQueue : Queued lobby-6dbb0d7b-6c3c-4390-a28c-d4a4817adcb0-66 [memory: 64MB, platform: PAPER/1.21]
2026-08-25 22:55:49.766  INFO 23832--- [pool-7-thread-1] de.polocloud.node.services.queue.ServiceQueue : Queued lobby-6dbb0d7b-6c3c-4390-a28c-d4a4817adcb0-67 [memory: 64MB, platform: PAPER/1.21]
2026-08-25 22:55:49.766  INFO 23832--- [pool-7-thread-2] de.polocloud.node.services.queue.ServiceQueue : Queued lobby-6dbb0d7b-6c3c-4390-a28c-d4a4817adcb0-67 [memory: 64MB, platform: PAPER/1.21]
2026-08-25 22:55:49.766  INFO 23832--- [pool-7-thread-1] de.polocloud.node.services.queue.ServiceQueue : Queued lobby-6dbb0d7b-6c3c-4390-a28c-d4a4817adcb0-68 [memory: 64MB, platform: PAPER/1.21]
2026-08-25 22:55:49.766  INFO 23832--- [pool-7-thread-2] de.polocloud.node.services.queue.ServiceQueue : Queued lobby-6dbb0d7b-6c3c-4390-a28c-d4a4817adcb0-68 [memory: 64MB, platform: PAPER/1.21]
2026-08-25 22:55:49.766  INFO 23832--- [pool-7-thread-1] de.polocloud.node.services.queue.ServiceQueue : Queued lobby-6dbb0d7b-6c3c-4390-a28c-d4a4817adcb0-69 [memory: 64MB, platform: PAPER/1.21]
2026-08-25 22:55:49.766  INFO 23832--- [pool-7-thread-2] de.polocloud.node.services.queue.ServiceQueue : Queued lobby-6dbb0d7b-6c3c-4390-a28c-d4a4817adcb0-69 [memory: 64MB, platform: PAPER/1.21]
2026-08-25 22:55:49.766  INFO 23832--- [pool-7-thread-1] de.polocloud.node.services.queue.ServiceQueue : Queued lobby-6dbb0d7b-6c3c-4390-a28c-d4a4817adcb0-70 [memory: 64MB, platform: PAPER/1.21]
2026-08-25 22:55:49.766  INFO 23832--- [pool-7-thread-2] de.polocloud.node.services.queue.ServiceQueue : Queued lobby-6dbb0d7b-6c3c-4390-a28c-d4a4817adcb0-70 [memory: 64MB, platform: PAPER/1.21]
2026-08-25 22:55:49.766  INFO 23832--- [pool-7-thread-1] de.polocloud.node.services.queue.ServiceQueue : Queued lobby-6dbb0d7b-6c3c-4390-a28c-d4a4817adcb0-71 [memory: 64MB, platform: PAPER/1.21]
2026-08-25 22:55:49.766  INFO 23832--- [pool-7-thread-2] de.polocloud.node.services.queue.ServiceQueue : Queued lobby-6dbb0d7b-6c3c-4390-a28c-d4a4817adcb0-71 [memory: 64MB, platform: PAPER/1.21]
2026-08-25 22:55:49.767  INFO 23832--- [pool-7-thread-1] de.polocloud.node.services.queue.ServiceQueue : Queued lobby-6dbb0d7b-6c3c-4390-a28c-d4a4817adcb0-72 [memory: 64MB, platform: PAPER/1.21]
2026-08-25 22:55:49.767  INFO 23832--- [pool-7-thread-2] de.polocloud.node.services.queue.ServiceQueue : Queued lobby-6dbb0d7b-6c3c-4390-a28c-d4a4817adcb0-72 [memory: 64MB, platform: PAPER/1.21]
2026-08-25 22:55:49.767  INFO 23832--- [pool-7-thread-1] de.polocloud.node.services.queue.ServiceQueue : Queued lobby-6dbb0d7b-6c3c-4390-a28c-d4a4817adcb0-73 [memory: 64MB, platform: PAPER/1.21]
2026-08-25 22:55:49.767  INFO 23832--- [pool-7-thread-2] de.polocloud.node.services.queue.ServiceQueue : Queued lobby-6dbb0d7b-6c3c-4390-a28c-d4a4817adcb0-73 [memory: 64MB, platform: PAPER/1.21]
2026-08-25 22:55:49.767  INFO 23832--- [pool-7-thread-1] de.polocloud.node.services.queue.ServiceQueue : Queued lobby-6dbb0d7b-6c3c-4390-a28c-d4a4817adcb0-74 [memory: 64MB, platform: PAPER/1.21]
2026-08-25 22:55:49.767  INFO 23832--- [pool-7-thread-2] de.polocloud.node.services.queue.ServiceQueue : Queued lobby-6dbb0d7b-6c3c-4390-a28c-d4a4817adcb0-74 [memory: 64MB, platform: PAPER/1.21]
2026-08-25 22:55:49.767  INFO 23832--- [pool-7-thread-1] de.polocloud.node.services.queue.ServiceQueue : Queued lobby-6dbb0d7b-6c3c-4390-a28c-d4a4817adcb0-75 [memory: 64MB, platform: PAPER/1.21]
2026-08-25 22:55:49.767  INFO 23832--- [pool-7-thread-2] de.polocloud.node.services.queue.ServiceQueue : Queued lobby-6dbb0d7b-6c3c-4390-a28c-d4a4817adcb0-75 [memory: 64MB, platform: PAPER/1.21]
2026-08-25 22:55:49.767  INFO 23832--- [pool-7-thread-1] de.polocloud.node.services.queue.ServiceQueue : Queued lobby-6dbb0d7b-6c3c-4390-a28c-d4a4817adcb0-76 [memory: 64MB, platform: PAPER/1.21]
2026-08-25 22:55:49.768  INFO 23832--- [pool-7-thread-2] de.polocloud.node.services.queue.ServiceQueue : Queued lobby-6dbb0d7b-6c3c-4390-a28c-d4a4817adcb0-76 [memory: 64MB, platform: PAPER/1.21]
2026-08-25 22:55:49.768  INFO 23832--- [pool-7-thread-1] de.polocloud.node.services.queue.ServiceQueue : Queued lobby-6dbb0d7b-6c3c-4390-a28c-d4a4817adcb0-77 [memory: 64MB, platform: PAPER/1.21]
2026-08-25 22:55:49.768  INFO 23832--- [pool-7-thread-2] de.polocloud.node.services.queue.ServiceQueue : Queued lobby-6dbb0d7b-6c3c-4390-a28c-d4a4817adcb0-77 [memory: 64MB, platform: PAPER/1.21]
2026-08-25 22:55:49.768  INFO 23832--- [pool-7-thread-1] de.polocloud.node.services.queue.ServiceQueue : Queued lobby-6dbb0d7b-6c3c-4390-a28c-d4a4817adcb0-78 [memory: 64MB, platform: PAPER/1.21]
2026-08-25 22:55:49.768  INFO 23832--- [pool-7-thread-2] de.polocloud.node.services.queue.ServiceQueue : Queued lobby-6dbb0d7b-6c3c-4390-a28c-d4a4817adcb0-78 [memory: 64MB, platform: PAPER/1.21]
2026-08-25 22:55:49.768  INFO 23832--- [pool-7-thread-1] de.polocloud.node.services.queue.ServiceQueue : Queued lobby-6dbb0d7b-6c3c-4390-a28c-d4a4817adcb0-79 [memory: 64MB, platform: PAPER/1.21]
2026-08-25 22:55:49.768  INFO 23832--- [pool-7-thread-2] de.polocloud.node.services.queue.ServiceQueue : Queued lobby-6dbb0d7b-6c3c-4390-a28c-d4a4817adcb0-79 [memory: 64MB, platform: PAPER/1.21]
2026-08-25 22:55:49.768  INFO 23832--- [pool-7-thread-1] de.polocloud.node.services.queue.ServiceQueue : Queued lobby-6dbb0d7b-6c3c-4390-a28c-d4a4817adcb0-80 [memory: 64MB, platform: PAPER/1.21]
2026-08-25 22:55:49.768  INFO 23832--- [pool-7-thread-2] de.polocloud.node.services.queue.ServiceQueue : Queued lobby-6dbb0d7b-6c3c-4390-a28c-d4a4817adcb0-80 [memory: 64MB, platform: PAPER/1.21]
2026-08-25 22:55:49.768  INFO 23832--- [pool-7-thread-1] de.polocloud.node.services.queue.ServiceQueue : Queued lobby-6dbb0d7b-6c3c-4390-a28c-d4a4817adcb0-81 [memory: 64MB, platform: PAPER/1.21]
2026-08-25 22:55:49.768  INFO 23832--- [pool-7-thread-2] de.polocloud.node.services.queue.ServiceQueue : Queued lobby-6dbb0d7b-6c3c-4390-a28c-d4a4817adcb0-81 [memory: 64MB, platform: PAPER/1.21]
2026-08-25 22:55:49.769  INFO 23832--- [pool-7-thread-1] de.polocloud.node.services.queue.ServiceQueue : Queued lobby-6dbb0d7b-6c3c-4390-a28c-d4a4817adcb0-82 [memory: 64MB, platform: PAPER/1.21]
2026-08-25 22:55:49.769  INFO 23832--- [pool-7-thread-2] de.polocloud.node.services.queue.ServiceQueue : Queued lobby-6dbb0d7b-6c3c-4390-a28c-d4a4817adcb0-82 [memory: 64MB, platform: PAPER/1.21]
2026-08-25 22:55:49.769  INFO 23832--- [pool-7-thread-1] de.polocloud.node.services.queue.ServiceQueue : Queued lobby-6dbb0d7b-6c3c-4390-a28c-d4a4817adcb0-83 [memory: 64MB, platform: PAPER/1.21]
2026-08-25 22:55:49.769  INFO 23832--- [pool-7-thread-2] de.polocloud.node.services.queue.ServiceQueue : Queued lobby-6dbb0d7b-6c3c-4390-a28c-d4a4817adcb0-83 [memory: 64MB, platform: PAPER/1.21]
2026-08-25 22:55:49.769  INFO 23832--- [pool-7-thread-1] de.polocloud.node.services.queue.ServiceQueue : Queued lobby-6dbb0d7b-6c3c-4390-a28c-d4a4817adcb0-84 [memory: 64MB, platform: PAPER/1.21]
2026-08-25 22:55:49.769  INFO 23832--- [pool-7-thread-2] de.polocloud.node.services.queue.ServiceQueue : Queued lobby-6dbb0d7b-6c3c-4390-a28c-d4a4817adcb0-84 [memory: 64MB, platform: PAPER/1.21]
2026-08-25 22:55:49.769  INFO 23832--- [pool-7-thread-1] de.polocloud.node.services.queue.ServiceQueue : Queued lobby-6dbb0d7b-6c3c-4390-a28c-d4a4817adcb0-85 [memory: 64MB, platform: PAPER/1.21]
2026-08-25 22:55:49.769  INFO 23832--- [pool-7-thread-2] de.polocloud.node.services.queue.ServiceQueue : Queued lobby-6dbb0d7b-6c3c-4390-a28c-d4a4817adcb0-85 [memory: 64MB, platform: PAPER/1.21]
2026-08-25 22:55:49.769  INFO 23832--- [pool-7-thread-1] de.polocloud.node.services.queue.ServiceQueue : Queued lobby-6dbb0d7b-6c3c-4390-a28c-d4a4817adcb0-86 [memory: 64MB, platform: PAPER/1.21]
2026-08-25 22:55:49.769  INFO 23832--- [pool-7-thread-2] de.polocloud.node.services.queue.ServiceQueue : Queued lobby-6dbb0d7b-6c3c-4390-a28c-d4a4817adcb0-86 [memory: 64MB, platform: PAPER/1.21]
2026-08-25 22:55:49.769  INFO 23832--- [pool-7-thread-1] de.polocloud.node.services.queue.ServiceQueue : Queued lobby-6dbb0d7b-6c3c-4390-a28c-d4a4817adcb0-87 [memory: 64MB, platform: PAPER/1.21]
2026-08-25 22:55:49.769  INFO 23832--- [pool-7-thread-2] de.polocloud.node.services.queue.ServiceQueue : Queued lobby-6dbb0d7b-6c3c-4390-a28c-d4a4817adcb0-87 [memory: 64MB, platform: PAPER/1.21]
2026-08-25 22:55:49.769  INFO 23832--- [pool-7-thread-1] de.polocloud.node.services.queue.ServiceQueue : Queued lobby-6dbb0d7b-6c3c-4390-a28c-d4a4817adcb0-88 [memory: 64MB, platform: PAPER/1.21]
2026-08-25 22:55:49.770  INFO 23832--- [pool-7-thread-2] de.polocloud.node.services.queue.ServiceQueue : Queued lobby-6dbb0d7b-6c3c-4390-a28c-d4a4817adcb0-88 [memory: 64MB, platform: PAPER/1.21]
2026-08-25 22:55:49.770  INFO 23832--- [pool-7-thread-1] de.polocloud.node.services.queue.ServiceQueue : Queued lobby-6dbb0d7b-6c3c-4390-a28c-d4a4817adcb0-89 [memory: 64MB, platform: PAPER/1.21]
2026-08-25 22:55:49.770  INFO 23832--- [pool-7-thread-2] de.polocloud.node.services.queue.ServiceQueue : Queued lobby-6dbb0d7b-6c3c-4390-a28c-d4a4817adcb0-89 [memory: 64MB, platform: PAPER/1.21]
2026-08-25 22:55:49.770  INFO 23832--- [pool-7-thread-1] de.polocloud.node.services.queue.ServiceQueue : Queued lobby-6dbb0d7b-6c3c-4390-a28c-d4a4817adcb0-90 [memory: 64MB, platform: PAPER/1.21]
2026-08-25 22:55:49.770  INFO 23832--- [pool-7-thread-2] de.polocloud.node.services.queue.ServiceQueue : Queued lobby-6dbb0d7b-6c3c-4390-a28c-d4a4817adcb0-90 [memory: 64MB, platform: PAPER/1.21]
2026-08-25 22:55:49.770  INFO 23832--- [pool-7-thread-1] de.polocloud.node.services.queue.ServiceQueue : Queued lobby-6dbb0d7b-6c3c-4390-a28c-d4a4817adcb0-91 [memory: 64MB, platform: PAPER/1.21]
2026-08-25 22:55:49.770  INFO 23832--- [pool-7-thread-2] de.polocloud.node.services.queue.ServiceQueue : Queued lobby-6dbb0d7b-6c3c-4390-a28c-d4a4817adcb0-91 [memory: 64MB, platform: PAPER/1.21]
2026-08-25 22:55:49.770  INFO 23832--- [pool-7-thread-1] de.polocloud.node.services.queue.ServiceQueue : Queued lobby-6dbb0d7b-6c3c-4390-a28c-d4a4817adcb0-92 [memory: 64MB, platform: PAPER/1.21]
2026-08-25 22:55:49.770  INFO 23832--- [pool-7-thread-2] de.polocloud.node.services.queue.ServiceQueue : Queued lobby-6dbb0d7b-6c3c-4390-a28c-d4a4817adcb0-92 [memory: 64MB, platform: PAPER/1.21]
2026-08-25 22:55:49.771  INFO 23832--- [pool-7-thread-1] de.polocloud.node.services.queue.ServiceQueue : Queued lobby-6dbb0d7b-6c3c-4390-a28c-d4a4817adcb0-93 [memory: 64MB, platform: PAPER/1.21]
2026-08-25 22:55:49.771  INFO 23832--- [pool-7-thread-2] de.polocloud.node.services.queue.ServiceQueue : Queued lobby-6dbb0d7b-6c3c-4390-a28c-d4a4817adcb0-93 [memory: 64MB, platform: PAPER/1.21]
2026-08-25 22:55:49.771  INFO 23832--- [pool-7-thread-1] de.polocloud.node.services.queue.ServiceQueue : Queued lobby-6dbb0d7b-6c3c-4390-a28c-d4a4817adcb0-94 [memory: 64MB, platform: PAPER/1.21]
2026-08-25 22:55:49.771  INFO 23832--- [pool-7-thread-2] de.polocloud.node.services.queue.ServiceQueue : Queued lobby-6dbb0d7b-6c3c-4390-a28c-d4a4817adcb0-94 [memory: 64MB, platform: PAPER/1.21]
2026-08-25 22:55:49.771  INFO 23832--- [pool-7-thread-1] de.polocloud.node.services.queue.ServiceQueue : Queued lobby-6dbb0d7b-6c3c-4390-a28c-d4a4817adcb0-95 [memory: 64MB, platform: PAPER/1.21]
2026-08-25 22:55:49.771  INFO 23832--- [pool-7-thread-2] de.polocloud.node.services.queue.ServiceQueue : Queued lobby-6dbb0d7b-6c3c-4390-a28c-d4a4817adcb0-95 [memory: 64MB, platform: PAPER/1.21]
2026-08-25 22:55:49.771  INFO 23832--- [pool-7-thread-1] de.polocloud.node.services.queue.ServiceQueue : Queued lobby-6dbb0d7b-6c3c-4390-a28c-d4a4817adcb0-96 [memory: 64MB, platform: PAPER/1.21]
2026-08-25 22:55:49.772  INFO 23832--- [pool-7-thread-2] de.polocloud.node.services.queue.ServiceQueue : Queued lobby-6dbb0d7b-6c3c-4390-a28c-d4a4817adcb0-96 [memory: 64MB, platform: PAPER/1.21]
2026-08-25 22:55:49.772  INFO 23832--- [pool-7-thread-1] de.polocloud.node.services.queue.ServiceQueue : Queued lobby-6dbb0d7b-6c3c-4390-a28c-d4a4817adcb0-97 [memory: 64MB, platform: PAPER/1.21]
2026-08-25 22:55:49.772  INFO 23832--- [pool-7-thread-2] de.polocloud.node.services.queue.ServiceQueue : Queued lobby-6dbb0d7b-6c3c-4390-a28c-d4a4817adcb0-97 [memory: 64MB, platform: PAPER/1.21]
2026-08-25 22:55:49.772  INFO 23832--- [pool-7-thread-1] de.polocloud.node.services.queue.ServiceQueue : Queued lobby-6dbb0d7b-6c3c-4390-a28c-d4a4817adcb0-98 [memory: 64MB, platform: PAPER/1.21]
2026-08-25 22:55:49.772  INFO 23832--- [pool-7-thread-2] de.polocloud.node.services.queue.ServiceQueue : Queued lobby-6dbb0d7b-6c3c-4390-a28c-d4a4817adcb0-98 [memory: 64MB, platform: PAPER/1.21]
2026-08-25 22:55:49.772  INFO 23832--- [pool-7-thread-1] de.polocloud.node.services.queue.ServiceQueue : Queued lobby-6dbb0d7b-6c3c-4390-a28c-d4a4817adcb0-99 [memory: 64MB, platform: PAPER/1.21]
2026-08-25 22:55:49.772  INFO 23832--- [pool-7-thread-2] de.polocloud.node.services.queue.ServiceQueue : Queued lobby-6dbb0d7b-6c3c-4390-a28c-d4a4817adcb0-99 [memory: 64MB, platform: PAPER/1.21]
2026-08-25 22:55:49.773  INFO 23832--- [pool-7-thread-1] de.polocloud.node.services.queue.ServiceQueue : Queued lobby-6dbb0d7b-6c3c-4390-a28c-d4a4817adcb0-100 [memory: 64MB, platform: PAPER/1.21]
2026-08-25 22:55:49.773  INFO 23832--- [pool-7-thread-2] de.polocloud.node.services.queue.ServiceQueue : Queued lobby-6dbb0d7b-6c3c-4390-a28c-d4a4817adcb0-100 [memory: 64MB, platform: PAPER/1.21]
2026-08-25 22:55:49.773  INFO 23832--- [pool-7-thread-1] de.polocloud.node.services.queue.ServiceQueue : Queued lobby-6dbb0d7b-6c3c-4390-a28c-d4a4817adcb0-101 [memory: 64MB, platform: PAPER/1.21]
2026-08-25 22:55:49.773  INFO 23832--- [pool-7-thread-2] de.polocloud.node.services.queue.ServiceQueue : Queued lobby-6dbb0d7b-6c3c-4390-a28c-d4a4817adcb0-101 [memory: 64MB, platform: PAPER/1.21]
2026-08-25 22:55:49.773  INFO 23832--- [pool-7-thread-1] de.polocloud.node.services.queue.ServiceQueue : Queued lobby-6dbb0d7b-6c3c-4390-a28c-d4a4817adcb0-102 [memory: 64MB, platform: PAPER/1.21]
2026-08-25 22:55:49.773  INFO 23832--- [pool-7-thread-2] de.polocloud.node.services.queue.ServiceQueue : Queued lobby-6dbb0d7b-6c3c-4390-a28c-d4a4817adcb0-102 [memory: 64MB, platform: PAPER/1.21]
2026-08-25 22:55:49.773  INFO 23832--- [pool-7-thread-1] de.polocloud.node.services.queue.ServiceQueue : Queued lobby-6dbb0d7b-6c3c-4390-a28c-d4a4817adcb0-103 [memory: 64MB, platform: PAPER/1.21]
2026-08-25 22:55:49.773  INFO 23832--- [pool-7-thread-2] de.polocloud.node.services.queue.ServiceQueue : Queued lobby-6dbb0d7b-6c3c-4390-a28c-d4a4817adcb0-103 [memory: 64MB, platform: PAPER/1.21]
2026-08-25 22:55:49.774  INFO 23832--- [pool-7-thread-1] de.polocloud.node.services.queue.ServiceQueue : Queued lobby-6dbb0d7b-6c3c-4390-a28c-d4a4817adcb0-104 [memory: 64MB, platform: PAPER/1.21]
2026-08-25 22:55:49.774  INFO 23832--- [pool-7-thread-2] de.polocloud.node.services.queue.ServiceQueue : Queued lobby-6dbb0d7b-6c3c-4390-a28c-d4a4817adcb0-104 [memory: 64MB, platform: PAPER/1.21]
2026-08-25 22:55:49.774  INFO 23832--- [pool-7-thread-1] de.polocloud.node.services.queue.ServiceQueue : Queued lobby-6dbb0d7b-6c3c-4390-a28c-d4a4817adcb0-105 [memory: 64MB, platform: PAPER/1.21]
2026-08-25 22:55:49.774  INFO 23832--- [pool-7-thread-2] de.polocloud.node.services.queue.ServiceQueue : Queued lobby-6dbb0d7b-6c3c-4390-a28c-d4a4817adcb0-105 [memory: 64MB, platform: PAPER/1.21]
2026-08-25 22:55:49.774  INFO 23832--- [pool-7-thread-1] de.polocloud.node.services.queue.ServiceQueue : Queued lobby-6dbb0d7b-6c3c-4390-a28c-d4a4817adcb0-106 [memory: 64MB, platform: PAPER/1.21]
2026-08-25 22:55:49.776  INFO 23832--- [pool-7-thread-2] de.polocloud.node.services.queue.ServiceQueue : Queued lobby-6dbb0d7b-6c3c-4390-a28c-d4a4817adcb0-106 [memory: 64MB, platform: PAPER/1.21]
2026-08-25 22:55:49.776  INFO 23832--- [pool-7-thread-1] de.polocloud.node.services.queue.ServiceQueue : Queued lobby-6dbb0d7b-6c3c-4390-a28c-d4a4817adcb0-107 [memory: 64MB, platform: PAPER/1.21]
2026-08-25 22:55:49.777  INFO 23832--- [pool-7-thread-2] de.polocloud.node.services.queue.ServiceQueue : Queued lobby-6dbb0d7b-6c3c-4390-a28c-d4a4817adcb0-107 [memory: 64MB, platform: PAPER/1.21]
2026-08-25 22:55:49.777  INFO 23832--- [pool-7-thread-1] de.polocloud.node.services.queue.ServiceQueue : Queued lobby-6dbb0d7b-6c3c-4390-a28c-d4a4817adcb0-108 [memory: 64MB, platform: PAPER/1.21]
2026-08-25 22:55:49.777  INFO 23832--- [pool-7-thread-2] de.polocloud.node.services.queue.ServiceQueue : Queued lobby-6dbb0d7b-6c3c-4390-a28c-d4a4817adcb0-108 [memory: 64MB, platform: PAPER/1.21]
2026-08-25 22:55:49.777  INFO 23832--- [pool-7-thread-1] de.polocloud.node.services.queue.ServiceQueue : Queued lobby-6dbb0d7b-6c3c-4390-a28c-d4a4817adcb0-109 [memory: 64MB, platform: PAPER/1.21]
2026-08-25 22:55:49.777  INFO 23832--- [pool-7-thread-2] de.polocloud.node.services.queue.ServiceQueue : Queued lobby-6dbb0d7b-6c3c-4390-a28c-d4a4817adcb0-109 [memory: 64MB, platform: PAPER/1.21]
2026-08-25 22:55:49.777  INFO 23832--- [pool-7-thread-1] de.polocloud.node.services.queue.ServiceQueue : Queued lobby-6dbb0d7b-6c3c-4390-a28c-d4a4817adcb0-110 [memory: 64MB, platform: PAPER/1.21]
2026-08-25 22:55:49.777  INFO 23832--- [pool-7-thread-2] de.polocloud.node.services.queue.ServiceQueue : Queued lobby-6dbb0d7b-6c3c-4390-a28c-d4a4817adcb0-110 [memory: 64MB, platform: PAPER/1.21]
2026-08-25 22:55:49.777  INFO 23832--- [pool-7-thread-1] de.polocloud.node.services.queue.ServiceQueue : Queued lobby-6dbb0d7b-6c3c-4390-a28c-d4a4817adcb0-111 [memory: 64MB, platform: PAPER/1.21]
2026-08-25 22:55:49.778  INFO 23832--- [pool-7-thread-2] de.polocloud.node.services.queue.ServiceQueue : Queued lobby-6dbb0d7b-6c3c-4390-a28c-d4a4817adcb0-111 [memory: 64MB, platform: PAPER/1.21]
2026-08-25 22:55:49.778  INFO 23832--- [pool-7-thread-1] de.polocloud.node.services.queue.ServiceQueue : Queued lobby-6dbb0d7b-6c3c-4390-a28c-d4a4817adcb0-112 [memory: 64MB, platform: PAPER/1.21]
2026-08-25 22:55:49.778  INFO 23832--- [pool-7-thread-2] de.polocloud.node.services.queue.ServiceQueue : Queued lobby-6dbb0d7b-6c3c-4390-a28c-d4a4817adcb0-112 [memory: 64MB, platform: PAPER/1.21]
2026-08-25 22:55:49.778  INFO 23832--- [pool-7-thread-1] de.polocloud.node.services.queue.ServiceQueue : Queued lobby-6dbb0d7b-6c3c-4390-a28c-d4a4817adcb0-113 [memory: 64MB, platform: PAPER/1.21]
2026-08-25 22:55:49.778  INFO 23832--- [pool-7-thread-2] de.polocloud.node.services.queue.ServiceQueue : Queued lobby-6dbb0d7b-6c3c-4390-a28c-d4a4817adcb0-113 [memory: 64MB, platform: PAPER/1.21]
2026-08-25 22:55:49.778  INFO 23832--- [pool-7-thread-1] de.polocloud.node.services.queue.ServiceQueue : Queued lobby-6dbb0d7b-6c3c-4390-a28c-d4a4817adcb0-114 [memory: 64MB, platform: PAPER/1.21]
2026-08-25 22:55:49.778  INFO 23832--- [pool-7-thread-2] de.polocloud.node.services.queue.ServiceQueue : Queued lobby-6dbb0d7b-6c3c-4390-a28c-d4a4817adcb0-114 [memory: 64MB, platform: PAPER/1.21]
2026-08-25 22:55:49.778  INFO 23832--- [pool-7-thread-1] de.polocloud.node.services.queue.ServiceQueue : Queued lobby-6dbb0d7b-6c3c-4390-a28c-d4a4817adcb0-115 [memory: 64MB, platform: PAPER/1.21]
2026-08-25 22:55:49.779  INFO 23832--- [pool-7-thread-2] de.polocloud.node.services.queue.ServiceQueue : Queued lobby-6dbb0d7b-6c3c-4390-a28c-d4a4817adcb0-115 [memory: 64MB, platform: PAPER/1.21]
2026-08-25 22:55:49.779  INFO 23832--- [pool-7-thread-1] de.polocloud.node.services.queue.ServiceQueue : Queued lobby-6dbb0d7b-6c3c-4390-a28c-d4a4817adcb0-116 [memory: 64MB, platform: PAPER/1.21]
2026-08-25 22:55:49.779  INFO 23832--- [pool-7-thread-2] de.polocloud.node.services.queue.ServiceQueue : Queued lobby-6dbb0d7b-6c3c-4390-a28c-d4a4817adcb0-116 [memory: 64MB, platform: PAPER/1.21]
2026-08-25 22:55:49.779  INFO 23832--- [pool-7-thread-1] de.polocloud.node.services.queue.ServiceQueue : Queued lobby-6dbb0d7b-6c3c-4390-a28c-d4a4817adcb0-117 [memory: 64MB, platform: PAPER/1.21]
2026-08-25 22:55:49.779  INFO 23832--- [pool-7-thread-2] de.polocloud.node.services.queue.ServiceQueue : Queued lobby-6dbb0d7b-6c3c-4390-a28c-d4a4817adcb0-117 [memory: 64MB, platform: PAPER/1.21]
2026-08-25 22:55:49.779  INFO 23832--- [pool-7-thread-1] de.polocloud.node.services.queue.ServiceQueue : Queued lobby-6dbb0d7b-6c3c-4390-a28c-d4a4817adcb0-118 [memory: 64MB, platform: PAPER/1.21]
2026-08-25 22:55:49.779  INFO 23832--- [pool-7-thread-2] de.polocloud.node.services.queue.ServiceQueue : Queued lobby-6dbb0d7b-6c3c-4390-a28c-d4a4817adcb0-118 [memory: 64MB, platform: PAPER/1.21]
2026-08-25 22:55:49.779  INFO 23832--- [pool-7-thread-1] de.polocloud.node.services.queue.ServiceQueue : Queued lobby-6dbb0d7b-6c3c-4390-a28c-d4a4817adcb0-119 [memory: 64MB, platform: PAPER/1.21]
2026-08-25 22:55:49.779  INFO 23832--- [pool-7-thread-2] de.polocloud.node.services.queue.ServiceQueue : Queued lobby-6dbb0d7b-6c3c-4390-a28c-d4a4817adcb0-119 [memory: 64MB, platform: PAPER/1.21]
2026-08-25 22:55:49.779  INFO 23832--- [pool-7-thread-1] de.polocloud.node.services.queue.ServiceQueue : Queued lobby-6dbb0d7b-6c3c-4390-a28c-d4a4817adcb0-120 [memory: 64MB, platform: PAPER/1.21]
2026-08-25 22:55:49.779  INFO 23832--- [pool-7-thread-2] de.polocloud.node.services.queue.ServiceQueue : Queued lobby-6dbb0d7b-6c3c-4390-a28c-d4a4817adcb0-120 [memory: 64MB, platform: PAPER/1.21]
2026-08-25 22:55:49.779  INFO 23832--- [pool-7-thread-1] de.polocloud.node.services.queue.ServiceQueue : Queued lobby-6dbb0d7b-6c3c-4390-a28c-d4a4817adcb0-121 [memory: 64MB, platform: PAPER/1.21]
2026-08-25 22:55:49.780  INFO 23832--- [pool-7-thread-2] de.polocloud.node.services.queue.ServiceQueue : Queued lobby-6dbb0d7b-6c3c-4390-a28c-d4a4817adcb0-121 [memory: 64MB, platform: PAPER/1.21]
2026-08-25 22:55:49.780  INFO 23832--- [pool-7-thread-1] de.polocloud.node.services.queue.ServiceQueue : Queued lobby-6dbb0d7b-6c3c-4390-a28c-d4a4817adcb0-122 [memory: 64MB, platform: PAPER/1.21]
2026-08-25 22:55:49.780  INFO 23832--- [pool-7-thread-2] de.polocloud.node.services.queue.ServiceQueue : Queued lobby-6dbb0d7b-6c3c-4390-a28c-d4a4817adcb0-122 [memory: 64MB, platform: PAPER/1.21]
2026-08-25 22:55:49.780  INFO 23832--- [pool-7-thread-1] de.polocloud.node.services.queue.ServiceQueue : Queued lobby-6dbb0d7b-6c3c-4390-a28c-d4a4817adcb0-123 [memory: 64MB, platform: PAPER/1.21]
2026-08-25 22:55:49.780  INFO 23832--- [pool-7-thread-2] de.polocloud.node.services.queue.ServiceQueue : Queued lobby-6dbb0d7b-6c3c-4390-a28c-d4a4817adcb0-123 [memory: 64MB, platform: PAPER/1.21]
2026-08-25 22:55:49.780  INFO 23832--- [pool-7-thread-1] de.polocloud.node.services.queue.ServiceQueue : Queued lobby-6dbb0d7b-6c3c-4390-a28c-d4a4817adcb0-124 [memory: 64MB, platform: PAPER/1.21]
2026-08-25 22:55:49.780  INFO 23832--- [pool-7-thread-2] de.polocloud.node.services.queue.ServiceQueue : Queued lobby-6dbb0d7b-6c3c-4390-a28c-d4a4817adcb0-124 [memory: 64MB, platform: PAPER/1.21]
2026-08-25 22:55:49.781  INFO 23832--- [pool-7-thread-1] de.polocloud.node.services.queue.ServiceQueue : Queued lobby-6dbb0d7b-6c3c-4390-a28c-d4a4817adcb0-125 [memory: 64MB, platform: PAPER/1.21]
2026-08-25 22:55:49.781  INFO 23832--- [pool-7-thread-2] de.polocloud.node.services.queue.ServiceQueue : Queued lobby-6dbb0d7b-6c3c-4390-a28c-d4a4817adcb0-125 [memory: 64MB, platform: PAPER/1.21]
2026-08-25 22:55:49.781  INFO 23832--- [pool-7-thread-1] de.polocloud.node.services.queue.ServiceQueue : Queued lobby-6dbb0d7b-6c3c-4390-a28c-d4a4817adcb0-126 [memory: 64MB, platform: PAPER/1.21]
2026-08-25 22:55:49.781  INFO 23832--- [pool-7-thread-2] de.polocloud.node.services.queue.ServiceQueue : Queued lobby-6dbb0d7b-6c3c-4390-a28c-d4a4817adcb0-126 [memory: 64MB, platform: PAPER/1.21]
2026-08-25 22:55:49.781  INFO 23832--- [pool-7-thread-1] de.polocloud.node.services.queue.ServiceQueue : Queued lobby-6dbb0d7b-6c3c-4390-a28c-d4a4817adcb0-127 [memory: 64MB, platform: PAPER/1.21]
2026-08-25 22:55:49.781  INFO 23832--- [pool-7-thread-2] de.polocloud.node.services.queue.ServiceQueue : Queued lobby-6dbb0d7b-6c3c-4390-a28c-d4a4817adcb0-127 [memory: 64MB, platform: PAPER/1.21]
2026-08-25 22:55:49.781  INFO 23832--- [pool-7-thread-1] de.polocloud.node.services.queue.ServiceQueue : Queued lobby-6dbb0d7b-6c3c-4390-a28c-d4a4817adcb0-128 [memory: 64MB, platform: PAPER/1.21]
2026-08-25 22:55:49.781  INFO 23832--- [pool-7-thread-2] de.polocloud.node.services.queue.ServiceQueue : Queued lobby-6dbb0d7b-6c3c-4390-a28c-d4a4817adcb0-128 [memory: 64MB, platform: PAPER/1.21]
2026-08-25 22:55:49.781  INFO 23832--- [pool-7-thread-1] de.polocloud.node.services.queue.ServiceQueue : Queued lobby-6dbb0d7b-6c3c-4390-a28c-d4a4817adcb0-129 [memory: 64MB, platform: PAPER/1.21]
2026-08-25 22:55:49.782  INFO 23832--- [pool-7-thread-2] de.polocloud.node.services.queue.ServiceQueue : Queued lobby-6dbb0d7b-6c3c-4390-a28c-d4a4817adcb0-129 [memory: 64MB, platform: PAPER/1.21]
2026-08-25 22:55:49.782  INFO 23832--- [pool-7-thread-1] de.polocloud.node.services.queue.ServiceQueue : Queued lobby-6dbb0d7b-6c3c-4390-a28c-d4a4817adcb0-130 [memory: 64MB, platform: PAPER/1.21]
2026-08-25 22:55:49.782  INFO 23832--- [pool-7-thread-2] de.polocloud.node.services.queue.ServiceQueue : Queued lobby-6dbb0d7b-6c3c-4390-a28c-d4a4817adcb0-130 [memory: 64MB, platform: PAPER/1.21]
2026-08-25 22:55:49.782  INFO 23832--- [pool-7-thread-1] de.polocloud.node.services.queue.ServiceQueue : Queued lobby-6dbb0d7b-6c3c-4390-a28c-d4a4817adcb0-131 [memory: 64MB, platform: PAPER/1.21]
2026-08-25 22:55:49.782  INFO 23832--- [pool-7-thread-2] de.polocloud.node.services.queue.ServiceQueue : Queued lobby-6dbb0d7b-6c3c-4390-a28c-d4a4817adcb0-131 [memory: 64MB, platform: PAPER/1.21]
2026-08-25 22:55:49.782  INFO 23832--- [pool-7-thread-1] de.polocloud.node.services.queue.ServiceQueue : Queued lobby-6dbb0d7b-6c3c-4390-a28c-d4a4817adcb0-132 [memory: 64MB, platform: PAPER/1.21]
2026-08-25 22:55:49.782  INFO 23832--- [pool-7-thread-2] de.polocloud.node.services.queue.ServiceQueue : Queued lobby-6dbb0d7b-6c3c-4390-a28c-d4a4817adcb0-132 [memory: 64MB, platform: PAPER/1.21]
2026-08-25 22:55:49.782  INFO 23832--- [pool-7-thread-1] de.polocloud.node.services.queue.ServiceQueue : Queued lobby-6dbb0d7b-6c3c-4390-a28c-d4a4817adcb0-133 [memory: 64MB, platform: PAPER/1.21]
2026-08-25 22:55:49.782  INFO 23832--- [pool-7-thread-2] de.polocloud.node.services.queue.ServiceQueue : Queued lobby-6dbb0d7b-6c3c-4390-a28c-d4a4817adcb0-133 [memory: 64MB, platform: PAPER/1.21]
2026-08-25 22:55:49.782  INFO 23832--- [pool-7-thread-2] de.polocloud.node.services.queue.ServiceQueue : Queued lobby-6dbb0d7b-6c3c-4390-a28c-d4a4817adcb0-134 [memory: 64MB, platform: PAPER/1.21]
2026-08-25 22:55:49.783  INFO 23832--- [pool-7-thread-1] de.polocloud.node.services.queue.ServiceQueue : Queued lobby-6dbb0d7b-6c3c-4390-a28c-d4a4817adcb0-134 [memory: 64MB, platform: PAPER/1.21]
2026-08-25 22:55:49.783  INFO 23832--- [pool-7-thread-2] de.polocloud.node.services.queue.ServiceQueue : Queued lobby-6dbb0d7b-6c3c-4390-a28c-d4a4817adcb0-135 [memory: 64MB, platform: PAPER/1.21]
2026-08-25 22:55:49.783  INFO 23832--- [pool-7-thread-1] de.polocloud.node.services.queue.ServiceQueue : Queued lobby-6dbb0d7b-6c3c-4390-a28c-d4a4817adcb0-135 [memory: 64MB, platform: PAPER/1.21]
2026-08-25 22:55:49.783  INFO 23832--- [pool-7-thread-2] de.polocloud.node.services.queue.ServiceQueue : Queued lobby-6dbb0d7b-6c3c-4390-a28c-d4a4817adcb0-136 [memory: 64MB, platform: PAPER/1.21]
2026-08-25 22:55:49.783  INFO 23832--- [pool-7-thread-1] de.polocloud.node.services.queue.ServiceQueue : Queued lobby-6dbb0d7b-6c3c-4390-a28c-d4a4817adcb0-136 [memory: 64MB, platform: PAPER/1.21]
2026-08-25 22:55:49.783  INFO 23832--- [pool-7-thread-2] de.polocloud.node.services.queue.ServiceQueue : Queued lobby-6dbb0d7b-6c3c-4390-a28c-d4a4817adcb0-137 [memory: 64MB, platform: PAPER/1.21]
2026-08-25 22:55:49.783  INFO 23832--- [pool-7-thread-1] de.polocloud.node.services.queue.ServiceQueue : Queued lobby-6dbb0d7b-6c3c-4390-a28c-d4a4817adcb0-137 [memory: 64MB, platform: PAPER/1.21]
2026-08-25 22:55:49.783  INFO 23832--- [pool-7-thread-2] de.polocloud.node.services.queue.ServiceQueue : Queued lobby-6dbb0d7b-6c3c-4390-a28c-d4a4817adcb0-138 [memory: 64MB, platform: PAPER/1.21]
2026-08-25 22:55:49.783  INFO 23832--- [pool-7-thread-1] de.polocloud.node.services.queue.ServiceQueue : Queued lobby-6dbb0d7b-6c3c-4390-a28c-d4a4817adcb0-138 [memory: 64MB, platform: PAPER/1.21]
2026-08-25 22:55:49.784  INFO 23832--- [pool-7-thread-2] de.polocloud.node.services.queue.ServiceQueue : Queued lobby-6dbb0d7b-6c3c-4390-a28c-d4a4817adcb0-139 [memory: 64MB, platform: PAPER/1.21]
2026-08-25 22:55:49.784  INFO 23832--- [pool-7-thread-1] de.polocloud.node.services.queue.ServiceQueue : Queued lobby-6dbb0d7b-6c3c-4390-a28c-d4a4817adcb0-139 [memory: 64MB, platform: PAPER/1.21]
2026-08-25 22:55:49.784  INFO 23832--- [pool-7-thread-2] de.polocloud.node.services.queue.ServiceQueue : Queued lobby-6dbb0d7b-6c3c-4390-a28c-d4a4817adcb0-140 [memory: 64MB, platform: PAPER/1.21]
2026-08-25 22:55:49.784  INFO 23832--- [pool-7-thread-1] de.polocloud.node.services.queue.ServiceQueue : Queued lobby-6dbb0d7b-6c3c-4390-a28c-d4a4817adcb0-140 [memory: 64MB, platform: PAPER/1.21]
2026-08-25 22:55:49.784  INFO 23832--- [pool-7-thread-2] de.polocloud.node.services.queue.ServiceQueue : Queued lobby-6dbb0d7b-6c3c-4390-a28c-d4a4817adcb0-141 [memory: 64MB, platform: PAPER/1.21]
2026-08-25 22:55:49.784  INFO 23832--- [pool-7-thread-1] de.polocloud.node.services.queue.ServiceQueue : Queued lobby-6dbb0d7b-6c3c-4390-a28c-d4a4817adcb0-141 [memory: 64MB, platform: PAPER/1.21]
2026-08-25 22:55:49.784  INFO 23832--- [pool-7-thread-2] de.polocloud.node.services.queue.ServiceQueue : Queued lobby-6dbb0d7b-6c3c-4390-a28c-d4a4817adcb0-142 [memory: 64MB, platform: PAPER/1.21]
2026-08-25 22:55:49.784  INFO 23832--- [pool-7-thread-1] de.polocloud.node.services.queue.ServiceQueue : Queued lobby-6dbb0d7b-6c3c-4390-a28c-d4a4817adcb0-142 [memory: 64MB, platform: PAPER/1.21]
2026-08-25 22:55:49.784  INFO 23832--- [pool-7-thread-2] de.polocloud.node.services.queue.ServiceQueue : Queued lobby-6dbb0d7b-6c3c-4390-a28c-d4a4817adcb0-143 [memory: 64MB, platform: PAPER/1.21]
2026-08-25 22:55:49.784  INFO 23832--- [pool-7-thread-1] de.polocloud.node.services.queue.ServiceQueue : Queued lobby-6dbb0d7b-6c3c-4390-a28c-d4a4817adcb0-143 [memory: 64MB, platform: PAPER/1.21]
2026-08-25 22:55:49.785  INFO 23832--- [pool-7-thread-2] de.polocloud.node.services.queue.ServiceQueue : Queued lobby-6dbb0d7b-6c3c-4390-a28c-d4a4817adcb0-144 [memory: 64MB, platform: PAPER/1.21]
2026-08-25 22:55:49.785  INFO 23832--- [pool-7-thread-1] de.polocloud.node.services.queue.ServiceQueue : Queued lobby-6dbb0d7b-6c3c-4390-a28c-d4a4817adcb0-144 [memory: 64MB, platform: PAPER/1.21]
2026-08-25 22:55:49.785  INFO 23832--- [pool-7-thread-2] de.polocloud.node.services.queue.ServiceQueue : Queued lobby-6dbb0d7b-6c3c-4390-a28c-d4a4817adcb0-145 [memory: 64MB, platform: PAPER/1.21]
2026-08-25 22:55:49.785  INFO 23832--- [pool-7-thread-1] de.polocloud.node.services.queue.ServiceQueue : Queued lobby-6dbb0d7b-6c3c-4390-a28c-d4a4817adcb0-145 [memory: 64MB, platform: PAPER/1.21]
2026-08-25 22:55:49.785  INFO 23832--- [pool-7-thread-2] de.polocloud.node.services.queue.ServiceQueue : Queued lobby-6dbb0d7b-6c3c-4390-a28c-d4a4817adcb0-146 [memory: 64MB, platform: PAPER/1.21]
2026-08-25 22:55:49.785  INFO 23832--- [pool-7-thread-1] de.polocloud.node.services.queue.ServiceQueue : Queued lobby-6dbb0d7b-6c3c-4390-a28c-d4a4817adcb0-146 [memory: 64MB, platform: PAPER/1.21]
2026-08-25 22:55:49.785  INFO 23832--- [pool-7-thread-2] de.polocloud.node.services.queue.ServiceQueue : Queued lobby-6dbb0d7b-6c3c-4390-a28c-d4a4817adcb0-147 [memory: 64MB, platform: PAPER/1.21]
2026-08-25 22:55:49.785  INFO 23832--- [pool-7-thread-1] de.polocloud.node.services.queue.ServiceQueue : Queued lobby-6dbb0d7b-6c3c-4390-a28c-d4a4817adcb0-147 [memory: 64MB, platform: PAPER/1.21]
2026-08-25 22:55:49.785  INFO 23832--- [pool-7-thread-2] de.polocloud.node.services.queue.ServiceQueue : Queued lobby-6dbb0d7b-6c3c-4390-a28c-d4a4817adcb0-148 [memory: 64MB, platform: PAPER/1.21]
2026-08-25 22:55:49.785  INFO 23832--- [pool-7-thread-1] de.polocloud.node.services.queue.ServiceQueue : Queued lobby-6dbb0d7b-6c3c-4390-a28c-d4a4817adcb0-148 [memory: 64MB, platform: PAPER/1.21]
2026-08-25 22:55:49.786  INFO 23832--- [pool-7-thread-2] de.polocloud.node.services.queue.ServiceQueue : Queued lobby-6dbb0d7b-6c3c-4390-a28c-d4a4817adcb0-149 [memory: 64MB, platform: PAPER/1.21]
2026-08-25 22:55:49.786  INFO 23832--- [pool-7-thread-1] de.polocloud.node.services.queue.ServiceQueue : Queued lobby-6dbb0d7b-6c3c-4390-a28c-d4a4817adcb0-149 [memory: 64MB, platform: PAPER/1.21]
2026-08-25 22:55:49.786  INFO 23832--- [pool-7-thread-2] de.polocloud.node.services.queue.ServiceQueue : Queued lobby-6dbb0d7b-6c3c-4390-a28c-d4a4817adcb0-150 [memory: 64MB, platform: PAPER/1.21]
2026-08-25 22:55:49.786  INFO 23832--- [pool-7-thread-1] de.polocloud.node.services.queue.ServiceQueue : Queued lobby-6dbb0d7b-6c3c-4390-a28c-d4a4817adcb0-150 [memory: 64MB, platform: PAPER/1.21]
2026-08-25 22:55:49.786  INFO 23832--- [pool-7-thread-2] de.polocloud.node.services.queue.ServiceQueue : Queued lobby-6dbb0d7b-6c3c-4390-a28c-d4a4817adcb0-151 [memory: 64MB, platform: PAPER/1.21]
2026-08-25 22:55:49.786  INFO 23832--- [pool-7-thread-1] de.polocloud.node.services.queue.ServiceQueue : Queued lobby-6dbb0d7b-6c3c-4390-a28c-d4a4817adcb0-151 [memory: 64MB, platform: PAPER/1.21]
2026-08-25 22:55:49.786  INFO 23832--- [pool-7-thread-2] de.polocloud.node.services.queue.ServiceQueue : Queued lobby-6dbb0d7b-6c3c-4390-a28c-d4a4817adcb0-152 [memory: 64MB, platform: PAPER/1.21]
2026-08-25 22:55:49.786  INFO 23832--- [pool-7-thread-1] de.polocloud.node.services.queue.ServiceQueue : Queued lobby-6dbb0d7b-6c3c-4390-a28c-d4a4817adcb0-152 [memory: 64MB, platform: PAPER/1.21]
2026-08-25 22:55:49.787  INFO 23832--- [pool-7-thread-2] de.polocloud.node.services.queue.ServiceQueue : Queued lobby-6dbb0d7b-6c3c-4390-a28c-d4a4817adcb0-153 [memory: 64MB, platform: PAPER/1.21]
2026-08-25 22:55:49.787  INFO 23832--- [pool-7-thread-1] de.polocloud.node.services.queue.ServiceQueue : Queued lobby-6dbb0d7b-6c3c-4390-a28c-d4a4817adcb0-153 [memory: 64MB, platform: PAPER/1.21]
2026-08-25 22:55:49.787  INFO 23832--- [pool-7-thread-2] de.polocloud.node.services.queue.ServiceQueue : Queued lobby-6dbb0d7b-6c3c-4390-a28c-d4a4817adcb0-154 [memory: 64MB, platform: PAPER/1.21]
2026-08-25 22:55:49.787  INFO 23832--- [pool-7-thread-1] de.polocloud.node.services.queue.ServiceQueue : Queued lobby-6dbb0d7b-6c3c-4390-a28c-d4a4817adcb0-154 [memory: 64MB, platform: PAPER/1.21]
2026-08-25 22:55:49.787  INFO 23832--- [pool-7-thread-2] de.polocloud.node.services.queue.ServiceQueue : Queued lobby-6dbb0d7b-6c3c-4390-a28c-d4a4817adcb0-155 [memory: 64MB, platform: PAPER/1.21]
2026-08-25 22:55:49.787  INFO 23832--- [pool-7-thread-1] de.polocloud.node.services.queue.ServiceQueue : Queued lobby-6dbb0d7b-6c3c-4390-a28c-d4a4817adcb0-155 [memory: 64MB, platform: PAPER/1.21]
2026-08-25 22:55:49.787  INFO 23832--- [pool-7-thread-2] de.polocloud.node.services.queue.ServiceQueue : Queued lobby-6dbb0d7b-6c3c-4390-a28c-d4a4817adcb0-156 [memory: 64MB, platform: PAPER/1.21]
2026-08-25 22:55:49.788  INFO 23832--- [pool-7-thread-1] de.polocloud.node.services.queue.ServiceQueue : Queued lobby-6dbb0d7b-6c3c-4390-a28c-d4a4817adcb0-156 [memory: 64MB, platform: PAPER/1.21]
2026-08-25 22:55:49.788  INFO 23832--- [pool-7-thread-2] de.polocloud.node.services.queue.ServiceQueue : Queued lobby-6dbb0d7b-6c3c-4390-a28c-d4a4817adcb0-157 [memory: 64MB, platform: PAPER/1.21]
2026-08-25 22:55:49.788  INFO 23832--- [pool-7-thread-1] de.polocloud.node.services.queue.ServiceQueue : Queued lobby-6dbb0d7b-6c3c-4390-a28c-d4a4817adcb0-157 [memory: 64MB, platform: PAPER/1.21]
2026-08-25 22:55:49.788  INFO 23832--- [pool-7-thread-2] de.polocloud.node.services.queue.ServiceQueue : Queued lobby-6dbb0d7b-6c3c-4390-a28c-d4a4817adcb0-158 [memory: 64MB, platform: PAPER/1.21]
2026-08-25 22:55:49.788  INFO 23832--- [pool-7-thread-1] de.polocloud.node.services.queue.ServiceQueue : Queued lobby-6dbb0d7b-6c3c-4390-a28c-d4a4817adcb0-158 [memory: 64MB, platform: PAPER/1.21]
2026-08-25 22:55:49.788  INFO 23832--- [pool-7-thread-2] de.polocloud.node.services.queue.ServiceQueue : Queued lobby-6dbb0d7b-6c3c-4390-a28c-d4a4817adcb0-159 [memory: 64MB, platform: PAPER/1.21]
2026-08-25 22:55:49.788  INFO 23832--- [pool-7-thread-1] de.polocloud.node.services.queue.ServiceQueue : Queued lobby-6dbb0d7b-6c3c-4390-a28c-d4a4817adcb0-159 [memory: 64MB, platform: PAPER/1.21]
2026-08-25 22:55:49.788  INFO 23832--- [pool-7-thread-2] de.polocloud.node.services.queue.ServiceQueue : Queued lobby-6dbb0d7b-6c3c-4390-a28c-d4a4817adcb0-160 [memory: 64MB, platform: PAPER/1.21]
2026-08-25 22:55:49.788  INFO 23832--- [pool-7-thread-1] de.polocloud.node.services.queue.ServiceQueue : Queued lobby-6dbb0d7b-6c3c-4390-a28c-d4a4817adcb0-160 [memory: 64MB, platform: PAPER/1.21]
2026-08-25 22:55:49.789  INFO 23832--- [pool-7-thread-2] de.polocloud.node.services.queue.ServiceQueue : Queued lobby-6dbb0d7b-6c3c-4390-a28c-d4a4817adcb0-161 [memory: 64MB, platform: PAPER/1.21]
2026-08-25 22:55:49.789  INFO 23832--- [pool-7-thread-1] de.polocloud.node.services.queue.ServiceQueue : Queued lobby-6dbb0d7b-6c3c-4390-a28c-d4a4817adcb0-161 [memory: 64MB, platform: PAPER/1.21]
2026-08-25 22:55:49.789  INFO 23832--- [pool-7-thread-2] de.polocloud.node.services.queue.ServiceQueue : Queued lobby-6dbb0d7b-6c3c-4390-a28c-d4a4817adcb0-162 [memory: 64MB, platform: PAPER/1.21]
2026-08-25 22:55:49.789  INFO 23832--- [pool-7-thread-1] de.polocloud.node.services.queue.ServiceQueue : Queued lobby-6dbb0d7b-6c3c-4390-a28c-d4a4817adcb0-162 [memory: 64MB, platform: PAPER/1.21]
2026-08-25 22:55:49.789  INFO 23832--- [pool-7-thread-2] de.polocloud.node.services.queue.ServiceQueue : Queued lobby-6dbb0d7b-6c3c-4390-a28c-d4a4817adcb0-163 [memory: 64MB, platform: PAPER/1.21]
2026-08-25 22:55:49.789  INFO 23832--- [pool-7-thread-1] de.polocloud.node.services.queue.ServiceQueue : Queued lobby-6dbb0d7b-6c3c-4390-a28c-d4a4817adcb0-163 [memory: 64MB, platform: PAPER/1.21]
2026-08-25 22:55:49.789  INFO 23832--- [pool-7-thread-2] de.polocloud.node.services.queue.ServiceQueue : Queued lobby-6dbb0d7b-6c3c-4390-a28c-d4a4817adcb0-164 [memory: 64MB, platform: PAPER/1.21]
2026-08-25 22:55:49.789  INFO 23832--- [pool-7-thread-1] de.polocloud.node.services.queue.ServiceQueue : Queued lobby-6dbb0d7b-6c3c-4390-a28c-d4a4817adcb0-164 [memory: 64MB, platform: PAPER/1.21]
2026-08-25 22:55:49.789  INFO 23832--- [pool-7-thread-2] de.polocloud.node.services.queue.ServiceQueue : Queued lobby-6dbb0d7b-6c3c-4390-a28c-d4a4817adcb0-165 [memory: 64MB, platform: PAPER/1.21]
2026-08-25 22:55:49.790  INFO 23832--- [pool-7-thread-1] de.polocloud.node.services.queue.ServiceQueue : Queued lobby-6dbb0d7b-6c3c-4390-a28c-d4a4817adcb0-165 [memory: 64MB, platform: PAPER/1.21]
2026-08-25 22:55:49.790  INFO 23832--- [pool-7-thread-2] de.polocloud.node.services.queue.ServiceQueue : Queued lobby-6dbb0d7b-6c3c-4390-a28c-d4a4817adcb0-166 [memory: 64MB, platform: PAPER/1.21]
2026-08-25 22:55:49.790  INFO 23832--- [pool-7-thread-1] de.polocloud.node.services.queue.ServiceQueue : Queued lobby-6dbb0d7b-6c3c-4390-a28c-d4a4817adcb0-166 [memory: 64MB, platform: PAPER/1.21]
2026-08-25 22:55:49.790  INFO 23832--- [pool-7-thread-2] de.polocloud.node.services.queue.ServiceQueue : Queued lobby-6dbb0d7b-6c3c-4390-a28c-d4a4817adcb0-167 [memory: 64MB, platform: PAPER/1.21]
2026-08-25 22:55:49.790  INFO 23832--- [pool-7-thread-1] de.polocloud.node.services.queue.ServiceQueue : Queued lobby-6dbb0d7b-6c3c-4390-a28c-d4a4817adcb0-167 [memory: 64MB, platform: PAPER/1.21]
2026-08-25 22:55:49.790  INFO 23832--- [pool-7-thread-2] de.polocloud.node.services.queue.ServiceQueue : Queued lobby-6dbb0d7b-6c3c-4390-a28c-d4a4817adcb0-168 [memory: 64MB, platform: PAPER/1.21]
2026-08-25 22:55:49.790  INFO 23832--- [pool-7-thread-1] de.polocloud.node.services.queue.ServiceQueue : Queued lobby-6dbb0d7b-6c3c-4390-a28c-d4a4817adcb0-168 [memory: 64MB, platform: PAPER/1.21]
2026-08-25 22:55:49.790  INFO 23832--- [pool-7-thread-2] de.polocloud.node.services.queue.ServiceQueue : Queued lobby-6dbb0d7b-6c3c-4390-a28c-d4a4817adcb0-169 [memory: 64MB, platform: PAPER/1.21]
2026-08-25 22:55:49.790  INFO 23832--- [pool-7-thread-1] de.polocloud.node.services.queue.ServiceQueue : Queued lobby-6dbb0d7b-6c3c-4390-a28c-d4a4817adcb0-169 [memory: 64MB, platform: PAPER/1.21]
2026-08-25 22:55:49.790  INFO 23832--- [pool-7-thread-2] de.polocloud.node.services.queue.ServiceQueue : Queued lobby-6dbb0d7b-6c3c-4390-a28c-d4a4817adcb0-170 [memory: 64MB, platform: PAPER/1.21]
2026-08-25 22:55:49.791  INFO 23832--- [pool-7-thread-2] de.polocloud.node.services.queue.ServiceQueue : Queued lobby-6dbb0d7b-6c3c-4390-a28c-d4a4817adcb0-171 [memory: 64MB, platform: PAPER/1.21]
2026-08-25 22:55:49.791  INFO 23832--- [pool-7-thread-1] de.polocloud.node.services.queue.ServiceQueue : Queued lobby-6dbb0d7b-6c3c-4390-a28c-d4a4817adcb0-171 [memory: 64MB, platform: PAPER/1.21]
2026-08-25 22:55:49.791  INFO 23832--- [pool-7-thread-2] de.polocloud.node.services.queue.ServiceQueue : Queued lobby-6dbb0d7b-6c3c-4390-a28c-d4a4817adcb0-172 [memory: 64MB, platform: PAPER/1.21]
2026-08-25 22:55:49.791  INFO 23832--- [pool-7-thread-1] de.polocloud.node.services.queue.ServiceQueue : Queued lobby-6dbb0d7b-6c3c-4390-a28c-d4a4817adcb0-172 [memory: 64MB, platform: PAPER/1.21]
2026-08-25 22:55:49.791  INFO 23832--- [pool-7-thread-2] de.polocloud.node.services.queue.ServiceQueue : Queued lobby-6dbb0d7b-6c3c-4390-a28c-d4a4817adcb0-173 [memory: 64MB, platform: PAPER/1.21]
2026-08-25 22:55:49.791  INFO 23832--- [pool-7-thread-1] de.polocloud.node.services.queue.ServiceQueue : Queued lobby-6dbb0d7b-6c3c-4390-a28c-d4a4817adcb0-173 [memory: 64MB, platform: PAPER/1.21]
2026-08-25 22:55:49.791  INFO 23832--- [pool-7-thread-2] de.polocloud.node.services.queue.ServiceQueue : Queued lobby-6dbb0d7b-6c3c-4390-a28c-d4a4817adcb0-174 [memory: 64MB, platform: PAPER/1.21]
2026-08-25 22:55:49.791  INFO 23832--- [pool-7-thread-1] de.polocloud.node.services.queue.ServiceQueue : Queued lobby-6dbb0d7b-6c3c-4390-a28c-d4a4817adcb0-174 [memory: 64MB, platform: PAPER/1.21]
2026-08-25 22:55:49.791  INFO 23832--- [pool-7-thread-2] de.polocloud.node.services.queue.ServiceQueue : Queued lobby-6dbb0d7b-6c3c-4390-a28c-d4a4817adcb0-175 [memory: 64MB, platform: PAPER/1.21]
2026-08-25 22:55:49.792  INFO 23832--- [pool-7-thread-1] de.polocloud.node.services.queue.ServiceQueue : Queued lobby-6dbb0d7b-6c3c-4390-a28c-d4a4817adcb0-176 [memory: 64MB, platform: PAPER/1.21]
2026-08-25 22:55:49.792  INFO 23832--- [pool-7-thread-2] de.polocloud.node.services.queue.ServiceQueue : Queued lobby-6dbb0d7b-6c3c-4390-a28c-d4a4817adcb0-176 [memory: 64MB, platform: PAPER/1.21]
2026-08-25 22:55:49.792  INFO 23832--- [pool-7-thread-2] de.polocloud.node.services.queue.ServiceQueue : Queued lobby-6dbb0d7b-6c3c-4390-a28c-d4a4817adcb0-177 [memory: 64MB, platform: PAPER/1.21]
2026-08-25 22:55:49.792  INFO 23832--- [pool-7-thread-1] de.polocloud.node.services.queue.ServiceQueue : Queued lobby-6dbb0d7b-6c3c-4390-a28c-d4a4817adcb0-177 [memory: 64MB, platform: PAPER/1.21]
2026-08-25 22:55:49.792  INFO 23832--- [pool-7-thread-2] de.polocloud.node.services.queue.ServiceQueue : Queued lobby-6dbb0d7b-6c3c-4390-a28c-d4a4817adcb0-178 [memory: 64MB, platform: PAPER/1.21]
2026-08-25 22:55:49.792  INFO 23832--- [pool-7-thread-1] de.polocloud.node.services.queue.ServiceQueue : Queued lobby-6dbb0d7b-6c3c-4390-a28c-d4a4817adcb0-178 [memory: 64MB, platform: PAPER/1.21]
2026-08-25 22:55:49.792  INFO 23832--- [pool-7-thread-2] de.polocloud.node.services.queue.ServiceQueue : Queued lobby-6dbb0d7b-6c3c-4390-a28c-d4a4817adcb0-179 [memory: 64MB, platform: PAPER/1.21]
2026-08-25 22:55:49.792  INFO 23832--- [pool-7-thread-1] de.polocloud.node.services.queue.ServiceQueue : Queued lobby-6dbb0d7b-6c3c-4390-a28c-d4a4817adcb0-179 [memory: 64MB, platform: PAPER/1.21]
2026-08-25 22:55:49.792  INFO 23832--- [pool-7-thread-2] de.polocloud.node.services.queue.ServiceQueue : Queued lobby-6dbb0d7b-6c3c-4390-a28c-d4a4817adcb0-180 [memory: 64MB, platform: PAPER/1.21]
2026-08-25 22:55:49.793  INFO 23832--- [pool-7-thread-1] de.polocloud.node.services.queue.ServiceQueue : Queued lobby-6dbb0d7b-6c3c-4390-a28c-d4a4817adcb0-180 [memory: 64MB, platform: PAPER/1.21]
2026-08-25 22:55:49.793  INFO 23832--- [pool-7-thread-2] de.polocloud.node.services.queue.ServiceQueue : Queued lobby-6dbb0d7b-6c3c-4390-a28c-d4a4817adcb0-181 [memory: 64MB, platform: PAPER/1.21]
2026-08-25 22:55:49.793  INFO 23832--- [pool-7-thread-1] de.polocloud.node.services.queue.ServiceQueue : Queued lobby-6dbb0d7b-6c3c-4390-a28c-d4a4817adcb0-181 [memory: 64MB, platform: PAPER/1.21]
2026-08-25 22:55:49.793  INFO 23832--- [pool-7-thread-2] de.polocloud.node.services.queue.ServiceQueue : Queued lobby-6dbb0d7b-6c3c-4390-a28c-d4a4817adcb0-182 [memory: 64MB, platform: PAPER/1.21]
2026-08-25 22:55:49.793  INFO 23832--- [pool-7-thread-1] de.polocloud.node.services.queue.ServiceQueue : Queued lobby-6dbb0d7b-6c3c-4390-a28c-d4a4817adcb0-182 [memory: 64MB, platform: PAPER/1.21]
2026-08-25 22:55:49.793  INFO 23832--- [pool-7-thread-2] de.polocloud.node.services.queue.ServiceQueue : Queued lobby-6dbb0d7b-6c3c-4390-a28c-d4a4817adcb0-183 [memory: 64MB, platform: PAPER/1.21]
2026-08-25 22:55:49.793  INFO 23832--- [pool-7-thread-1] de.polocloud.node.services.queue.ServiceQueue : Queued lobby-6dbb0d7b-6c3c-4390-a28c-d4a4817adcb0-183 [memory: 64MB, platform: PAPER/1.21]
2026-08-25 22:55:49.793  INFO 23832--- [pool-7-thread-2] de.polocloud.node.services.queue.ServiceQueue : Queued lobby-6dbb0d7b-6c3c-4390-a28c-d4a4817adcb0-184 [memory: 64MB, platform: PAPER/1.21]
2026-08-25 22:55:49.793  INFO 23832--- [pool-7-thread-1] de.polocloud.node.services.queue.ServiceQueue : Queued lobby-6dbb0d7b-6c3c-4390-a28c-d4a4817adcb0-184 [memory: 64MB, platform: PAPER/1.21]
2026-08-25 22:55:49.793  INFO 23832--- [pool-7-thread-2] de.polocloud.node.services.queue.ServiceQueue : Queued lobby-6dbb0d7b-6c3c-4390-a28c-d4a4817adcb0-185 [memory: 64MB, platform: PAPER/1.21]
2026-08-25 22:55:49.794  INFO 23832--- [pool-7-thread-1] de.polocloud.node.services.queue.ServiceQueue : Queued lobby-6dbb0d7b-6c3c-4390-a28c-d4a4817adcb0-185 [memory: 64MB, platform: PAPER/1.21]
2026-08-25 22:55:49.794  INFO 23832--- [pool-7-thread-2] de.polocloud.node.services.queue.ServiceQueue : Queued lobby-6dbb0d7b-6c3c-4390-a28c-d4a4817adcb0-186 [memory: 64MB, platform: PAPER/1.21]
2026-08-25 22:55:49.794  INFO 23832--- [pool-7-thread-1] de.polocloud.node.services.queue.ServiceQueue : Queued lobby-6dbb0d7b-6c3c-4390-a28c-d4a4817adcb0-186 [memory: 64MB, platform: PAPER/1.21]
2026-08-25 22:55:49.794  INFO 23832--- [pool-7-thread-2] de.polocloud.node.services.queue.ServiceQueue : Queued lobby-6dbb0d7b-6c3c-4390-a28c-d4a4817adcb0-187 [memory: 64MB, platform: PAPER/1.21]
2026-08-25 22:55:49.794  INFO 23832--- [pool-7-thread-1] de.polocloud.node.services.queue.ServiceQueue : Queued lobby-6dbb0d7b-6c3c-4390-a28c-d4a4817adcb0-187 [memory: 64MB, platform: PAPER/1.21]
2026-08-25 22:55:49.794  INFO 23832--- [pool-7-thread-2] de.polocloud.node.services.queue.ServiceQueue : Queued lobby-6dbb0d7b-6c3c-4390-a28c-d4a4817adcb0-188 [memory: 64MB, platform: PAPER/1.21]
2026-08-25 22:55:49.794  INFO 23832--- [pool-7-thread-1] de.polocloud.node.services.queue.ServiceQueue : Queued lobby-6dbb0d7b-6c3c-4390-a28c-d4a4817adcb0-188 [memory: 64MB, platform: PAPER/1.21]
2026-08-25 22:55:49.794  INFO 23832--- [pool-7-thread-2] de.polocloud.node.services.queue.ServiceQueue : Queued lobby-6dbb0d7b-6c3c-4390-a28c-d4a4817adcb0-189 [memory: 64MB, platform: PAPER/1.21]
2026-08-25 22:55:49.794  INFO 23832--- [pool-7-thread-1] de.polocloud.node.services.queue.ServiceQueue : Queued lobby-6dbb0d7b-6c3c-4390-a28c-d4a4817adcb0-189 [memory: 64MB, platform: PAPER/1.21]
2026-08-25 22:55:49.795  INFO 23832--- [pool-7-thread-2] de.polocloud.node.services.queue.ServiceQueue : Queued lobby-6dbb0d7b-6c3c-4390-a28c-d4a4817adcb0-190 [memory: 64MB, platform: PAPER/1.21]
2026-08-25 22:55:49.795  INFO 23832--- [pool-7-thread-1] de.polocloud.node.services.queue.ServiceQueue : Queued lobby-6dbb0d7b-6c3c-4390-a28c-d4a4817adcb0-190 [memory: 64MB, platform: PAPER/1.21]
2026-08-25 22:55:49.795  INFO 23832--- [pool-7-thread-2] de.polocloud.node.services.queue.ServiceQueue : Queued lobby-6dbb0d7b-6c3c-4390-a28c-d4a4817adcb0-191 [memory: 64MB, platform: PAPER/1.21]
2026-08-25 22:55:49.796  INFO 23832--- [pool-7-thread-1] de.polocloud.node.services.queue.ServiceQueue : Queued lobby-6dbb0d7b-6c3c-4390-a28c-d4a4817adcb0-191 [memory: 64MB, platform: PAPER/1.21]
2026-08-25 22:55:49.796  INFO 23832--- [pool-7-thread-2] de.polocloud.node.services.queue.ServiceQueue : Queued lobby-6dbb0d7b-6c3c-4390-a28c-d4a4817adcb0-192 [memory: 64MB, platform: PAPER/1.21]
2026-08-25 22:55:49.796  INFO 23832--- [pool-7-thread-1] de.polocloud.node.services.queue.ServiceQueue : Queued lobby-6dbb0d7b-6c3c-4390-a28c-d4a4817adcb0-192 [memory: 64MB, platform: PAPER/1.21]
2026-08-25 22:55:49.796  INFO 23832--- [pool-7-thread-2] de.polocloud.node.services.queue.ServiceQueue : Queued lobby-6dbb0d7b-6c3c-4390-a28c-d4a4817adcb0-193 [memory: 64MB, platform: PAPER/1.21]
2026-08-25 22:55:49.796  INFO 23832--- [pool-7-thread-1] de.polocloud.node.services.queue.ServiceQueue : Queued lobby-6dbb0d7b-6c3c-4390-a28c-d4a4817adcb0-193 [memory: 64MB, platform: PAPER/1.21]
2026-08-25 22:55:49.796  INFO 23832--- [pool-7-thread-2] de.polocloud.node.services.queue.ServiceQueue : Queued lobby-6dbb0d7b-6c3c-4390-a28c-d4a4817adcb0-194 [memory: 64MB, platform: PAPER/1.21]
2026-08-25 22:55:49.796  INFO 23832--- [pool-7-thread-1] de.polocloud.node.services.queue.ServiceQueue : Queued lobby-6dbb0d7b-6c3c-4390-a28c-d4a4817adcb0-194 [memory: 64MB, platform: PAPER/1.21]
2026-08-25 22:55:49.796  INFO 23832--- [pool-7-thread-2] de.polocloud.node.services.queue.ServiceQueue : Queued lobby-6dbb0d7b-6c3c-4390-a28c-d4a4817adcb0-195 [memory: 64MB, platform: PAPER/1.21]
2026-08-25 22:55:49.797  INFO 23832--- [pool-7-thread-1] de.polocloud.node.services.queue.ServiceQueue : Queued lobby-6dbb0d7b-6c3c-4390-a28c-d4a4817adcb0-195 [memory: 64MB, platform: PAPER/1.21]
2026-08-25 22:55:49.797  INFO 23832--- [pool-7-thread-2] de.polocloud.node.services.queue.ServiceQueue : Queued lobby-6dbb0d7b-6c3c-4390-a28c-d4a4817adcb0-196 [memory: 64MB, platform: PAPER/1.21]
2026-08-25 22:55:49.797  INFO 23832--- [pool-7-thread-1] de.polocloud.node.services.queue.ServiceQueue : Queued lobby-6dbb0d7b-6c3c-4390-a28c-d4a4817adcb0-196 [memory: 64MB, platform: PAPER/1.21]
2026-08-25 22:55:49.797  INFO 23832--- [pool-7-thread-2] de.polocloud.node.services.queue.ServiceQueue : Queued lobby-6dbb0d7b-6c3c-4390-a28c-d4a4817adcb0-197 [memory: 64MB, platform: PAPER/1.21]
2026-08-25 22:55:49.797  INFO 23832--- [pool-7-thread-1] de.polocloud.node.services.queue.ServiceQueue : Queued lobby-6dbb0d7b-6c3c-4390-a28c-d4a4817adcb0-197 [memory: 64MB, platform: PAPER/1.21]
2026-08-25 22:55:49.797  INFO 23832--- [pool-7-thread-2] de.polocloud.node.services.queue.ServiceQueue : Queued lobby-6dbb0d7b-6c3c-4390-a28c-d4a4817adcb0-198 [memory: 64MB, platform: PAPER/1.21]
2026-08-25 22:55:49.797  INFO 23832--- [pool-7-thread-1] de.polocloud.node.services.queue.ServiceQueue : Queued lobby-6dbb0d7b-6c3c-4390-a28c-d4a4817adcb0-198 [memory: 64MB, platform: PAPER/1.21]
2026-08-25 22:55:49.797  INFO 23832--- [pool-7-thread-2] de.polocloud.node.services.queue.ServiceQueue : Queued lobby-6dbb0d7b-6c3c-4390-a28c-d4a4817adcb0-199 [memory: 64MB, platform: PAPER/1.21]
2026-08-25 22:55:49.797  INFO 23832--- [pool-7-thread-1] de.polocloud.node.services.queue.ServiceQueue : Queued lobby-6dbb0d7b-6c3c-4390-a28c-d4a4817adcb0-199 [memory: 64MB, platform: PAPER/1.21]
2026-08-25 22:55:49.798  INFO 23832--- [pool-7-thread-2] de.polocloud.node.services.queue.ServiceQueue : Queued lobby-6dbb0d7b-6c3c-4390-a28c-d4a4817adcb0-200 [memory: 64MB, platform: PAPER/1.21]
2026-08-25 22:55:49.798  INFO 23832--- [pool-7-thread-1] de.polocloud.node.services.queue.ServiceQueue : Queued lobby-6dbb0d7b-6c3c-4390-a28c-d4a4817adcb0-200 [memory: 64MB, platform: PAPER/1.21]
2026-08-25 22:55:49.798  INFO 23832--- [pool-7-thread-2] de.polocloud.node.services.queue.ServiceQueue : Queued lobby-6dbb0d7b-6c3c-4390-a28c-d4a4817adcb0-201 [memory: 64MB, platform: PAPER/1.21]
2026-08-25 22:55:49.798  INFO 23832--- [pool-7-thread-1] de.polocloud.node.services.queue.ServiceQueue : Queued lobby-6dbb0d7b-6c3c-4390-a28c-d4a4817adcb0-201 [memory: 64MB, platform: PAPER/1.21]
2026-08-25 22:55:49.800  INFO 23832--- [pool-7-thread-1] de.polocloud.node.services.queue.ServiceQueue : Queued lobby-6dbb0d7b-6c3c-4390-a28c-d4a4817adcb0-202 [memory: 64MB, platform: PAPER/1.21]
2026-08-25 22:55:49.841  INFO 23832--- [pool-8-thread-1] de.polocloud.node.services.queue.ServiceQueue : Group 'lobby-4c959f8f-7010-40e0-b9c8-f6d802f40eb5' needs 200 more service(s) cluster-wide (this node: 200) — minOnline: 200, cluster running: 0, queued: 0
2026-08-25 22:55:49.841  INFO 23832--- [pool-8-thread-2] de.polocloud.node.services.queue.ServiceQueue : Group 'lobby-4c959f8f-7010-40e0-b9c8-f6d802f40eb5' needs 200 more service(s) cluster-wide (this node: 200) — minOnline: 200, cluster running: 0, queued: 0
2026-08-25 22:55:49.841  INFO 23832--- [pool-8-thread-1] de.polocloud.node.services.queue.ServiceQueue : Queued lobby-4c959f8f-7010-40e0-b9c8-f6d802f40eb5-1 [memory: 64MB, platform: PAPER/1.21]
2026-08-25 22:55:49.841  INFO 23832--- [pool-8-thread-2] de.polocloud.node.services.queue.ServiceQueue : Queued lobby-4c959f8f-7010-40e0-b9c8-f6d802f40eb5-1 [memory: 64MB, platform: PAPER/1.21]
2026-08-25 22:55:49.842  INFO 23832--- [pool-8-thread-1] de.polocloud.node.services.queue.ServiceQueue : Queued lobby-4c959f8f-7010-40e0-b9c8-f6d802f40eb5-2 [memory: 64MB, platform: PAPER/1.21]
2026-08-25 22:55:49.842  INFO 23832--- [pool-8-thread-2] de.polocloud.node.services.queue.ServiceQueue : Queued lobby-4c959f8f-7010-40e0-b9c8-f6d802f40eb5-2 [memory: 64MB, platform: PAPER/1.21]
2026-08-25 22:55:49.842  INFO 23832--- [pool-8-thread-1] de.polocloud.node.services.queue.ServiceQueue : Queued lobby-4c959f8f-7010-40e0-b9c8-f6d802f40eb5-3 [memory: 64MB, platform: PAPER/1.21]
2026-08-25 22:55:49.842  INFO 23832--- [pool-8-thread-2] de.polocloud.node.services.queue.ServiceQueue : Queued lobby-4c959f8f-7010-40e0-b9c8-f6d802f40eb5-3 [memory: 64MB, platform: PAPER/1.21]
2026-08-25 22:55:49.842  INFO 23832--- [pool-8-thread-1] de.polocloud.node.services.queue.ServiceQueue : Queued lobby-4c959f8f-7010-40e0-b9c8-f6d802f40eb5-4 [memory: 64MB, platform: PAPER/1.21]
2026-08-25 22:55:49.842  INFO 23832--- [pool-8-thread-2] de.polocloud.node.services.queue.ServiceQueue : Queued lobby-4c959f8f-7010-40e0-b9c8-f6d802f40eb5-4 [memory: 64MB, platform: PAPER/1.21]
2026-08-25 22:55:49.842  INFO 23832--- [pool-8-thread-1] de.polocloud.node.services.queue.ServiceQueue : Queued lobby-4c959f8f-7010-40e0-b9c8-f6d802f40eb5-5 [memory: 64MB, platform: PAPER/1.21]
2026-08-25 22:55:49.842  INFO 23832--- [pool-8-thread-2] de.polocloud.node.services.queue.ServiceQueue : Queued lobby-4c959f8f-7010-40e0-b9c8-f6d802f40eb5-5 [memory: 64MB, platform: PAPER/1.21]
2026-08-25 22:55:49.843  INFO 23832--- [pool-8-thread-1] de.polocloud.node.services.queue.ServiceQueue : Queued lobby-4c959f8f-7010-40e0-b9c8-f6d802f40eb5-6 [memory: 64MB, platform: PAPER/1.21]
2026-08-25 22:55:49.843  INFO 23832--- [pool-8-thread-2] de.polocloud.node.services.queue.ServiceQueue : Queued lobby-4c959f8f-7010-40e0-b9c8-f6d802f40eb5-6 [memory: 64MB, platform: PAPER/1.21]
2026-08-25 22:55:49.843  INFO 23832--- [pool-8-thread-1] de.polocloud.node.services.queue.ServiceQueue : Queued lobby-4c959f8f-7010-40e0-b9c8-f6d802f40eb5-7 [memory: 64MB, platform: PAPER/1.21]
2026-08-25 22:55:49.843  INFO 23832--- [pool-8-thread-2] de.polocloud.node.services.queue.ServiceQueue : Queued lobby-4c959f8f-7010-40e0-b9c8-f6d802f40eb5-7 [memory: 64MB, platform: PAPER/1.21]
2026-08-25 22:55:49.843  INFO 23832--- [pool-8-thread-1] de.polocloud.node.services.queue.ServiceQueue : Queued lobby-4c959f8f-7010-40e0-b9c8-f6d802f40eb5-8 [memory: 64MB, platform: PAPER/1.21]
2026-08-25 22:55:49.843  INFO 23832--- [pool-8-thread-2] de.polocloud.node.services.queue.ServiceQueue : Queued lobby-4c959f8f-7010-40e0-b9c8-f6d802f40eb5-8 [memory: 64MB, platform: PAPER/1.21]
2026-08-25 22:55:49.843  INFO 23832--- [pool-8-thread-1] de.polocloud.node.services.queue.ServiceQueue : Queued lobby-4c959f8f-7010-40e0-b9c8-f6d802f40eb5-9 [memory: 64MB, platform: PAPER/1.21]
2026-08-25 22:55:49.843  INFO 23832--- [pool-8-thread-2] de.polocloud.node.services.queue.ServiceQueue : Queued lobby-4c959f8f-7010-40e0-b9c8-f6d802f40eb5-9 [memory: 64MB, platform: PAPER/1.21]
2026-08-25 22:55:49.843  INFO 23832--- [pool-8-thread-1] de.polocloud.node.services.queue.ServiceQueue : Queued lobby-4c959f8f-7010-40e0-b9c8-f6d802f40eb5-10 [memory: 64MB, platform: PAPER/1.21]
2026-08-25 22:55:49.843  INFO 23832--- [pool-8-thread-2] de.polocloud.node.services.queue.ServiceQueue : Queued lobby-4c959f8f-7010-40e0-b9c8-f6d802f40eb5-10 [memory: 64MB, platform: PAPER/1.21]
2026-08-25 22:55:49.844  INFO 23832--- [pool-8-thread-1] de.polocloud.node.services.queue.ServiceQueue : Queued lobby-4c959f8f-7010-40e0-b9c8-f6d802f40eb5-11 [memory: 64MB, platform: PAPER/1.21]
2026-08-25 22:55:49.844  INFO 23832--- [pool-8-thread-2] de.polocloud.node.services.queue.ServiceQueue : Queued lobby-4c959f8f-7010-40e0-b9c8-f6d802f40eb5-11 [memory: 64MB, platform: PAPER/1.21]
2026-08-25 22:55:49.844  INFO 23832--- [pool-8-thread-1] de.polocloud.node.services.queue.ServiceQueue : Queued lobby-4c959f8f-7010-40e0-b9c8-f6d802f40eb5-12 [memory: 64MB, platform: PAPER/1.21]
2026-08-25 22:55:49.844  INFO 23832--- [pool-8-thread-2] de.polocloud.node.services.queue.ServiceQueue : Queued lobby-4c959f8f-7010-40e0-b9c8-f6d802f40eb5-12 [memory: 64MB, platform: PAPER/1.21]
2026-08-25 22:55:49.844  INFO 23832--- [pool-8-thread-1] de.polocloud.node.services.queue.ServiceQueue : Queued lobby-4c959f8f-7010-40e0-b9c8-f6d802f40eb5-13 [memory: 64MB, platform: PAPER/1.21]
2026-08-25 22:55:49.844  INFO 23832--- [pool-8-thread-2] de.polocloud.node.services.queue.ServiceQueue : Queued lobby-4c959f8f-7010-40e0-b9c8-f6d802f40eb5-13 [memory: 64MB, platform: PAPER/1.21]
2026-08-25 22:55:49.844  INFO 23832--- [pool-8-thread-1] de.polocloud.node.services.queue.ServiceQueue : Queued lobby-4c959f8f-7010-40e0-b9c8-f6d802f40eb5-14 [memory: 64MB, platform: PAPER/1.21]
2026-08-25 22:55:49.844  INFO 23832--- [pool-8-thread-2] de.polocloud.node.services.queue.ServiceQueue : Queued lobby-4c959f8f-7010-40e0-b9c8-f6d802f40eb5-14 [memory: 64MB, platform: PAPER/1.21]
2026-08-25 22:55:49.844  INFO 23832--- [pool-8-thread-1] de.polocloud.node.services.queue.ServiceQueue : Queued lobby-4c959f8f-7010-40e0-b9c8-f6d802f40eb5-15 [memory: 64MB, platform: PAPER/1.21]
2026-08-25 22:55:49.844  INFO 23832--- [pool-8-thread-2] de.polocloud.node.services.queue.ServiceQueue : Queued lobby-4c959f8f-7010-40e0-b9c8-f6d802f40eb5-15 [memory: 64MB, platform: PAPER/1.21]
2026-08-25 22:55:49.844  INFO 23832--- [pool-8-thread-1] de.polocloud.node.services.queue.ServiceQueue : Queued lobby-4c959f8f-7010-40e0-b9c8-f6d802f40eb5-16 [memory: 64MB, platform: PAPER/1.21]
2026-08-25 22:55:49.844  INFO 23832--- [pool-8-thread-2] de.polocloud.node.services.queue.ServiceQueue : Queued lobby-4c959f8f-7010-40e0-b9c8-f6d802f40eb5-16 [memory: 64MB, platform: PAPER/1.21]
2026-08-25 22:55:49.845  INFO 23832--- [pool-8-thread-1] de.polocloud.node.services.queue.ServiceQueue : Queued lobby-4c959f8f-7010-40e0-b9c8-f6d802f40eb5-17 [memory: 64MB, platform: PAPER/1.21]
2026-08-25 22:55:49.845  INFO 23832--- [pool-8-thread-2] de.polocloud.node.services.queue.ServiceQueue : Queued lobby-4c959f8f-7010-40e0-b9c8-f6d802f40eb5-17 [memory: 64MB, platform: PAPER/1.21]
2026-08-25 22:55:49.845  INFO 23832--- [pool-8-thread-1] de.polocloud.node.services.queue.ServiceQueue : Queued lobby-4c959f8f-7010-40e0-b9c8-f6d802f40eb5-18 [memory: 64MB, platform: PAPER/1.21]
2026-08-25 22:55:49.845  INFO 23832--- [pool-8-thread-2] de.polocloud.node.services.queue.ServiceQueue : Queued lobby-4c959f8f-7010-40e0-b9c8-f6d802f40eb5-18 [memory: 64MB, platform: PAPER/1.21]
2026-08-25 22:55:49.845  INFO 23832--- [pool-8-thread-1] de.polocloud.node.services.queue.ServiceQueue : Queued lobby-4c959f8f-7010-40e0-b9c8-f6d802f40eb5-19 [memory: 64MB, platform: PAPER/1.21]
2026-08-25 22:55:49.845  INFO 23832--- [pool-8-thread-2] de.polocloud.node.services.queue.ServiceQueue : Queued lobby-4c959f8f-7010-40e0-b9c8-f6d802f40eb5-19 [memory: 64MB, platform: PAPER/1.21]
2026-08-25 22:55:49.845  INFO 23832--- [pool-8-thread-1] de.polocloud.node.services.queue.ServiceQueue : Queued lobby-4c959f8f-7010-40e0-b9c8-f6d802f40eb5-20 [memory: 64MB, platform: PAPER/1.21]
2026-08-25 22:55:49.845  INFO 23832--- [pool-8-thread-2] de.polocloud.node.services.queue.ServiceQueue : Queued lobby-4c959f8f-7010-40e0-b9c8-f6d802f40eb5-20 [memory: 64MB, platform: PAPER/1.21]
2026-08-25 22:55:49.845  INFO 23832--- [pool-8-thread-1] de.polocloud.node.services.queue.ServiceQueue : Queued lobby-4c959f8f-7010-40e0-b9c8-f6d802f40eb5-21 [memory: 64MB, platform: PAPER/1.21]
2026-08-25 22:55:49.845  INFO 23832--- [pool-8-thread-2] de.polocloud.node.services.queue.ServiceQueue : Queued lobby-4c959f8f-7010-40e0-b9c8-f6d802f40eb5-21 [memory: 64MB, platform: PAPER/1.21]
2026-08-25 22:55:49.845  INFO 23832--- [pool-8-thread-1] de.polocloud.node.services.queue.ServiceQueue : Queued lobby-4c959f8f-7010-40e0-b9c8-f6d802f40eb5-22 [memory: 64MB, platform: PAPER/1.21]
2026-08-25 22:55:49.845  INFO 23832--- [pool-8-thread-2] de.polocloud.node.services.queue.ServiceQueue : Queued lobby-4c959f8f-7010-40e0-b9c8-f6d802f40eb5-22 [memory: 64MB, platform: PAPER/1.21]
2026-08-25 22:55:49.845  INFO 23832--- [pool-8-thread-1] de.polocloud.node.services.queue.ServiceQueue : Queued lobby-4c959f8f-7010-40e0-b9c8-f6d802f40eb5-23 [memory: 64MB, platform: PAPER/1.21]
2026-08-25 22:55:49.846  INFO 23832--- [pool-8-thread-2] de.polocloud.node.services.queue.ServiceQueue : Queued lobby-4c959f8f-7010-40e0-b9c8-f6d802f40eb5-23 [memory: 64MB, platform: PAPER/1.21]
2026-08-25 22:55:49.846  INFO 23832--- [pool-8-thread-1] de.polocloud.node.services.queue.ServiceQueue : Queued lobby-4c959f8f-7010-40e0-b9c8-f6d802f40eb5-24 [memory: 64MB, platform: PAPER/1.21]
2026-08-25 22:55:49.846  INFO 23832--- [pool-8-thread-2] de.polocloud.node.services.queue.ServiceQueue : Queued lobby-4c959f8f-7010-40e0-b9c8-f6d802f40eb5-24 [memory: 64MB, platform: PAPER/1.21]
2026-08-25 22:55:49.846  INFO 23832--- [pool-8-thread-1] de.polocloud.node.services.queue.ServiceQueue : Queued lobby-4c959f8f-7010-40e0-b9c8-f6d802f40eb5-25 [memory: 64MB, platform: PAPER/1.21]
2026-08-25 22:55:49.846  INFO 23832--- [pool-8-thread-2] de.polocloud.node.services.queue.ServiceQueue : Queued lobby-4c959f8f-7010-40e0-b9c8-f6d802f40eb5-25 [memory: 64MB, platform: PAPER/1.21]
2026-08-25 22:55:49.846  INFO 23832--- [pool-8-thread-1] de.polocloud.node.services.queue.ServiceQueue : Queued lobby-4c959f8f-7010-40e0-b9c8-f6d802f40eb5-26 [memory: 64MB, platform: PAPER/1.21]
2026-08-25 22:55:49.846  INFO 23832--- [pool-8-thread-2] de.polocloud.node.services.queue.ServiceQueue : Queued lobby-4c959f8f-7010-40e0-b9c8-f6d802f40eb5-26 [memory: 64MB, platform: PAPER/1.21]
2026-08-25 22:55:49.846  INFO 23832--- [pool-8-thread-1] de.polocloud.node.services.queue.ServiceQueue : Queued lobby-4c959f8f-7010-40e0-b9c8-f6d802f40eb5-27 [memory: 64MB, platform: PAPER/1.21]
2026-08-25 22:55:49.846  INFO 23832--- [pool-8-thread-2] de.polocloud.node.services.queue.ServiceQueue : Queued lobby-4c959f8f-7010-40e0-b9c8-f6d802f40eb5-27 [memory: 64MB, platform: PAPER/1.21]
2026-08-25 22:55:49.846  INFO 23832--- [pool-8-thread-1] de.polocloud.node.services.queue.ServiceQueue : Queued lobby-4c959f8f-7010-40e0-b9c8-f6d802f40eb5-28 [memory: 64MB, platform: PAPER/1.21]
2026-08-25 22:55:49.846  INFO 23832--- [pool-8-thread-2] de.polocloud.node.services.queue.ServiceQueue : Queued lobby-4c959f8f-7010-40e0-b9c8-f6d802f40eb5-28 [memory: 64MB, platform: PAPER/1.21]
2026-08-25 22:55:49.846  INFO 23832--- [pool-8-thread-1] de.polocloud.node.services.queue.ServiceQueue : Queued lobby-4c959f8f-7010-40e0-b9c8-f6d802f40eb5-29 [memory: 64MB, platform: PAPER/1.21]
2026-08-25 22:55:49.846  INFO 23832--- [pool-8-thread-2] de.polocloud.node.services.queue.ServiceQueue : Queued lobby-4c959f8f-7010-40e0-b9c8-f6d802f40eb5-29 [memory: 64MB, platform: PAPER/1.21]
2026-08-25 22:55:49.847  INFO 23832--- [pool-8-thread-1] de.polocloud.node.services.queue.ServiceQueue : Queued lobby-4c959f8f-7010-40e0-b9c8-f6d802f40eb5-30 [memory: 64MB, platform: PAPER/1.21]
2026-08-25 22:55:49.847  INFO 23832--- [pool-8-thread-2] de.polocloud.node.services.queue.ServiceQueue : Queued lobby-4c959f8f-7010-40e0-b9c8-f6d802f40eb5-30 [memory: 64MB, platform: PAPER/1.21]
2026-08-25 22:55:49.847  INFO 23832--- [pool-8-thread-1] de.polocloud.node.services.queue.ServiceQueue : Queued lobby-4c959f8f-7010-40e0-b9c8-f6d802f40eb5-31 [memory: 64MB, platform: PAPER/1.21]
2026-08-25 22:55:49.847  INFO 23832--- [pool-8-thread-2] de.polocloud.node.services.queue.ServiceQueue : Queued lobby-4c959f8f-7010-40e0-b9c8-f6d802f40eb5-31 [memory: 64MB, platform: PAPER/1.21]
2026-08-25 22:55:49.847  INFO 23832--- [pool-8-thread-1] de.polocloud.node.services.queue.ServiceQueue : Queued lobby-4c959f8f-7010-40e0-b9c8-f6d802f40eb5-32 [memory: 64MB, platform: PAPER/1.21]
2026-08-25 22:55:49.847  INFO 23832--- [pool-8-thread-2] de.polocloud.node.services.queue.ServiceQueue : Queued lobby-4c959f8f-7010-40e0-b9c8-f6d802f40eb5-32 [memory: 64MB, platform: PAPER/1.21]
2026-08-25 22:55:49.847  INFO 23832--- [pool-8-thread-1] de.polocloud.node.services.queue.ServiceQueue : Queued lobby-4c959f8f-7010-40e0-b9c8-f6d802f40eb5-33 [memory: 64MB, platform: PAPER/1.21]
2026-08-25 22:55:49.847  INFO 23832--- [pool-8-thread-2] de.polocloud.node.services.queue.ServiceQueue : Queued lobby-4c959f8f-7010-40e0-b9c8-f6d802f40eb5-33 [memory: 64MB, platform: PAPER/1.21]
2026-08-25 22:55:49.847  INFO 23832--- [pool-8-thread-1] de.polocloud.node.services.queue.ServiceQueue : Queued lobby-4c959f8f-7010-40e0-b9c8-f6d802f40eb5-34 [memory: 64MB, platform: PAPER/1.21]
2026-08-25 22:55:49.847  INFO 23832--- [pool-8-thread-2] de.polocloud.node.services.queue.ServiceQueue : Queued lobby-4c959f8f-7010-40e0-b9c8-f6d802f40eb5-34 [memory: 64MB, platform: PAPER/1.21]
2026-08-25 22:55:49.847  INFO 23832--- [pool-8-thread-1] de.polocloud.node.services.queue.ServiceQueue : Queued lobby-4c959f8f-7010-40e0-b9c8-f6d802f40eb5-35 [memory: 64MB, platform: PAPER/1.21]
2026-08-25 22:55:49.847  INFO 23832--- [pool-8-thread-2] de.polocloud.node.services.queue.ServiceQueue : Queued lobby-4c959f8f-7010-40e0-b9c8-f6d802f40eb5-35 [memory: 64MB, platform: PAPER/1.21]
2026-08-25 22:55:49.847  INFO 23832--- [pool-8-thread-1] de.polocloud.node.services.queue.ServiceQueue : Queued lobby-4c959f8f-7010-40e0-b9c8-f6d802f40eb5-36 [memory: 64MB, platform: PAPER/1.21]
2026-08-25 22:55:49.847  INFO 23832--- [pool-8-thread-2] de.polocloud.node.services.queue.ServiceQueue : Queued lobby-4c959f8f-7010-40e0-b9c8-f6d802f40eb5-36 [memory: 64MB, platform: PAPER/1.21]
2026-08-25 22:55:49.848  INFO 23832--- [pool-8-thread-1] de.polocloud.node.services.queue.ServiceQueue : Queued lobby-4c959f8f-7010-40e0-b9c8-f6d802f40eb5-37 [memory: 64MB, platform: PAPER/1.21]
2026-08-25 22:55:49.848  INFO 23832--- [pool-8-thread-2] de.polocloud.node.services.queue.ServiceQueue : Queued lobby-4c959f8f-7010-40e0-b9c8-f6d802f40eb5-37 [memory: 64MB, platform: PAPER/1.21]
2026-08-25 22:55:49.848  INFO 23832--- [pool-8-thread-1] de.polocloud.node.services.queue.ServiceQueue : Queued lobby-4c959f8f-7010-40e0-b9c8-f6d802f40eb5-38 [memory: 64MB, platform: PAPER/1.21]
2026-08-25 22:55:49.848  INFO 23832--- [pool-8-thread-2] de.polocloud.node.services.queue.ServiceQueue : Queued lobby-4c959f8f-7010-40e0-b9c8-f6d802f40eb5-38 [memory: 64MB, platform: PAPER/1.21]
2026-08-25 22:55:49.848  INFO 23832--- [pool-8-thread-1] de.polocloud.node.services.queue.ServiceQueue : Queued lobby-4c959f8f-7010-40e0-b9c8-f6d802f40eb5-39 [memory: 64MB, platform: PAPER/1.21]
2026-08-25 22:55:49.848  INFO 23832--- [pool-8-thread-2] de.polocloud.node.services.queue.ServiceQueue : Queued lobby-4c959f8f-7010-40e0-b9c8-f6d802f40eb5-39 [memory: 64MB, platform: PAPER/1.21]
2026-08-25 22:55:49.848  INFO 23832--- [pool-8-thread-1] de.polocloud.node.services.queue.ServiceQueue : Queued lobby-4c959f8f-7010-40e0-b9c8-f6d802f40eb5-40 [memory: 64MB, platform: PAPER/1.21]
2026-08-25 22:55:49.848  INFO 23832--- [pool-8-thread-2] de.polocloud.node.services.queue.ServiceQueue : Queued lobby-4c959f8f-7010-40e0-b9c8-f6d802f40eb5-40 [memory: 64MB, platform: PAPER/1.21]
2026-08-25 22:55:49.848  INFO 23832--- [pool-8-thread-1] de.polocloud.node.services.queue.ServiceQueue : Queued lobby-4c959f8f-7010-40e0-b9c8-f6d802f40eb5-41 [memory: 64MB, platform: PAPER/1.21]
2026-08-25 22:55:49.848  INFO 23832--- [pool-8-thread-2] de.polocloud.node.services.queue.ServiceQueue : Queued lobby-4c959f8f-7010-40e0-b9c8-f6d802f40eb5-41 [memory: 64MB, platform: PAPER/1.21]
2026-08-25 22:55:49.848  INFO 23832--- [pool-8-thread-1] de.polocloud.node.services.queue.ServiceQueue : Queued lobby-4c959f8f-7010-40e0-b9c8-f6d802f40eb5-42 [memory: 64MB, platform: PAPER/1.21]
2026-08-25 22:55:49.848  INFO 23832--- [pool-8-thread-2] de.polocloud.node.services.queue.ServiceQueue : Queued lobby-4c959f8f-7010-40e0-b9c8-f6d802f40eb5-42 [memory: 64MB, platform: PAPER/1.21]
2026-08-25 22:55:49.848  INFO 23832--- [pool-8-thread-1] de.polocloud.node.services.queue.ServiceQueue : Queued lobby-4c959f8f-7010-40e0-b9c8-f6d802f40eb5-43 [memory: 64MB, platform: PAPER/1.21]
2026-08-25 22:55:49.848  INFO 23832--- [pool-8-thread-2] de.polocloud.node.services.queue.ServiceQueue : Queued lobby-4c959f8f-7010-40e0-b9c8-f6d802f40eb5-43 [memory: 64MB, platform: PAPER/1.21]
2026-08-25 22:55:49.848  INFO 23832--- [pool-8-thread-1] de.polocloud.node.services.queue.ServiceQueue : Queued lobby-4c959f8f-7010-40e0-b9c8-f6d802f40eb5-44 [memory: 64MB, platform: PAPER/1.21]
2026-08-25 22:55:49.848  INFO 23832--- [pool-8-thread-2] de.polocloud.node.services.queue.ServiceQueue : Queued lobby-4c959f8f-7010-40e0-b9c8-f6d802f40eb5-44 [memory: 64MB, platform: PAPER/1.21]
2026-08-25 22:55:49.848  INFO 23832--- [pool-8-thread-1] de.polocloud.node.services.queue.ServiceQueue : Queued lobby-4c959f8f-7010-40e0-b9c8-f6d802f40eb5-45 [memory: 64MB, platform: PAPER/1.21]
2026-08-25 22:55:49.848  INFO 23832--- [pool-8-thread-2] de.polocloud.node.services.queue.ServiceQueue : Queued lobby-4c959f8f-7010-40e0-b9c8-f6d802f40eb5-45 [memory: 64MB, platform: PAPER/1.21]
2026-08-25 22:55:49.848  INFO 23832--- [pool-8-thread-1] de.polocloud.node.services.queue.ServiceQueue : Queued lobby-4c959f8f-7010-40e0-b9c8-f6d802f40eb5-46 [memory: 64MB, platform: PAPER/1.21]
2026-08-25 22:55:49.850  INFO 23832--- [pool-8-thread-2] de.polocloud.node.services.queue.ServiceQueue : Queued lobby-4c959f8f-7010-40e0-b9c8-f6d802f40eb5-46 [memory: 64MB, platform: PAPER/1.21]
2026-08-25 22:55:49.850  INFO 23832--- [pool-8-thread-1] de.polocloud.node.services.queue.ServiceQueue : Queued lobby-4c959f8f-7010-40e0-b9c8-f6d802f40eb5-47 [memory: 64MB, platform: PAPER/1.21]
2026-08-25 22:55:49.850  INFO 23832--- [pool-8-thread-2] de.polocloud.node.services.queue.ServiceQueue : Queued lobby-4c959f8f-7010-40e0-b9c8-f6d802f40eb5-47 [memory: 64MB, platform: PAPER/1.21]
2026-08-25 22:55:49.850  INFO 23832--- [pool-8-thread-1] de.polocloud.node.services.queue.ServiceQueue : Queued lobby-4c959f8f-7010-40e0-b9c8-f6d802f40eb5-48 [memory: 64MB, platform: PAPER/1.21]
2026-08-25 22:55:49.850  INFO 23832--- [pool-8-thread-2] de.polocloud.node.services.queue.ServiceQueue : Queued lobby-4c959f8f-7010-40e0-b9c8-f6d802f40eb5-48 [memory: 64MB, platform: PAPER/1.21]
2026-08-25 22:55:49.850  INFO 23832--- [pool-8-thread-1] de.polocloud.node.services.queue.ServiceQueue : Queued lobby-4c959f8f-7010-40e0-b9c8-f6d802f40eb5-49 [memory: 64MB, platform: PAPER/1.21]
2026-08-25 22:55:49.850  INFO 23832--- [pool-8-thread-2] de.polocloud.node.services.queue.ServiceQueue : Queued lobby-4c959f8f-7010-40e0-b9c8-f6d802f40eb5-49 [memory: 64MB, platform: PAPER/1.21]
2026-08-25 22:55:49.850  INFO 23832--- [pool-8-thread-1] de.polocloud.node.services.queue.ServiceQueue : Queued lobby-4c959f8f-7010-40e0-b9c8-f6d802f40eb5-50 [memory: 64MB, platform: PAPER/1.21]
2026-08-25 22:55:49.850  INFO 23832--- [pool-8-thread-2] de.polocloud.node.services.queue.ServiceQueue : Queued lobby-4c959f8f-7010-40e0-b9c8-f6d802f40eb5-50 [memory: 64MB, platform: PAPER/1.21]
2026-08-25 22:55:49.850  INFO 23832--- [pool-8-thread-1] de.polocloud.node.services.queue.ServiceQueue : Queued lobby-4c959f8f-7010-40e0-b9c8-f6d802f40eb5-51 [memory: 64MB, platform: PAPER/1.21]
2026-08-25 22:55:49.851  INFO 23832--- [pool-8-thread-2] de.polocloud.node.services.queue.ServiceQueue : Queued lobby-4c959f8f-7010-40e0-b9c8-f6d802f40eb5-51 [memory: 64MB, platform: PAPER/1.21]
2026-08-25 22:55:49.851  INFO 23832--- [pool-8-thread-1] de.polocloud.node.services.queue.ServiceQueue : Queued lobby-4c959f8f-7010-40e0-b9c8-f6d802f40eb5-52 [memory: 64MB, platform: PAPER/1.21]
2026-08-25 22:55:49.851  INFO 23832--- [pool-8-thread-2] de.polocloud.node.services.queue.ServiceQueue : Queued lobby-4c959f8f-7010-40e0-b9c8-f6d802f40eb5-52 [memory: 64MB, platform: PAPER/1.21]
2026-08-25 22:55:49.851  INFO 23832--- [pool-8-thread-1] de.polocloud.node.services.queue.ServiceQueue : Queued lobby-4c959f8f-7010-40e0-b9c8-f6d802f40eb5-53 [memory: 64MB, platform: PAPER/1.21]
2026-08-25 22:55:49.851  INFO 23832--- [pool-8-thread-2] de.polocloud.node.services.queue.ServiceQueue : Queued lobby-4c959f8f-7010-40e0-b9c8-f6d802f40eb5-53 [memory: 64MB, platform: PAPER/1.21]
2026-08-25 22:55:49.851  INFO 23832--- [pool-8-thread-1] de.polocloud.node.services.queue.ServiceQueue : Queued lobby-4c959f8f-7010-40e0-b9c8-f6d802f40eb5-54 [memory: 64MB, platform: PAPER/1.21]
2026-08-25 22:55:49.851  INFO 23832--- [pool-8-thread-2] de.polocloud.node.services.queue.ServiceQueue : Queued lobby-4c959f8f-7010-40e0-b9c8-f6d802f40eb5-54 [memory: 64MB, platform: PAPER/1.21]
2026-08-25 22:55:49.851  INFO 23832--- [pool-8-thread-1] de.polocloud.node.services.queue.ServiceQueue : Queued lobby-4c959f8f-7010-40e0-b9c8-f6d802f40eb5-55 [memory: 64MB, platform: PAPER/1.21]
2026-08-25 22:55:49.851  INFO 23832--- [pool-8-thread-2] de.polocloud.node.services.queue.ServiceQueue : Queued lobby-4c959f8f-7010-40e0-b9c8-f6d802f40eb5-55 [memory: 64MB, platform: PAPER/1.21]
2026-08-25 22:55:49.851  INFO 23832--- [pool-8-thread-1] de.polocloud.node.services.queue.ServiceQueue : Queued lobby-4c959f8f-7010-40e0-b9c8-f6d802f40eb5-56 [memory: 64MB, platform: PAPER/1.21]
2026-08-25 22:55:49.852  INFO 23832--- [pool-8-thread-2] de.polocloud.node.services.queue.ServiceQueue : Queued lobby-4c959f8f-7010-40e0-b9c8-f6d802f40eb5-56 [memory: 64MB, platform: PAPER/1.21]
2026-08-25 22:55:49.852  INFO 23832--- [pool-8-thread-1] de.polocloud.node.services.queue.ServiceQueue : Queued lobby-4c959f8f-7010-40e0-b9c8-f6d802f40eb5-57 [memory: 64MB, platform: PAPER/1.21]
2026-08-25 22:55:49.852  INFO 23832--- [pool-8-thread-2] de.polocloud.node.services.queue.ServiceQueue : Queued lobby-4c959f8f-7010-40e0-b9c8-f6d802f40eb5-57 [memory: 64MB, platform: PAPER/1.21]
2026-08-25 22:55:49.852  INFO 23832--- [pool-8-thread-1] de.polocloud.node.services.queue.ServiceQueue : Queued lobby-4c959f8f-7010-40e0-b9c8-f6d802f40eb5-58 [memory: 64MB, platform: PAPER/1.21]
2026-08-25 22:55:49.852  INFO 23832--- [pool-8-thread-2] de.polocloud.node.services.queue.ServiceQueue : Queued lobby-4c959f8f-7010-40e0-b9c8-f6d802f40eb5-58 [memory: 64MB, platform: PAPER/1.21]
2026-08-25 22:55:49.852  INFO 23832--- [pool-8-thread-1] de.polocloud.node.services.queue.ServiceQueue : Queued lobby-4c959f8f-7010-40e0-b9c8-f6d802f40eb5-59 [memory: 64MB, platform: PAPER/1.21]
2026-08-25 22:55:49.852  INFO 23832--- [pool-8-thread-2] de.polocloud.node.services.queue.ServiceQueue : Queued lobby-4c959f8f-7010-40e0-b9c8-f6d802f40eb5-59 [memory: 64MB, platform: PAPER/1.21]
2026-08-25 22:55:49.852  INFO 23832--- [pool-8-thread-1] de.polocloud.node.services.queue.ServiceQueue : Queued lobby-4c959f8f-7010-40e0-b9c8-f6d802f40eb5-60 [memory: 64MB, platform: PAPER/1.21]
2026-08-25 22:55:49.852  INFO 23832--- [pool-8-thread-2] de.polocloud.node.services.queue.ServiceQueue : Queued lobby-4c959f8f-7010-40e0-b9c8-f6d802f40eb5-60 [memory: 64MB, platform: PAPER/1.21]
2026-08-25 22:55:49.853  INFO 23832--- [pool-8-thread-1] de.polocloud.node.services.queue.ServiceQueue : Queued lobby-4c959f8f-7010-40e0-b9c8-f6d802f40eb5-61 [memory: 64MB, platform: PAPER/1.21]
2026-08-25 22:55:49.853  INFO 23832--- [pool-8-thread-2] de.polocloud.node.services.queue.ServiceQueue : Queued lobby-4c959f8f-7010-40e0-b9c8-f6d802f40eb5-61 [memory: 64MB, platform: PAPER/1.21]
2026-08-25 22:55:49.853  INFO 23832--- [pool-8-thread-1] de.polocloud.node.services.queue.ServiceQueue : Queued lobby-4c959f8f-7010-40e0-b9c8-f6d802f40eb5-62 [memory: 64MB, platform: PAPER/1.21]
2026-08-25 22:55:49.853  INFO 23832--- [pool-8-thread-2] de.polocloud.node.services.queue.ServiceQueue : Queued lobby-4c959f8f-7010-40e0-b9c8-f6d802f40eb5-62 [memory: 64MB, platform: PAPER/1.21]
2026-08-25 22:55:49.853  INFO 23832--- [pool-8-thread-1] de.polocloud.node.services.queue.ServiceQueue : Queued lobby-4c959f8f-7010-40e0-b9c8-f6d802f40eb5-63 [memory: 64MB, platform: PAPER/1.21]
2026-08-25 22:55:49.853  INFO 23832--- [pool-8-thread-2] de.polocloud.node.services.queue.ServiceQueue : Queued lobby-4c959f8f-7010-40e0-b9c8-f6d802f40eb5-63 [memory: 64MB, platform: PAPER/1.21]
2026-08-25 22:55:49.853  INFO 23832--- [pool-8-thread-1] de.polocloud.node.services.queue.ServiceQueue : Queued lobby-4c959f8f-7010-40e0-b9c8-f6d802f40eb5-64 [memory: 64MB, platform: PAPER/1.21]
2026-08-25 22:55:49.853  INFO 23832--- [pool-8-thread-2] de.polocloud.node.services.queue.ServiceQueue : Queued lobby-4c959f8f-7010-40e0-b9c8-f6d802f40eb5-64 [memory: 64MB, platform: PAPER/1.21]
2026-08-25 22:55:49.853  INFO 23832--- [pool-8-thread-1] de.polocloud.node.services.queue.ServiceQueue : Queued lobby-4c959f8f-7010-40e0-b9c8-f6d802f40eb5-65 [memory: 64MB, platform: PAPER/1.21]
2026-08-25 22:55:49.853  INFO 23832--- [pool-8-thread-2] de.polocloud.node.services.queue.ServiceQueue : Queued lobby-4c959f8f-7010-40e0-b9c8-f6d802f40eb5-65 [memory: 64MB, platform: PAPER/1.21]
2026-08-25 22:55:49.854  INFO 23832--- [pool-8-thread-1] de.polocloud.node.services.queue.ServiceQueue : Queued lobby-4c959f8f-7010-40e0-b9c8-f6d802f40eb5-66 [memory: 64MB, platform: PAPER/1.21]
2026-08-25 22:55:49.854  INFO 23832--- [pool-8-thread-2] de.polocloud.node.services.queue.ServiceQueue : Queued lobby-4c959f8f-7010-40e0-b9c8-f6d802f40eb5-66 [memory: 64MB, platform: PAPER/1.21]
2026-08-25 22:55:49.854  INFO 23832--- [pool-8-thread-1] de.polocloud.node.services.queue.ServiceQueue : Queued lobby-4c959f8f-7010-40e0-b9c8-f6d802f40eb5-67 [memory: 64MB, platform: PAPER/1.21]
2026-08-25 22:55:49.854  INFO 23832--- [pool-8-thread-2] de.polocloud.node.services.queue.ServiceQueue : Queued lobby-4c959f8f-7010-40e0-b9c8-f6d802f40eb5-67 [memory: 64MB, platform: PAPER/1.21]
2026-08-25 22:55:49.854  INFO 23832--- [pool-8-thread-1] de.polocloud.node.services.queue.ServiceQueue : Queued lobby-4c959f8f-7010-40e0-b9c8-f6d802f40eb5-68 [memory: 64MB, platform: PAPER/1.21]
2026-08-25 22:55:49.854  INFO 23832--- [pool-8-thread-2] de.polocloud.node.services.queue.ServiceQueue : Queued lobby-4c959f8f-7010-40e0-b9c8-f6d802f40eb5-68 [memory: 64MB, platform: PAPER/1.21]
2026-08-25 22:55:49.854  INFO 23832--- [pool-8-thread-1] de.polocloud.node.services.queue.ServiceQueue : Queued lobby-4c959f8f-7010-40e0-b9c8-f6d802f40eb5-69 [memory: 64MB, platform: PAPER/1.21]
2026-08-25 22:55:49.854  INFO 23832--- [pool-8-thread-2] de.polocloud.node.services.queue.ServiceQueue : Queued lobby-4c959f8f-7010-40e0-b9c8-f6d802f40eb5-69 [memory: 64MB, platform: PAPER/1.21]
2026-08-25 22:55:49.854  INFO 23832--- [pool-8-thread-1] de.polocloud.node.services.queue.ServiceQueue : Queued lobby-4c959f8f-7010-40e0-b9c8-f6d802f40eb5-70 [memory: 64MB, platform: PAPER/1.21]
2026-08-25 22:55:49.854  INFO 23832--- [pool-8-thread-2] de.polocloud.node.services.queue.ServiceQueue : Queued lobby-4c959f8f-7010-40e0-b9c8-f6d802f40eb5-70 [memory: 64MB, platform: PAPER/1.21]
2026-08-25 22:55:49.854  INFO 23832--- [pool-8-thread-1] de.polocloud.node.services.queue.ServiceQueue : Queued lobby-4c959f8f-7010-40e0-b9c8-f6d802f40eb5-71 [memory: 64MB, platform: PAPER/1.21]
2026-08-25 22:55:49.854  INFO 23832--- [pool-8-thread-2] de.polocloud.node.services.queue.ServiceQueue : Queued lobby-4c959f8f-7010-40e0-b9c8-f6d802f40eb5-71 [memory: 64MB, platform: PAPER/1.21]
2026-08-25 22:55:49.854  INFO 23832--- [pool-8-thread-1] de.polocloud.node.services.queue.ServiceQueue : Queued lobby-4c959f8f-7010-40e0-b9c8-f6d802f40eb5-72 [memory: 64MB, platform: PAPER/1.21]
2026-08-25 22:55:49.854  INFO 23832--- [pool-8-thread-2] de.polocloud.node.services.queue.ServiceQueue : Queued lobby-4c959f8f-7010-40e0-b9c8-f6d802f40eb5-72 [memory: 64MB, platform: PAPER/1.21]
2026-08-25 22:55:49.854  INFO 23832--- [pool-8-thread-1] de.polocloud.node.services.queue.ServiceQueue : Queued lobby-4c959f8f-7010-40e0-b9c8-f6d802f40eb5-73 [memory: 64MB, platform: PAPER/1.21]
2026-08-25 22:55:49.854  INFO 23832--- [pool-8-thread-2] de.polocloud.node.services.queue.ServiceQueue : Queued lobby-4c959f8f-7010-40e0-b9c8-f6d802f40eb5-73 [memory: 64MB, platform: PAPER/1.21]
2026-08-25 22:55:49.855  INFO 23832--- [pool-8-thread-1] de.polocloud.node.services.queue.ServiceQueue : Queued lobby-4c959f8f-7010-40e0-b9c8-f6d802f40eb5-74 [memory: 64MB, platform: PAPER/1.21]
2026-08-25 22:55:49.855  INFO 23832--- [pool-8-thread-2] de.polocloud.node.services.queue.ServiceQueue : Queued lobby-4c959f8f-7010-40e0-b9c8-f6d802f40eb5-74 [memory: 64MB, platform: PAPER/1.21]
2026-08-25 22:55:49.855  INFO 23832--- [pool-8-thread-1] de.polocloud.node.services.queue.ServiceQueue : Queued lobby-4c959f8f-7010-40e0-b9c8-f6d802f40eb5-75 [memory: 64MB, platform: PAPER/1.21]
2026-08-25 22:55:49.855  INFO 23832--- [pool-8-thread-2] de.polocloud.node.services.queue.ServiceQueue : Queued lobby-4c959f8f-7010-40e0-b9c8-f6d802f40eb5-75 [memory: 64MB, platform: PAPER/1.21]
2026-08-25 22:55:49.855  INFO 23832--- [pool-8-thread-1] de.polocloud.node.services.queue.ServiceQueue : Queued lobby-4c959f8f-7010-40e0-b9c8-f6d802f40eb5-76 [memory: 64MB, platform: PAPER/1.21]
2026-08-25 22:55:49.855  INFO 23832--- [pool-8-thread-2] de.polocloud.node.services.queue.ServiceQueue : Queued lobby-4c959f8f-7010-40e0-b9c8-f6d802f40eb5-76 [memory: 64MB, platform: PAPER/1.21]
2026-08-25 22:55:49.855  INFO 23832--- [pool-8-thread-1] de.polocloud.node.services.queue.ServiceQueue : Queued lobby-4c959f8f-7010-40e0-b9c8-f6d802f40eb5-77 [memory: 64MB, platform: PAPER/1.21]
2026-08-25 22:55:49.855  INFO 23832--- [pool-8-thread-2] de.polocloud.node.services.queue.ServiceQueue : Queued lobby-4c959f8f-7010-40e0-b9c8-f6d802f40eb5-77 [memory: 64MB, platform: PAPER/1.21]
2026-08-25 22:55:49.855  INFO 23832--- [pool-8-thread-1] de.polocloud.node.services.queue.ServiceQueue : Queued lobby-4c959f8f-7010-40e0-b9c8-f6d802f40eb5-78 [memory: 64MB, platform: PAPER/1.21]
2026-08-25 22:55:49.855  INFO 23832--- [pool-8-thread-2] de.polocloud.node.services.queue.ServiceQueue : Queued lobby-4c959f8f-7010-40e0-b9c8-f6d802f40eb5-78 [memory: 64MB, platform: PAPER/1.21]
2026-08-25 22:55:49.856  INFO 23832--- [pool-8-thread-1] de.polocloud.node.services.queue.ServiceQueue : Queued lobby-4c959f8f-7010-40e0-b9c8-f6d802f40eb5-79 [memory: 64MB, platform: PAPER/1.21]
2026-08-25 22:55:49.856  INFO 23832--- [pool-8-thread-2] de.polocloud.node.services.queue.ServiceQueue : Queued lobby-4c959f8f-7010-40e0-b9c8-f6d802f40eb5-79 [memory: 64MB, platform: PAPER/1.21]
2026-08-25 22:55:49.856  INFO 23832--- [pool-8-thread-1] de.polocloud.node.services.queue.ServiceQueue : Queued lobby-4c959f8f-7010-40e0-b9c8-f6d802f40eb5-80 [memory: 64MB, platform: PAPER/1.21]
2026-08-25 22:55:49.856  INFO 23832--- [pool-8-thread-2] de.polocloud.node.services.queue.ServiceQueue : Queued lobby-4c959f8f-7010-40e0-b9c8-f6d802f40eb5-80 [memory: 64MB, platform: PAPER/1.21]
2026-08-25 22:55:49.856  INFO 23832--- [pool-8-thread-1] de.polocloud.node.services.queue.ServiceQueue : Queued lobby-4c959f8f-7010-40e0-b9c8-f6d802f40eb5-81 [memory: 64MB, platform: PAPER/1.21]
2026-08-25 22:55:49.856  INFO 23832--- [pool-8-thread-2] de.polocloud.node.services.queue.ServiceQueue : Queued lobby-4c959f8f-7010-40e0-b9c8-f6d802f40eb5-81 [memory: 64MB, platform: PAPER/1.21]
2026-08-25 22:55:49.856  INFO 23832--- [pool-8-thread-1] de.polocloud.node.services.queue.ServiceQueue : Queued lobby-4c959f8f-7010-40e0-b9c8-f6d802f40eb5-82 [memory: 64MB, platform: PAPER/1.21]
2026-08-25 22:55:49.856  INFO 23832--- [pool-8-thread-2] de.polocloud.node.services.queue.ServiceQueue : Queued lobby-4c959f8f-7010-40e0-b9c8-f6d802f40eb5-82 [memory: 64MB, platform: PAPER/1.21]
2026-08-25 22:55:49.856  INFO 23832--- [pool-8-thread-1] de.polocloud.node.services.queue.ServiceQueue : Queued lobby-4c959f8f-7010-40e0-b9c8-f6d802f40eb5-83 [memory: 64MB, platform: PAPER/1.21]
2026-08-25 22:55:49.856  INFO 23832--- [pool-8-thread-2] de.polocloud.node.services.queue.ServiceQueue : Queued lobby-4c959f8f-7010-40e0-b9c8-f6d802f40eb5-83 [memory: 64MB, platform: PAPER/1.21]
2026-08-25 22:55:49.857  INFO 23832--- [pool-8-thread-1] de.polocloud.node.services.queue.ServiceQueue : Queued lobby-4c959f8f-7010-40e0-b9c8-f6d802f40eb5-84 [memory: 64MB, platform: PAPER/1.21]
2026-08-25 22:55:49.857  INFO 23832--- [pool-8-thread-2] de.polocloud.node.services.queue.ServiceQueue : Queued lobby-4c959f8f-7010-40e0-b9c8-f6d802f40eb5-84 [memory: 64MB, platform: PAPER/1.21]
2026-08-25 22:55:49.857  INFO 23832--- [pool-8-thread-1] de.polocloud.node.services.queue.ServiceQueue : Queued lobby-4c959f8f-7010-40e0-b9c8-f6d802f40eb5-85 [memory: 64MB, platform: PAPER/1.21]
2026-08-25 22:55:49.857  INFO 23832--- [pool-8-thread-2] de.polocloud.node.services.queue.ServiceQueue : Queued lobby-4c959f8f-7010-40e0-b9c8-f6d802f40eb5-85 [memory: 64MB, platform: PAPER/1.21]
2026-08-25 22:55:49.857  INFO 23832--- [pool-8-thread-1] de.polocloud.node.services.queue.ServiceQueue : Queued lobby-4c959f8f-7010-40e0-b9c8-f6d802f40eb5-86 [memory: 64MB, platform: PAPER/1.21]
2026-08-25 22:55:49.857  INFO 23832--- [pool-8-thread-2] de.polocloud.node.services.queue.ServiceQueue : Queued lobby-4c959f8f-7010-40e0-b9c8-f6d802f40eb5-86 [memory: 64MB, platform: PAPER/1.21]
2026-08-25 22:55:49.857  INFO 23832--- [pool-8-thread-1] de.polocloud.node.services.queue.ServiceQueue : Queued lobby-4c959f8f-7010-40e0-b9c8-f6d802f40eb5-87 [memory: 64MB, platform: PAPER/1.21]
2026-08-25 22:55:49.857  INFO 23832--- [pool-8-thread-2] de.polocloud.node.services.queue.ServiceQueue : Queued lobby-4c959f8f-7010-40e0-b9c8-f6d802f40eb5-87 [memory: 64MB, platform: PAPER/1.21]
2026-08-25 22:55:49.857  INFO 23832--- [pool-8-thread-1] de.polocloud.node.services.queue.ServiceQueue : Queued lobby-4c959f8f-7010-40e0-b9c8-f6d802f40eb5-88 [memory: 64MB, platform: PAPER/1.21]
2026-08-25 22:55:49.857  INFO 23832--- [pool-8-thread-2] de.polocloud.node.services.queue.ServiceQueue : Queued lobby-4c959f8f-7010-40e0-b9c8-f6d802f40eb5-88 [memory: 64MB, platform: PAPER/1.21]
2026-08-25 22:55:49.858  INFO 23832--- [pool-8-thread-1] de.polocloud.node.services.queue.ServiceQueue : Queued lobby-4c959f8f-7010-40e0-b9c8-f6d802f40eb5-89 [memory: 64MB, platform: PAPER/1.21]
2026-08-25 22:55:49.858  INFO 23832--- [pool-8-thread-2] de.polocloud.node.services.queue.ServiceQueue : Queued lobby-4c959f8f-7010-40e0-b9c8-f6d802f40eb5-89 [memory: 64MB, platform: PAPER/1.21]
2026-08-25 22:55:49.858  INFO 23832--- [pool-8-thread-1] de.polocloud.node.services.queue.ServiceQueue : Queued lobby-4c959f8f-7010-40e0-b9c8-f6d802f40eb5-90 [memory: 64MB, platform: PAPER/1.21]
2026-08-25 22:55:49.858  INFO 23832--- [pool-8-thread-2] de.polocloud.node.services.queue.ServiceQueue : Queued lobby-4c959f8f-7010-40e0-b9c8-f6d802f40eb5-90 [memory: 64MB, platform: PAPER/1.21]
2026-08-25 22:55:49.858  INFO 23832--- [pool-8-thread-1] de.polocloud.node.services.queue.ServiceQueue : Queued lobby-4c959f8f-7010-40e0-b9c8-f6d802f40eb5-91 [memory: 64MB, platform: PAPER/1.21]
2026-08-25 22:55:49.858  INFO 23832--- [pool-8-thread-2] de.polocloud.node.services.queue.ServiceQueue : Queued lobby-4c959f8f-7010-40e0-b9c8-f6d802f40eb5-91 [memory: 64MB, platform: PAPER/1.21]
2026-08-25 22:55:49.858  INFO 23832--- [pool-8-thread-1] de.polocloud.node.services.queue.ServiceQueue : Queued lobby-4c959f8f-7010-40e0-b9c8-f6d802f40eb5-92 [memory: 64MB, platform: PAPER/1.21]
2026-08-25 22:55:49.858  INFO 23832--- [pool-8-thread-2] de.polocloud.node.services.queue.ServiceQueue : Queued lobby-4c959f8f-7010-40e0-b9c8-f6d802f40eb5-92 [memory: 64MB, platform: PAPER/1.21]
2026-08-25 22:55:49.858  INFO 23832--- [pool-8-thread-1] de.polocloud.node.services.queue.ServiceQueue : Queued lobby-4c959f8f-7010-40e0-b9c8-f6d802f40eb5-93 [memory: 64MB, platform: PAPER/1.21]
2026-08-25 22:55:49.858  INFO 23832--- [pool-8-thread-2] de.polocloud.node.services.queue.ServiceQueue : Queued lobby-4c959f8f-7010-40e0-b9c8-f6d802f40eb5-93 [memory: 64MB, platform: PAPER/1.21]
2026-08-25 22:55:49.858  INFO 23832--- [pool-8-thread-1] de.polocloud.node.services.queue.ServiceQueue : Queued lobby-4c959f8f-7010-40e0-b9c8-f6d802f40eb5-94 [memory: 64MB, platform: PAPER/1.21]
2026-08-25 22:55:49.858  INFO 23832--- [pool-8-thread-2] de.polocloud.node.services.queue.ServiceQueue : Queued lobby-4c959f8f-7010-40e0-b9c8-f6d802f40eb5-94 [memory: 64MB, platform: PAPER/1.21]
2026-08-25 22:55:49.858  INFO 23832--- [pool-8-thread-1] de.polocloud.node.services.queue.ServiceQueue : Queued lobby-4c959f8f-7010-40e0-b9c8-f6d802f40eb5-95 [memory: 64MB, platform: PAPER/1.21]
2026-08-25 22:55:49.858  INFO 23832--- [pool-8-thread-2] de.polocloud.node.services.queue.ServiceQueue : Queued lobby-4c959f8f-7010-40e0-b9c8-f6d802f40eb5-95 [memory: 64MB, platform: PAPER/1.21]
2026-08-25 22:55:49.858  INFO 23832--- [pool-8-thread-1] de.polocloud.node.services.queue.ServiceQueue : Queued lobby-4c959f8f-7010-40e0-b9c8-f6d802f40eb5-96 [memory: 64MB, platform: PAPER/1.21]
2026-08-25 22:55:49.858  INFO 23832--- [pool-8-thread-2] de.polocloud.node.services.queue.ServiceQueue : Queued lobby-4c959f8f-7010-40e0-b9c8-f6d802f40eb5-96 [memory: 64MB, platform: PAPER/1.21]
2026-08-25 22:55:49.860  INFO 23832--- [pool-8-thread-1] de.polocloud.node.services.queue.ServiceQueue : Queued lobby-4c959f8f-7010-40e0-b9c8-f6d802f40eb5-97 [memory: 64MB, platform: PAPER/1.21]
2026-08-25 22:55:49.860  INFO 23832--- [pool-8-thread-2] de.polocloud.node.services.queue.ServiceQueue : Queued lobby-4c959f8f-7010-40e0-b9c8-f6d802f40eb5-97 [memory: 64MB, platform: PAPER/1.21]
2026-08-25 22:55:49.860  INFO 23832--- [pool-8-thread-1] de.polocloud.node.services.queue.ServiceQueue : Queued lobby-4c959f8f-7010-40e0-b9c8-f6d802f40eb5-98 [memory: 64MB, platform: PAPER/1.21]
2026-08-25 22:55:49.860  INFO 23832--- [pool-8-thread-2] de.polocloud.node.services.queue.ServiceQueue : Queued lobby-4c959f8f-7010-40e0-b9c8-f6d802f40eb5-98 [memory: 64MB, platform: PAPER/1.21]
2026-08-25 22:55:49.860  INFO 23832--- [pool-8-thread-1] de.polocloud.node.services.queue.ServiceQueue : Queued lobby-4c959f8f-7010-40e0-b9c8-f6d802f40eb5-99 [memory: 64MB, platform: PAPER/1.21]
2026-08-25 22:55:49.860  INFO 23832--- [pool-8-thread-2] de.polocloud.node.services.queue.ServiceQueue : Queued lobby-4c959f8f-7010-40e0-b9c8-f6d802f40eb5-99 [memory: 64MB, platform: PAPER/1.21]
2026-08-25 22:55:49.860  INFO 23832--- [pool-8-thread-1] de.polocloud.node.services.queue.ServiceQueue : Queued lobby-4c959f8f-7010-40e0-b9c8-f6d802f40eb5-100 [memory: 64MB, platform: PAPER/1.21]
2026-08-25 22:55:49.860  INFO 23832--- [pool-8-thread-2] de.polocloud.node.services.queue.ServiceQueue : Queued lobby-4c959f8f-7010-40e0-b9c8-f6d802f40eb5-100 [memory: 64MB, platform: PAPER/1.21]
2026-08-25 22:55:49.860  INFO 23832--- [pool-8-thread-1] de.polocloud.node.services.queue.ServiceQueue : Queued lobby-4c959f8f-7010-40e0-b9c8-f6d802f40eb5-101 [memory: 64MB, platform: PAPER/1.21]
2026-08-25 22:55:49.860  INFO 23832--- [pool-8-thread-2] de.polocloud.node.services.queue.ServiceQueue : Queued lobby-4c959f8f-7010-40e0-b9c8-f6d802f40eb5-101 [memory: 64MB, platform: PAPER/1.21]
2026-08-25 22:55:49.861  INFO 23832--- [pool-8-thread-1] de.polocloud.node.services.queue.ServiceQueue : Queued lobby-4c959f8f-7010-40e0-b9c8-f6d802f40eb5-102 [memory: 64MB, platform: PAPER/1.21]
2026-08-25 22:55:49.861  INFO 23832--- [pool-8-thread-2] de.polocloud.node.services.queue.ServiceQueue : Queued lobby-4c959f8f-7010-40e0-b9c8-f6d802f40eb5-102 [memory: 64MB, platform: PAPER/1.21]
2026-08-25 22:55:49.861  INFO 23832--- [pool-8-thread-1] de.polocloud.node.services.queue.ServiceQueue : Queued lobby-4c959f8f-7010-40e0-b9c8-f6d802f40eb5-103 [memory: 64MB, platform: PAPER/1.21]
2026-08-25 22:55:49.861  INFO 23832--- [pool-8-thread-2] de.polocloud.node.services.queue.ServiceQueue : Queued lobby-4c959f8f-7010-40e0-b9c8-f6d802f40eb5-103 [memory: 64MB, platform: PAPER/1.21]
2026-08-25 22:55:49.861  INFO 23832--- [pool-8-thread-1] de.polocloud.node.services.queue.ServiceQueue : Queued lobby-4c959f8f-7010-40e0-b9c8-f6d802f40eb5-104 [memory: 64MB, platform: PAPER/1.21]
2026-08-25 22:55:49.861  INFO 23832--- [pool-8-thread-2] de.polocloud.node.services.queue.ServiceQueue : Queued lobby-4c959f8f-7010-40e0-b9c8-f6d802f40eb5-104 [memory: 64MB, platform: PAPER/1.21]
2026-08-25 22:55:49.863  INFO 23832--- [pool-8-thread-2] de.polocloud.node.services.queue.ServiceQueue : Queued lobby-4c959f8f-7010-40e0-b9c8-f6d802f40eb5-105 [memory: 64MB, platform: PAPER/1.21]
2026-08-25 22:55:49.863  INFO 23832--- [pool-8-thread-1] de.polocloud.node.services.queue.ServiceQueue : Queued lobby-4c959f8f-7010-40e0-b9c8-f6d802f40eb5-105 [memory: 64MB, platform: PAPER/1.21]
2026-08-25 22:55:49.863  INFO 23832--- [pool-8-thread-2] de.polocloud.node.services.queue.ServiceQueue : Queued lobby-4c959f8f-7010-40e0-b9c8-f6d802f40eb5-106 [memory: 64MB, platform: PAPER/1.21]
2026-08-25 22:55:49.863  INFO 23832--- [pool-8-thread-1] de.polocloud.node.services.queue.ServiceQueue : Queued lobby-4c959f8f-7010-40e0-b9c8-f6d802f40eb5-106 [memory: 64MB, platform: PAPER/1.21]
2026-08-25 22:55:49.863  INFO 23832--- [pool-8-thread-2] de.polocloud.node.services.queue.ServiceQueue : Queued lobby-4c959f8f-7010-40e0-b9c8-f6d802f40eb5-107 [memory: 64MB, platform: PAPER/1.21]
2026-08-25 22:55:49.863  INFO 23832--- [pool-8-thread-1] de.polocloud.node.services.queue.ServiceQueue : Queued lobby-4c959f8f-7010-40e0-b9c8-f6d802f40eb5-107 [memory: 64MB, platform: PAPER/1.21]
2026-08-25 22:55:49.863  INFO 23832--- [pool-8-thread-2] de.polocloud.node.services.queue.ServiceQueue : Queued lobby-4c959f8f-7010-40e0-b9c8-f6d802f40eb5-108 [memory: 64MB, platform: PAPER/1.21]
2026-08-25 22:55:49.863  INFO 23832--- [pool-8-thread-1] de.polocloud.node.services.queue.ServiceQueue : Queued lobby-4c959f8f-7010-40e0-b9c8-f6d802f40eb5-108 [memory: 64MB, platform: PAPER/1.21]
2026-08-25 22:55:49.864  INFO 23832--- [pool-8-thread-2] de.polocloud.node.services.queue.ServiceQueue : Queued lobby-4c959f8f-7010-40e0-b9c8-f6d802f40eb5-109 [memory: 64MB, platform: PAPER/1.21]
2026-08-25 22:55:49.864  INFO 23832--- [pool-8-thread-1] de.polocloud.node.services.queue.ServiceQueue : Queued lobby-4c959f8f-7010-40e0-b9c8-f6d802f40eb5-109 [memory: 64MB, platform: PAPER/1.21]
2026-08-25 22:55:49.864  INFO 23832--- [pool-8-thread-2] de.polocloud.node.services.queue.ServiceQueue : Queued lobby-4c959f8f-7010-40e0-b9c8-f6d802f40eb5-110 [memory: 64MB, platform: PAPER/1.21]
2026-08-25 22:55:49.864  INFO 23832--- [pool-8-thread-1] de.polocloud.node.services.queue.ServiceQueue : Queued lobby-4c959f8f-7010-40e0-b9c8-f6d802f40eb5-110 [memory: 64MB, platform: PAPER/1.21]
2026-08-25 22:55:49.864  INFO 23832--- [pool-8-thread-2] de.polocloud.node.services.queue.ServiceQueue : Queued lobby-4c959f8f-7010-40e0-b9c8-f6d802f40eb5-111 [memory: 64MB, platform: PAPER/1.21]
2026-08-25 22:55:49.864  INFO 23832--- [pool-8-thread-1] de.polocloud.node.services.queue.ServiceQueue : Queued lobby-4c959f8f-7010-40e0-b9c8-f6d802f40eb5-111 [memory: 64MB, platform: PAPER/1.21]
2026-08-25 22:55:49.864  INFO 23832--- [pool-8-thread-2] de.polocloud.node.services.queue.ServiceQueue : Queued lobby-4c959f8f-7010-40e0-b9c8-f6d802f40eb5-112 [memory: 64MB, platform: PAPER/1.21]
2026-08-25 22:55:49.864  INFO 23832--- [pool-8-thread-1] de.polocloud.node.services.queue.ServiceQueue : Queued lobby-4c959f8f-7010-40e0-b9c8-f6d802f40eb5-112 [memory: 64MB, platform: PAPER/1.21]
2026-08-25 22:55:49.864  INFO 23832--- [pool-8-thread-2] de.polocloud.node.services.queue.ServiceQueue : Queued lobby-4c959f8f-7010-40e0-b9c8-f6d802f40eb5-113 [memory: 64MB, platform: PAPER/1.21]
2026-08-25 22:55:49.864  INFO 23832--- [pool-8-thread-1] de.polocloud.node.services.queue.ServiceQueue : Queued lobby-4c959f8f-7010-40e0-b9c8-f6d802f40eb5-113 [memory: 64MB, platform: PAPER/1.21]
2026-08-25 22:55:49.865  INFO 23832--- [pool-8-thread-2] de.polocloud.node.services.queue.ServiceQueue : Queued lobby-4c959f8f-7010-40e0-b9c8-f6d802f40eb5-114 [memory: 64MB, platform: PAPER/1.21]
2026-08-25 22:55:49.865  INFO 23832--- [pool-8-thread-1] de.polocloud.node.services.queue.ServiceQueue : Queued lobby-4c959f8f-7010-40e0-b9c8-f6d802f40eb5-114 [memory: 64MB, platform: PAPER/1.21]
2026-08-25 22:55:49.865  INFO 23832--- [pool-8-thread-2] de.polocloud.node.services.queue.ServiceQueue : Queued lobby-4c959f8f-7010-40e0-b9c8-f6d802f40eb5-115 [memory: 64MB, platform: PAPER/1.21]
2026-08-25 22:55:49.865  INFO 23832--- [pool-8-thread-1] de.polocloud.node.services.queue.ServiceQueue : Queued lobby-4c959f8f-7010-40e0-b9c8-f6d802f40eb5-115 [memory: 64MB, platform: PAPER/1.21]
2026-08-25 22:55:49.865  INFO 23832--- [pool-8-thread-2] de.polocloud.node.services.queue.ServiceQueue : Queued lobby-4c959f8f-7010-40e0-b9c8-f6d802f40eb5-116 [memory: 64MB, platform: PAPER/1.21]
2026-08-25 22:55:49.865  INFO 23832--- [pool-8-thread-1] de.polocloud.node.services.queue.ServiceQueue : Queued lobby-4c959f8f-7010-40e0-b9c8-f6d802f40eb5-116 [memory: 64MB, platform: PAPER/1.21]
2026-08-25 22:55:49.865  INFO 23832--- [pool-8-thread-2] de.polocloud.node.services.queue.ServiceQueue : Queued lobby-4c959f8f-7010-40e0-b9c8-f6d802f40eb5-117 [memory: 64MB, platform: PAPER/1.21]
2026-08-25 22:55:49.865  INFO 23832--- [pool-8-thread-1] de.polocloud.node.services.queue.ServiceQueue : Queued lobby-4c959f8f-7010-40e0-b9c8-f6d802f40eb5-117 [memory: 64MB, platform: PAPER/1.21]
2026-08-25 22:55:49.865  INFO 23832--- [pool-8-thread-2] de.polocloud.node.services.queue.ServiceQueue : Queued lobby-4c959f8f-7010-40e0-b9c8-f6d802f40eb5-118 [memory: 64MB, platform: PAPER/1.21]
2026-08-25 22:55:49.865  INFO 23832--- [pool-8-thread-1] de.polocloud.node.services.queue.ServiceQueue : Queued lobby-4c959f8f-7010-40e0-b9c8-f6d802f40eb5-118 [memory: 64MB, platform: PAPER/1.21]
2026-08-25 22:55:49.866  INFO 23832--- [pool-8-thread-2] de.polocloud.node.services.queue.ServiceQueue : Queued lobby-4c959f8f-7010-40e0-b9c8-f6d802f40eb5-119 [memory: 64MB, platform: PAPER/1.21]
2026-08-25 22:55:49.866  INFO 23832--- [pool-8-thread-1] de.polocloud.node.services.queue.ServiceQueue : Queued lobby-4c959f8f-7010-40e0-b9c8-f6d802f40eb5-119 [memory: 64MB, platform: PAPER/1.21]
2026-08-25 22:55:49.866  INFO 23832--- [pool-8-thread-2] de.polocloud.node.services.queue.ServiceQueue : Queued lobby-4c959f8f-7010-40e0-b9c8-f6d802f40eb5-120 [memory: 64MB, platform: PAPER/1.21]
2026-08-25 22:55:49.866  INFO 23832--- [pool-8-thread-1] de.polocloud.node.services.queue.ServiceQueue : Queued lobby-4c959f8f-7010-40e0-b9c8-f6d802f40eb5-120 [memory: 64MB, platform: PAPER/1.21]
2026-08-25 22:55:49.866  INFO 23832--- [pool-8-thread-2] de.polocloud.node.services.queue.ServiceQueue : Queued lobby-4c959f8f-7010-40e0-b9c8-f6d802f40eb5-121 [memory: 64MB, platform: PAPER/1.21]
2026-08-25 22:55:49.866  INFO 23832--- [pool-8-thread-1] de.polocloud.node.services.queue.ServiceQueue : Queued lobby-4c959f8f-7010-40e0-b9c8-f6d802f40eb5-121 [memory: 64MB, platform: PAPER/1.21]
2026-08-25 22:55:49.866  INFO 23832--- [pool-8-thread-2] de.polocloud.node.services.queue.ServiceQueue : Queued lobby-4c959f8f-7010-40e0-b9c8-f6d802f40eb5-122 [memory: 64MB, platform: PAPER/1.21]
2026-08-25 22:55:49.866  INFO 23832--- [pool-8-thread-1] de.polocloud.node.services.queue.ServiceQueue : Queued lobby-4c959f8f-7010-40e0-b9c8-f6d802f40eb5-122 [memory: 64MB, platform: PAPER/1.21]
2026-08-25 22:55:49.866  INFO 23832--- [pool-8-thread-2] de.polocloud.node.services.queue.ServiceQueue : Queued lobby-4c959f8f-7010-40e0-b9c8-f6d802f40eb5-123 [memory: 64MB, platform: PAPER/1.21]
2026-08-25 22:55:49.866  INFO 23832--- [pool-8-thread-1] de.polocloud.node.services.queue.ServiceQueue : Queued lobby-4c959f8f-7010-40e0-b9c8-f6d802f40eb5-123 [memory: 64MB, platform: PAPER/1.21]
2026-08-25 22:55:49.867  INFO 23832--- [pool-8-thread-2] de.polocloud.node.services.queue.ServiceQueue : Queued lobby-4c959f8f-7010-40e0-b9c8-f6d802f40eb5-124 [memory: 64MB, platform: PAPER/1.21]
2026-08-25 22:55:49.867  INFO 23832--- [pool-8-thread-1] de.polocloud.node.services.queue.ServiceQueue : Queued lobby-4c959f8f-7010-40e0-b9c8-f6d802f40eb5-124 [memory: 64MB, platform: PAPER/1.21]
2026-08-25 22:55:49.867  INFO 23832--- [pool-8-thread-2] de.polocloud.node.services.queue.ServiceQueue : Queued lobby-4c959f8f-7010-40e0-b9c8-f6d802f40eb5-125 [memory: 64MB, platform: PAPER/1.21]
2026-08-25 22:55:49.867  INFO 23832--- [pool-8-thread-1] de.polocloud.node.services.queue.ServiceQueue : Queued lobby-4c959f8f-7010-40e0-b9c8-f6d802f40eb5-125 [memory: 64MB, platform: PAPER/1.21]
2026-08-25 22:55:49.867  INFO 23832--- [pool-8-thread-2] de.polocloud.node.services.queue.ServiceQueue : Queued lobby-4c959f8f-7010-40e0-b9c8-f6d802f40eb5-126 [memory: 64MB, platform: PAPER/1.21]
2026-08-25 22:55:49.867  INFO 23832--- [pool-8-thread-1] de.polocloud.node.services.queue.ServiceQueue : Queued lobby-4c959f8f-7010-40e0-b9c8-f6d802f40eb5-126 [memory: 64MB, platform: PAPER/1.21]
2026-08-25 22:55:49.867  INFO 23832--- [pool-8-thread-2] de.polocloud.node.services.queue.ServiceQueue : Queued lobby-4c959f8f-7010-40e0-b9c8-f6d802f40eb5-127 [memory: 64MB, platform: PAPER/1.21]
2026-08-25 22:55:49.867  INFO 23832--- [pool-8-thread-1] de.polocloud.node.services.queue.ServiceQueue : Queued lobby-4c959f8f-7010-40e0-b9c8-f6d802f40eb5-127 [memory: 64MB, platform: PAPER/1.21]
2026-08-25 22:55:49.867  INFO 23832--- [pool-8-thread-2] de.polocloud.node.services.queue.ServiceQueue : Queued lobby-4c959f8f-7010-40e0-b9c8-f6d802f40eb5-128 [memory: 64MB, platform: PAPER/1.21]
2026-08-25 22:55:49.867  INFO 23832--- [pool-8-thread-1] de.polocloud.node.services.queue.ServiceQueue : Queued lobby-4c959f8f-7010-40e0-b9c8-f6d802f40eb5-128 [memory: 64MB, platform: PAPER/1.21]
2026-08-25 22:55:49.867  INFO 23832--- [pool-8-thread-2] de.polocloud.node.services.queue.ServiceQueue : Queued lobby-4c959f8f-7010-40e0-b9c8-f6d802f40eb5-129 [memory: 64MB, platform: PAPER/1.21]
2026-08-25 22:55:49.868  INFO 23832--- [pool-8-thread-1] de.polocloud.node.services.queue.ServiceQueue : Queued lobby-4c959f8f-7010-40e0-b9c8-f6d802f40eb5-129 [memory: 64MB, platform: PAPER/1.21]
2026-08-25 22:55:49.868  INFO 23832--- [pool-8-thread-2] de.polocloud.node.services.queue.ServiceQueue : Queued lobby-4c959f8f-7010-40e0-b9c8-f6d802f40eb5-130 [memory: 64MB, platform: PAPER/1.21]
2026-08-25 22:55:49.868  INFO 23832--- [pool-8-thread-1] de.polocloud.node.services.queue.ServiceQueue : Queued lobby-4c959f8f-7010-40e0-b9c8-f6d802f40eb5-130 [memory: 64MB, platform: PAPER/1.21]
2026-08-25 22:55:49.868  INFO 23832--- [pool-8-thread-2] de.polocloud.node.services.queue.ServiceQueue : Queued lobby-4c959f8f-7010-40e0-b9c8-f6d802f40eb5-131 [memory: 64MB, platform: PAPER/1.21]
2026-08-25 22:55:49.868  INFO 23832--- [pool-8-thread-1] de.polocloud.node.services.queue.ServiceQueue : Queued lobby-4c959f8f-7010-40e0-b9c8-f6d802f40eb5-131 [memory: 64MB, platform: PAPER/1.21]
2026-08-25 22:55:49.868  INFO 23832--- [pool-8-thread-2] de.polocloud.node.services.queue.ServiceQueue : Queued lobby-4c959f8f-7010-40e0-b9c8-f6d802f40eb5-132 [memory: 64MB, platform: PAPER/1.21]
2026-08-25 22:55:49.868  INFO 23832--- [pool-8-thread-1] de.polocloud.node.services.queue.ServiceQueue : Queued lobby-4c959f8f-7010-40e0-b9c8-f6d802f40eb5-132 [memory: 64MB, platform: PAPER/1.21]
2026-08-25 22:55:49.868  INFO 23832--- [pool-8-thread-2] de.polocloud.node.services.queue.ServiceQueue : Queued lobby-4c959f8f-7010-40e0-b9c8-f6d802f40eb5-133 [memory: 64MB, platform: PAPER/1.21]
2026-08-25 22:55:49.868  INFO 23832--- [pool-8-thread-1] de.polocloud.node.services.queue.ServiceQueue : Queued lobby-4c959f8f-7010-40e0-b9c8-f6d802f40eb5-133 [memory: 64MB, platform: PAPER/1.21]
2026-08-25 22:55:49.868  INFO 23832--- [pool-8-thread-2] de.polocloud.node.services.queue.ServiceQueue : Queued lobby-4c959f8f-7010-40e0-b9c8-f6d802f40eb5-134 [memory: 64MB, platform: PAPER/1.21]
2026-08-25 22:55:49.869  INFO 23832--- [pool-8-thread-1] de.polocloud.node.services.queue.ServiceQueue : Queued lobby-4c959f8f-7010-40e0-b9c8-f6d802f40eb5-134 [memory: 64MB, platform: PAPER/1.21]
2026-08-25 22:55:49.869  INFO 23832--- [pool-8-thread-2] de.polocloud.node.services.queue.ServiceQueue : Queued lobby-4c959f8f-7010-40e0-b9c8-f6d802f40eb5-135 [memory: 64MB, platform: PAPER/1.21]
2026-08-25 22:55:49.869  INFO 23832--- [pool-8-thread-1] de.polocloud.node.services.queue.ServiceQueue : Queued lobby-4c959f8f-7010-40e0-b9c8-f6d802f40eb5-135 [memory: 64MB, platform: PAPER/1.21]
2026-08-25 22:55:49.869  INFO 23832--- [pool-8-thread-2] de.polocloud.node.services.queue.ServiceQueue : Queued lobby-4c959f8f-7010-40e0-b9c8-f6d802f40eb5-136 [memory: 64MB, platform: PAPER/1.21]
2026-08-25 22:55:49.869  INFO 23832--- [pool-8-thread-1] de.polocloud.node.services.queue.ServiceQueue : Queued lobby-4c959f8f-7010-40e0-b9c8-f6d802f40eb5-136 [memory: 64MB, platform: PAPER/1.21]
2026-08-25 22:55:49.869  INFO 23832--- [pool-8-thread-2] de.polocloud.node.services.queue.ServiceQueue : Queued lobby-4c959f8f-7010-40e0-b9c8-f6d802f40eb5-137 [memory: 64MB, platform: PAPER/1.21]
2026-08-25 22:55:49.869  INFO 23832--- [pool-8-thread-1] de.polocloud.node.services.queue.ServiceQueue : Queued lobby-4c959f8f-7010-40e0-b9c8-f6d802f40eb5-137 [memory: 64MB, platform: PAPER/1.21]
2026-08-25 22:55:49.869  INFO 23832--- [pool-8-thread-2] de.polocloud.node.services.queue.ServiceQueue : Queued lobby-4c959f8f-7010-40e0-b9c8-f6d802f40eb5-138 [memory: 64MB, platform: PAPER/1.21]
2026-08-25 22:55:49.869  INFO 23832--- [pool-8-thread-1] de.polocloud.node.services.queue.ServiceQueue : Queued lobby-4c959f8f-7010-40e0-b9c8-f6d802f40eb5-138 [memory: 64MB, platform: PAPER/1.21]
2026-08-25 22:55:49.869  INFO 23832--- [pool-8-thread-2] de.polocloud.node.services.queue.ServiceQueue : Queued lobby-4c959f8f-7010-40e0-b9c8-f6d802f40eb5-139 [memory: 64MB, platform: PAPER/1.21]
2026-08-25 22:55:49.870  INFO 23832--- [pool-8-thread-1] de.polocloud.node.services.queue.ServiceQueue : Queued lobby-4c959f8f-7010-40e0-b9c8-f6d802f40eb5-139 [memory: 64MB, platform: PAPER/1.21]
2026-08-25 22:55:49.870  INFO 23832--- [pool-8-thread-2] de.polocloud.node.services.queue.ServiceQueue : Queued lobby-4c959f8f-7010-40e0-b9c8-f6d802f40eb5-140 [memory: 64MB, platform: PAPER/1.21]
2026-08-25 22:55:49.870  INFO 23832--- [pool-8-thread-1] de.polocloud.node.services.queue.ServiceQueue : Queued lobby-4c959f8f-7010-40e0-b9c8-f6d802f40eb5-140 [memory: 64MB, platform: PAPER/1.21]
2026-08-25 22:55:49.870  INFO 23832--- [pool-8-thread-2] de.polocloud.node.services.queue.ServiceQueue : Queued lobby-4c959f8f-7010-40e0-b9c8-f6d802f40eb5-141 [memory: 64MB, platform: PAPER/1.21]
2026-08-25 22:55:49.870  INFO 23832--- [pool-8-thread-1] de.polocloud.node.services.queue.ServiceQueue : Queued lobby-4c959f8f-7010-40e0-b9c8-f6d802f40eb5-141 [memory: 64MB, platform: PAPER/1.21]
2026-08-25 22:55:49.870  INFO 23832--- [pool-8-thread-2] de.polocloud.node.services.queue.ServiceQueue : Queued lobby-4c959f8f-7010-40e0-b9c8-f6d802f40eb5-142 [memory: 64MB, platform: PAPER/1.21]
2026-08-25 22:55:49.870  INFO 23832--- [pool-8-thread-1] de.polocloud.node.services.queue.ServiceQueue : Queued lobby-4c959f8f-7010-40e0-b9c8-f6d802f40eb5-142 [memory: 64MB, platform: PAPER/1.21]
2026-08-25 22:55:49.870  INFO 23832--- [pool-8-thread-2] de.polocloud.node.services.queue.ServiceQueue : Queued lobby-4c959f8f-7010-40e0-b9c8-f6d802f40eb5-143 [memory: 64MB, platform: PAPER/1.21]
2026-08-25 22:55:49.870  INFO 23832--- [pool-8-thread-1] de.polocloud.node.services.queue.ServiceQueue : Queued lobby-4c959f8f-7010-40e0-b9c8-f6d802f40eb5-143 [memory: 64MB, platform: PAPER/1.21]
2026-08-25 22:55:49.870  INFO 23832--- [pool-8-thread-2] de.polocloud.node.services.queue.ServiceQueue : Queued lobby-4c959f8f-7010-40e0-b9c8-f6d802f40eb5-144 [memory: 64MB, platform: PAPER/1.21]
2026-08-25 22:55:49.870  INFO 23832--- [pool-8-thread-1] de.polocloud.node.services.queue.ServiceQueue : Queued lobby-4c959f8f-7010-40e0-b9c8-f6d802f40eb5-144 [memory: 64MB, platform: PAPER/1.21]
2026-08-25 22:55:49.870  INFO 23832--- [pool-8-thread-2] de.polocloud.node.services.queue.ServiceQueue : Queued lobby-4c959f8f-7010-40e0-b9c8-f6d802f40eb5-145 [memory: 64MB, platform: PAPER/1.21]
2026-08-25 22:55:49.870  INFO 23832--- [pool-8-thread-1] de.polocloud.node.services.queue.ServiceQueue : Queued lobby-4c959f8f-7010-40e0-b9c8-f6d802f40eb5-145 [memory: 64MB, platform: PAPER/1.21]
2026-08-25 22:55:49.870  INFO 23832--- [pool-8-thread-2] de.polocloud.node.services.queue.ServiceQueue : Queued lobby-4c959f8f-7010-40e0-b9c8-f6d802f40eb5-146 [memory: 64MB, platform: PAPER/1.21]
2026-08-25 22:55:49.870  INFO 23832--- [pool-8-thread-1] de.polocloud.node.services.queue.ServiceQueue : Queued lobby-4c959f8f-7010-40e0-b9c8-f6d802f40eb5-146 [memory: 64MB, platform: PAPER/1.21]
2026-08-25 22:55:49.871  INFO 23832--- [pool-8-thread-2] de.polocloud.node.services.queue.ServiceQueue : Queued lobby-4c959f8f-7010-40e0-b9c8-f6d802f40eb5-147 [memory: 64MB, platform: PAPER/1.21]
2026-08-25 22:55:49.871  INFO 23832--- [pool-8-thread-1] de.polocloud.node.services.queue.ServiceQueue : Queued lobby-4c959f8f-7010-40e0-b9c8-f6d802f40eb5-147 [memory: 64MB, platform: PAPER/1.21]
2026-08-25 22:55:49.871  INFO 23832--- [pool-8-thread-2] de.polocloud.node.services.queue.ServiceQueue : Queued lobby-4c959f8f-7010-40e0-b9c8-f6d802f40eb5-148 [memory: 64MB, platform: PAPER/1.21]
2026-08-25 22:55:49.871  INFO 23832--- [pool-8-thread-1] de.polocloud.node.services.queue.ServiceQueue : Queued lobby-4c959f8f-7010-40e0-b9c8-f6d802f40eb5-148 [memory: 64MB, platform: PAPER/1.21]
2026-08-25 22:55:49.871  INFO 23832--- [pool-8-thread-2] de.polocloud.node.services.queue.ServiceQueue : Queued lobby-4c959f8f-7010-40e0-b9c8-f6d802f40eb5-149 [memory: 64MB, platform: PAPER/1.21]
2026-08-25 22:55:49.871  INFO 23832--- [pool-8-thread-1] de.polocloud.node.services.queue.ServiceQueue : Queued lobby-4c959f8f-7010-40e0-b9c8-f6d802f40eb5-149 [memory: 64MB, platform: PAPER/1.21]
2026-08-25 22:55:49.871  INFO 23832--- [pool-8-thread-2] de.polocloud.node.services.queue.ServiceQueue : Queued lobby-4c959f8f-7010-40e0-b9c8-f6d802f40eb5-150 [memory: 64MB, platform: PAPER/1.21]
2026-08-25 22:55:49.871  INFO 23832--- [pool-8-thread-1] de.polocloud.node.services.queue.ServiceQueue : Queued lobby-4c959f8f-7010-40e0-b9c8-f6d802f40eb5-150 [memory: 64MB, platform: PAPER/1.21]
2026-08-25 22:55:49.871  INFO 23832--- [pool-8-thread-2] de.polocloud.node.services.queue.ServiceQueue : Queued lobby-4c959f8f-7010-40e0-b9c8-f6d802f40eb5-151 [memory: 64MB, platform: PAPER/1.21]
2026-08-25 22:55:49.871  INFO 23832--- [pool-8-thread-1] de.polocloud.node.services.queue.ServiceQueue : Queued lobby-4c959f8f-7010-40e0-b9c8-f6d802f40eb5-151 [memory: 64MB, platform: PAPER/1.21]
2026-08-25 22:55:49.873  INFO 23832--- [pool-8-thread-2] de.polocloud.node.services.queue.ServiceQueue : Queued lobby-4c959f8f-7010-40e0-b9c8-f6d802f40eb5-152 [memory: 64MB, platform: PAPER/1.21]
2026-08-25 22:55:49.873  INFO 23832--- [pool-8-thread-1] de.polocloud.node.services.queue.ServiceQueue : Queued lobby-4c959f8f-7010-40e0-b9c8-f6d802f40eb5-152 [memory: 64MB, platform: PAPER/1.21]
2026-08-25 22:55:49.873  INFO 23832--- [pool-8-thread-2] de.polocloud.node.services.queue.ServiceQueue : Queued lobby-4c959f8f-7010-40e0-b9c8-f6d802f40eb5-153 [memory: 64MB, platform: PAPER/1.21]
2026-08-25 22:55:49.873  INFO 23832--- [pool-8-thread-1] de.polocloud.node.services.queue.ServiceQueue : Queued lobby-4c959f8f-7010-40e0-b9c8-f6d802f40eb5-153 [memory: 64MB, platform: PAPER/1.21]
2026-08-25 22:55:49.873  INFO 23832--- [pool-8-thread-2] de.polocloud.node.services.queue.ServiceQueue : Queued lobby-4c959f8f-7010-40e0-b9c8-f6d802f40eb5-154 [memory: 64MB, platform: PAPER/1.21]
2026-08-25 22:55:49.873  INFO 23832--- [pool-8-thread-1] de.polocloud.node.services.queue.ServiceQueue : Queued lobby-4c959f8f-7010-40e0-b9c8-f6d802f40eb5-154 [memory: 64MB, platform: PAPER/1.21]
2026-08-25 22:55:49.873  INFO 23832--- [pool-8-thread-2] de.polocloud.node.services.queue.ServiceQueue : Queued lobby-4c959f8f-7010-40e0-b9c8-f6d802f40eb5-155 [memory: 64MB, platform: PAPER/1.21]
2026-08-25 22:55:49.873  INFO 23832--- [pool-8-thread-1] de.polocloud.node.services.queue.ServiceQueue : Queued lobby-4c959f8f-7010-40e0-b9c8-f6d802f40eb5-155 [memory: 64MB, platform: PAPER/1.21]
2026-08-25 22:55:49.873  INFO 23832--- [pool-8-thread-2] de.polocloud.node.services.queue.ServiceQueue : Queued lobby-4c959f8f-7010-40e0-b9c8-f6d802f40eb5-156 [memory: 64MB, platform: PAPER/1.21]
2026-08-25 22:55:49.873  INFO 23832--- [pool-8-thread-1] de.polocloud.node.services.queue.ServiceQueue : Queued lobby-4c959f8f-7010-40e0-b9c8-f6d802f40eb5-156 [memory: 64MB, platform: PAPER/1.21]
2026-08-25 22:55:49.874  INFO 23832--- [pool-8-thread-2] de.polocloud.node.services.queue.ServiceQueue : Queued lobby-4c959f8f-7010-40e0-b9c8-f6d802f40eb5-157 [memory: 64MB, platform: PAPER/1.21]
2026-08-25 22:55:49.874  INFO 23832--- [pool-8-thread-1] de.polocloud.node.services.queue.ServiceQueue : Queued lobby-4c959f8f-7010-40e0-b9c8-f6d802f40eb5-157 [memory: 64MB, platform: PAPER/1.21]
2026-08-25 22:55:49.874  INFO 23832--- [pool-8-thread-2] de.polocloud.node.services.queue.ServiceQueue : Queued lobby-4c959f8f-7010-40e0-b9c8-f6d802f40eb5-158 [memory: 64MB, platform: PAPER/1.21]
2026-08-25 22:55:49.874  INFO 23832--- [pool-8-thread-1] de.polocloud.node.services.queue.ServiceQueue : Queued lobby-4c959f8f-7010-40e0-b9c8-f6d802f40eb5-158 [memory: 64MB, platform: PAPER/1.21]
2026-08-25 22:55:49.874  INFO 23832--- [pool-8-thread-2] de.polocloud.node.services.queue.ServiceQueue : Queued lobby-4c959f8f-7010-40e0-b9c8-f6d802f40eb5-159 [memory: 64MB, platform: PAPER/1.21]
2026-08-25 22:55:49.874  INFO 23832--- [pool-8-thread-1] de.polocloud.node.services.queue.ServiceQueue : Queued lobby-4c959f8f-7010-40e0-b9c8-f6d802f40eb5-159 [memory: 64MB, platform: PAPER/1.21]
2026-08-25 22:55:49.874  INFO 23832--- [pool-8-thread-2] de.polocloud.node.services.queue.ServiceQueue : Queued lobby-4c959f8f-7010-40e0-b9c8-f6d802f40eb5-160 [memory: 64MB, platform: PAPER/1.21]
2026-08-25 22:55:49.874  INFO 23832--- [pool-8-thread-1] de.polocloud.node.services.queue.ServiceQueue : Queued lobby-4c959f8f-7010-40e0-b9c8-f6d802f40eb5-160 [memory: 64MB, platform: PAPER/1.21]
2026-08-25 22:55:49.874  INFO 23832--- [pool-8-thread-2] de.polocloud.node.services.queue.ServiceQueue : Queued lobby-4c959f8f-7010-40e0-b9c8-f6d802f40eb5-161 [memory: 64MB, platform: PAPER/1.21]
2026-08-25 22:55:49.874  INFO 23832--- [pool-8-thread-1] de.polocloud.node.services.queue.ServiceQueue : Queued lobby-4c959f8f-7010-40e0-b9c8-f6d802f40eb5-161 [memory: 64MB, platform: PAPER/1.21]
2026-08-25 22:55:49.875  INFO 23832--- [pool-8-thread-2] de.polocloud.node.services.queue.ServiceQueue : Queued lobby-4c959f8f-7010-40e0-b9c8-f6d802f40eb5-162 [memory: 64MB, platform: PAPER/1.21]
2026-08-25 22:55:49.875  INFO 23832--- [pool-8-thread-1] de.polocloud.node.services.queue.ServiceQueue : Queued lobby-4c959f8f-7010-40e0-b9c8-f6d802f40eb5-162 [memory: 64MB, platform: PAPER/1.21]
2026-08-25 22:55:49.875  INFO 23832--- [pool-8-thread-2] de.polocloud.node.services.queue.ServiceQueue : Queued lobby-4c959f8f-7010-40e0-b9c8-f6d802f40eb5-163 [memory: 64MB, platform: PAPER/1.21]
2026-08-25 22:55:49.875  INFO 23832--- [pool-8-thread-1] de.polocloud.node.services.queue.ServiceQueue : Queued lobby-4c959f8f-7010-40e0-b9c8-f6d802f40eb5-163 [memory: 64MB, platform: PAPER/1.21]
2026-08-25 22:55:49.875  INFO 23832--- [pool-8-thread-2] de.polocloud.node.services.queue.ServiceQueue : Queued lobby-4c959f8f-7010-40e0-b9c8-f6d802f40eb5-164 [memory: 64MB, platform: PAPER/1.21]
2026-08-25 22:55:49.875  INFO 23832--- [pool-8-thread-1] de.polocloud.node.services.queue.ServiceQueue : Queued lobby-4c959f8f-7010-40e0-b9c8-f6d802f40eb5-164 [memory: 64MB, platform: PAPER/1.21]
2026-08-25 22:55:49.875  INFO 23832--- [pool-8-thread-2] de.polocloud.node.services.queue.ServiceQueue : Queued lobby-4c959f8f-7010-40e0-b9c8-f6d802f40eb5-165 [memory: 64MB, platform: PAPER/1.21]
2026-08-25 22:55:49.875  INFO 23832--- [pool-8-thread-1] de.polocloud.node.services.queue.ServiceQueue : Queued lobby-4c959f8f-7010-40e0-b9c8-f6d802f40eb5-165 [memory: 64MB, platform: PAPER/1.21]
2026-08-25 22:55:49.875  INFO 23832--- [pool-8-thread-2] de.polocloud.node.services.queue.ServiceQueue : Queued lobby-4c959f8f-7010-40e0-b9c8-f6d802f40eb5-166 [memory: 64MB, platform: PAPER/1.21]
2026-08-25 22:55:49.875  INFO 23832--- [pool-8-thread-1] de.polocloud.node.services.queue.ServiceQueue : Queued lobby-4c959f8f-7010-40e0-b9c8-f6d802f40eb5-166 [memory: 64MB, platform: PAPER/1.21]
2026-08-25 22:55:49.876  INFO 23832--- [pool-8-thread-2] de.polocloud.node.services.queue.ServiceQueue : Queued lobby-4c959f8f-7010-40e0-b9c8-f6d802f40eb5-167 [memory: 64MB, platform: PAPER/1.21]
2026-08-25 22:55:49.876  INFO 23832--- [pool-8-thread-1] de.polocloud.node.services.queue.ServiceQueue : Queued lobby-4c959f8f-7010-40e0-b9c8-f6d802f40eb5-167 [memory: 64MB, platform: PAPER/1.21]
2026-08-25 22:55:49.876  INFO 23832--- [pool-8-thread-2] de.polocloud.node.services.queue.ServiceQueue : Queued lobby-4c959f8f-7010-40e0-b9c8-f6d802f40eb5-168 [memory: 64MB, platform: PAPER/1.21]
2026-08-25 22:55:49.876  INFO 23832--- [pool-8-thread-1] de.polocloud.node.services.queue.ServiceQueue : Queued lobby-4c959f8f-7010-40e0-b9c8-f6d802f40eb5-168 [memory: 64MB, platform: PAPER/1.21]
2026-08-25 22:55:49.876  INFO 23832--- [pool-8-thread-2] de.polocloud.node.services.queue.ServiceQueue : Queued lobby-4c959f8f-7010-40e0-b9c8-f6d802f40eb5-169 [memory: 64MB, platform: PAPER/1.21]
2026-08-25 22:55:49.876  INFO 23832--- [pool-8-thread-1] de.polocloud.node.services.queue.ServiceQueue : Queued lobby-4c959f8f-7010-40e0-b9c8-f6d802f40eb5-169 [memory: 64MB, platform: PAPER/1.21]
2026-08-25 22:55:49.877  INFO 23832--- [pool-8-thread-2] de.polocloud.node.services.queue.ServiceQueue : Queued lobby-4c959f8f-7010-40e0-b9c8-f6d802f40eb5-170 [memory: 64MB, platform: PAPER/1.21]
2026-08-25 22:55:49.877  INFO 23832--- [pool-8-thread-1] de.polocloud.node.services.queue.ServiceQueue : Queued lobby-4c959f8f-7010-40e0-b9c8-f6d802f40eb5-170 [memory: 64MB, platform: PAPER/1.21]
2026-08-25 22:55:49.877  INFO 23832--- [pool-8-thread-2] de.polocloud.node.services.queue.ServiceQueue : Queued lobby-4c959f8f-7010-40e0-b9c8-f6d802f40eb5-171 [memory: 64MB, platform: PAPER/1.21]
2026-08-25 22:55:49.877  INFO 23832--- [pool-8-thread-1] de.polocloud.node.services.queue.ServiceQueue : Queued lobby-4c959f8f-7010-40e0-b9c8-f6d802f40eb5-171 [memory: 64MB, platform: PAPER/1.21]
2026-08-25 22:55:49.877  INFO 23832--- [pool-8-thread-2] de.polocloud.node.services.queue.ServiceQueue : Queued lobby-4c959f8f-7010-40e0-b9c8-f6d802f40eb5-172 [memory: 64MB, platform: PAPER/1.21]
2026-08-25 22:55:49.877  INFO 23832--- [pool-8-thread-1] de.polocloud.node.services.queue.ServiceQueue : Queued lobby-4c959f8f-7010-40e0-b9c8-f6d802f40eb5-172 [memory: 64MB, platform: PAPER/1.21]
2026-08-25 22:55:49.877  INFO 23832--- [pool-8-thread-2] de.polocloud.node.services.queue.ServiceQueue : Queued lobby-4c959f8f-7010-40e0-b9c8-f6d802f40eb5-173 [memory: 64MB, platform: PAPER/1.21]
2026-08-25 22:55:49.877  INFO 23832--- [pool-8-thread-1] de.polocloud.node.services.queue.ServiceQueue : Queued lobby-4c959f8f-7010-40e0-b9c8-f6d802f40eb5-173 [memory: 64MB, platform: PAPER/1.21]
2026-08-25 22:55:49.878  INFO 23832--- [pool-8-thread-2] de.polocloud.node.services.queue.ServiceQueue : Queued lobby-4c959f8f-7010-40e0-b9c8-f6d802f40eb5-174 [memory: 64MB, platform: PAPER/1.21]
2026-08-25 22:55:49.878  INFO 23832--- [pool-8-thread-1] de.polocloud.node.services.queue.ServiceQueue : Queued lobby-4c959f8f-7010-40e0-b9c8-f6d802f40eb5-174 [memory: 64MB, platform: PAPER/1.21]
2026-08-25 22:55:49.878  INFO 23832--- [pool-8-thread-2] de.polocloud.node.services.queue.ServiceQueue : Queued lobby-4c959f8f-7010-40e0-b9c8-f6d802f40eb5-175 [memory: 64MB, platform: PAPER/1.21]
2026-08-25 22:55:49.878  INFO 23832--- [pool-8-thread-1] de.polocloud.node.services.queue.ServiceQueue : Queued lobby-4c959f8f-7010-40e0-b9c8-f6d802f40eb5-175 [memory: 64MB, platform: PAPER/1.21]
2026-08-25 22:55:49.878  INFO 23832--- [pool-8-thread-2] de.polocloud.node.services.queue.ServiceQueue : Queued lobby-4c959f8f-7010-40e0-b9c8-f6d802f40eb5-176 [memory: 64MB, platform: PAPER/1.21]
2026-08-25 22:55:49.878  INFO 23832--- [pool-8-thread-1] de.polocloud.node.services.queue.ServiceQueue : Queued lobby-4c959f8f-7010-40e0-b9c8-f6d802f40eb5-176 [memory: 64MB, platform: PAPER/1.21]
2026-08-25 22:55:49.878  INFO 23832--- [pool-8-thread-2] de.polocloud.node.services.queue.ServiceQueue : Queued lobby-4c959f8f-7010-40e0-b9c8-f6d802f40eb5-177 [memory: 64MB, platform: PAPER/1.21]
2026-08-25 22:55:49.878  INFO 23832--- [pool-8-thread-1] de.polocloud.node.services.queue.ServiceQueue : Queued lobby-4c959f8f-7010-40e0-b9c8-f6d802f40eb5-177 [memory: 64MB, platform: PAPER/1.21]
2026-08-25 22:55:49.878  INFO 23832--- [pool-8-thread-2] de.polocloud.node.services.queue.ServiceQueue : Queued lobby-4c959f8f-7010-40e0-b9c8-f6d802f40eb5-178 [memory: 64MB, platform: PAPER/1.21]
2026-08-25 22:55:49.878  INFO 23832--- [pool-8-thread-1] de.polocloud.node.services.queue.ServiceQueue : Queued lobby-4c959f8f-7010-40e0-b9c8-f6d802f40eb5-178 [memory: 64MB, platform: PAPER/1.21]
2026-08-25 22:55:49.879  INFO 23832--- [pool-8-thread-2] de.polocloud.node.services.queue.ServiceQueue : Queued lobby-4c959f8f-7010-40e0-b9c8-f6d802f40eb5-179 [memory: 64MB, platform: PAPER/1.21]
2026-08-25 22:55:49.879  INFO 23832--- [pool-8-thread-1] de.polocloud.node.services.queue.ServiceQueue : Queued lobby-4c959f8f-7010-40e0-b9c8-f6d802f40eb5-179 [memory: 64MB, platform: PAPER/1.21]
2026-08-25 22:55:49.879  INFO 23832--- [pool-8-thread-2] de.polocloud.node.services.queue.ServiceQueue : Queued lobby-4c959f8f-7010-40e0-b9c8-f6d802f40eb5-180 [memory: 64MB, platform: PAPER/1.21]
2026-08-25 22:55:49.879  INFO 23832--- [pool-8-thread-1] de.polocloud.node.services.queue.ServiceQueue : Queued lobby-4c959f8f-7010-40e0-b9c8-f6d802f40eb5-180 [memory: 64MB, platform: PAPER/1.21]
2026-08-25 22:55:49.879  INFO 23832--- [pool-8-thread-2] de.polocloud.node.services.queue.ServiceQueue : Queued lobby-4c959f8f-7010-40e0-b9c8-f6d802f40eb5-181 [memory: 64MB, platform: PAPER/1.21]
2026-08-25 22:55:49.879  INFO 23832--- [pool-8-thread-1] de.polocloud.node.services.queue.ServiceQueue : Queued lobby-4c959f8f-7010-40e0-b9c8-f6d802f40eb5-181 [memory: 64MB, platform: PAPER/1.21]
2026-08-25 22:55:49.879  INFO 23832--- [pool-8-thread-2] de.polocloud.node.services.queue.ServiceQueue : Queued lobby-4c959f8f-7010-40e0-b9c8-f6d802f40eb5-182 [memory: 64MB, platform: PAPER/1.21]
2026-08-25 22:55:49.879  INFO 23832--- [pool-8-thread-1] de.polocloud.node.services.queue.ServiceQueue : Queued lobby-4c959f8f-7010-40e0-b9c8-f6d802f40eb5-182 [memory: 64MB, platform: PAPER/1.21]
2026-08-25 22:55:49.879  INFO 23832--- [pool-8-thread-2] de.polocloud.node.services.queue.ServiceQueue : Queued lobby-4c959f8f-7010-40e0-b9c8-f6d802f40eb5-183 [memory: 64MB, platform: PAPER/1.21]
2026-08-25 22:55:49.879  INFO 23832--- [pool-8-thread-1] de.polocloud.node.services.queue.ServiceQueue : Queued lobby-4c959f8f-7010-40e0-b9c8-f6d802f40eb5-183 [memory: 64MB, platform: PAPER/1.21]
2026-08-25 22:55:49.879  INFO 23832--- [pool-8-thread-2] de.polocloud.node.services.queue.ServiceQueue : Queued lobby-4c959f8f-7010-40e0-b9c8-f6d802f40eb5-184 [memory: 64MB, platform: PAPER/1.21]
2026-08-25 22:55:49.879  INFO 23832--- [pool-8-thread-1] de.polocloud.node.services.queue.ServiceQueue : Queued lobby-4c959f8f-7010-40e0-b9c8-f6d802f40eb5-184 [memory: 64MB, platform: PAPER/1.21]
2026-08-25 22:55:49.879  INFO 23832--- [pool-8-thread-2] de.polocloud.node.services.queue.ServiceQueue : Queued lobby-4c959f8f-7010-40e0-b9c8-f6d802f40eb5-185 [memory: 64MB, platform: PAPER/1.21]
2026-08-25 22:55:49.879  INFO 23832--- [pool-8-thread-1] de.polocloud.node.services.queue.ServiceQueue : Queued lobby-4c959f8f-7010-40e0-b9c8-f6d802f40eb5-185 [memory: 64MB, platform: PAPER/1.21]
2026-08-25 22:55:49.879  INFO 23832--- [pool-8-thread-2] de.polocloud.node.services.queue.ServiceQueue : Queued lobby-4c959f8f-7010-40e0-b9c8-f6d802f40eb5-186 [memory: 64MB, platform: PAPER/1.21]
2026-08-25 22:55:49.879  INFO 23832--- [pool-8-thread-1] de.polocloud.node.services.queue.ServiceQueue : Queued lobby-4c959f8f-7010-40e0-b9c8-f6d802f40eb5-186 [memory: 64MB, platform: PAPER/1.21]
2026-08-25 22:55:49.879  INFO 23832--- [pool-8-thread-2] de.polocloud.node.services.queue.ServiceQueue : Queued lobby-4c959f8f-7010-40e0-b9c8-f6d802f40eb5-187 [memory: 64MB, platform: PAPER/1.21]
2026-08-25 22:55:49.879  INFO 23832--- [pool-8-thread-1] de.polocloud.node.services.queue.ServiceQueue : Queued lobby-4c959f8f-7010-40e0-b9c8-f6d802f40eb5-187 [memory: 64MB, platform: PAPER/1.21]
2026-08-25 22:55:49.880  INFO 23832--- [pool-8-thread-2] de.polocloud.node.services.queue.ServiceQueue : Queued lobby-4c959f8f-7010-40e0-b9c8-f6d802f40eb5-188 [memory: 64MB, platform: PAPER/1.21]
2026-08-25 22:55:49.880  INFO 23832--- [pool-8-thread-1] de.polocloud.node.services.queue.ServiceQueue : Queued lobby-4c959f8f-7010-40e0-b9c8-f6d802f40eb5-188 [memory: 64MB, platform: PAPER/1.21]
2026-08-25 22:55:49.880  INFO 23832--- [pool-8-thread-2] de.polocloud.node.services.queue.ServiceQueue : Queued lobby-4c959f8f-7010-40e0-b9c8-f6d802f40eb5-189 [memory: 64MB, platform: PAPER/1.21]
2026-08-25 22:55:49.880  INFO 23832--- [pool-8-thread-1] de.polocloud.node.services.queue.ServiceQueue : Queued lobby-4c959f8f-7010-40e0-b9c8-f6d802f40eb5-189 [memory: 64MB, platform: PAPER/1.21]
2026-08-25 22:55:49.880  INFO 23832--- [pool-8-thread-2] de.polocloud.node.services.queue.ServiceQueue : Queued lobby-4c959f8f-7010-40e0-b9c8-f6d802f40eb5-190 [memory: 64MB, platform: PAPER/1.21]
2026-08-25 22:55:49.880  INFO 23832--- [pool-8-thread-1] de.polocloud.node.services.queue.ServiceQueue : Queued lobby-4c959f8f-7010-40e0-b9c8-f6d802f40eb5-190 [memory: 64MB, platform: PAPER/1.21]
2026-08-25 22:55:49.880  INFO 23832--- [pool-8-thread-2] de.polocloud.node.services.queue.ServiceQueue : Queued lobby-4c959f8f-7010-40e0-b9c8-f6d802f40eb5-191 [memory: 64MB, platform: PAPER/1.21]
2026-08-25 22:55:49.880  INFO 23832--- [pool-8-thread-1] de.polocloud.node.services.queue.ServiceQueue : Queued lobby-4c959f8f-7010-40e0-b9c8-f6d802f40eb5-191 [memory: 64MB, platform: PAPER/1.21]
2026-08-25 22:55:49.880  INFO 23832--- [pool-8-thread-2] de.polocloud.node.services.queue.ServiceQueue : Queued lobby-4c959f8f-7010-40e0-b9c8-f6d802f40eb5-192 [memory: 64MB, platform: PAPER/1.21]
2026-08-25 22:55:49.880  INFO 23832--- [pool-8-thread-1] de.polocloud.node.services.queue.ServiceQueue : Queued lobby-4c959f8f-7010-40e0-b9c8-f6d802f40eb5-192 [memory: 64MB, platform: PAPER/1.21]
2026-08-25 22:55:49.880  INFO 23832--- [pool-8-thread-2] de.polocloud.node.services.queue.ServiceQueue : Queued lobby-4c959f8f-7010-40e0-b9c8-f6d802f40eb5-193 [memory: 64MB, platform: PAPER/1.21]
2026-08-25 22:55:49.880  INFO 23832--- [pool-8-thread-1] de.polocloud.node.services.queue.ServiceQueue : Queued lobby-4c959f8f-7010-40e0-b9c8-f6d802f40eb5-193 [memory: 64MB, platform: PAPER/1.21]
2026-08-25 22:55:49.880  INFO 23832--- [pool-8-thread-2] de.polocloud.node.services.queue.ServiceQueue : Queued lobby-4c959f8f-7010-40e0-b9c8-f6d802f40eb5-194 [memory: 64MB, platform: PAPER/1.21]
2026-08-25 22:55:49.881  INFO 23832--- [pool-8-thread-1] de.polocloud.node.services.queue.ServiceQueue : Queued lobby-4c959f8f-7010-40e0-b9c8-f6d802f40eb5-194 [memory: 64MB, platform: PAPER/1.21]
2026-08-25 22:55:49.881  INFO 23832--- [pool-8-thread-2] de.polocloud.node.services.queue.ServiceQueue : Queued lobby-4c959f8f-7010-40e0-b9c8-f6d802f40eb5-195 [memory: 64MB, platform: PAPER/1.21]
2026-08-25 22:55:49.881  INFO 23832--- [pool-8-thread-1] de.polocloud.node.services.queue.ServiceQueue : Queued lobby-4c959f8f-7010-40e0-b9c8-f6d802f40eb5-195 [memory: 64MB, platform: PAPER/1.21]
2026-08-25 22:55:49.881  INFO 23832--- [pool-8-thread-2] de.polocloud.node.services.queue.ServiceQueue : Queued lobby-4c959f8f-7010-40e0-b9c8-f6d802f40eb5-196 [memory: 64MB, platform: PAPER/1.21]
2026-08-25 22:55:49.881  INFO 23832--- [pool-8-thread-1] de.polocloud.node.services.queue.ServiceQueue : Queued lobby-4c959f8f-7010-40e0-b9c8-f6d802f40eb5-196 [memory: 64MB, platform: PAPER/1.21]
2026-08-25 22:55:49.881  INFO 23832--- [pool-8-thread-2] de.polocloud.node.services.queue.ServiceQueue : Queued lobby-4c959f8f-7010-40e0-b9c8-f6d802f40eb5-197 [memory: 64MB, platform: PAPER/1.21]
2026-08-25 22:55:49.881  INFO 23832--- [pool-8-thread-1] de.polocloud.node.services.queue.ServiceQueue : Queued lobby-4c959f8f-7010-40e0-b9c8-f6d802f40eb5-197 [memory: 64MB, platform: PAPER/1.21]
2026-08-25 22:55:49.881  INFO 23832--- [pool-8-thread-2] de.polocloud.node.services.queue.ServiceQueue : Queued lobby-4c959f8f-7010-40e0-b9c8-f6d802f40eb5-198 [memory: 64MB, platform: PAPER/1.21]
2026-08-25 22:55:49.881  INFO 23832--- [pool-8-thread-1] de.polocloud.node.services.queue.ServiceQueue : Queued lobby-4c959f8f-7010-40e0-b9c8-f6d802f40eb5-198 [memory: 64MB, platform: PAPER/1.21]
2026-08-25 22:55:49.881  INFO 23832--- [pool-8-thread-2] de.polocloud.node.services.queue.ServiceQueue : Queued lobby-4c959f8f-7010-40e0-b9c8-f6d802f40eb5-199 [memory: 64MB, platform: PAPER/1.21]
2026-08-25 22:55:49.881  INFO 23832--- [pool-8-thread-1] de.polocloud.node.services.queue.ServiceQueue : Queued lobby-4c959f8f-7010-40e0-b9c8-f6d802f40eb5-199 [memory: 64MB, platform: PAPER/1.21]
2026-08-25 22:55:49.882  INFO 23832--- [pool-8-thread-2] de.polocloud.node.services.queue.ServiceQueue : Queued lobby-4c959f8f-7010-40e0-b9c8-f6d802f40eb5-200 [memory: 64MB, platform: PAPER/1.21]
2026-08-25 22:55:49.882  INFO 23832--- [pool-8-thread-1] de.polocloud.node.services.queue.ServiceQueue : Queued lobby-4c959f8f-7010-40e0-b9c8-f6d802f40eb5-200 [memory: 64MB, platform: PAPER/1.21]
2026-08-25 22:55:49.919  INFO 23832--- [pool-9-thread-1] de.polocloud.node.services.queue.ServiceQueue : Group 'lobby-f4a3a78a-23e5-49dc-858a-b4655e7b9a44' needs 200 more service(s) cluster-wide (this node: 200) — minOnline: 200, cluster running: 0, queued: 0
2026-08-25 22:55:49.920  INFO 23832--- [pool-9-thread-2] de.polocloud.node.services.queue.ServiceQueue : Group 'lobby-f4a3a78a-23e5-49dc-858a-b4655e7b9a44' needs 200 more service(s) cluster-wide (this node: 200) — minOnline: 200, cluster running: 0, queued: 0
2026-08-25 22:55:49.921  INFO 23832--- [pool-9-thread-2] de.polocloud.node.services.queue.ServiceQueue : Queued lobby-f4a3a78a-23e5-49dc-858a-b4655e7b9a44-1 [memory: 64MB, platform: PAPER/1.21]
2026-08-25 22:55:49.921  INFO 23832--- [pool-9-thread-1] de.polocloud.node.services.queue.ServiceQueue : Queued lobby-f4a3a78a-23e5-49dc-858a-b4655e7b9a44-1 [memory: 64MB, platform: PAPER/1.21]
2026-08-25 22:55:49.921  INFO 23832--- [pool-9-thread-2] de.polocloud.node.services.queue.ServiceQueue : Queued lobby-f4a3a78a-23e5-49dc-858a-b4655e7b9a44-2 [memory: 64MB, platform: PAPER/1.21]
2026-08-25 22:55:49.921  INFO 23832--- [pool-9-thread-1] de.polocloud.node.services.queue.ServiceQueue : Queued lobby-f4a3a78a-23e5-49dc-858a-b4655e7b9a44-2 [memory: 64MB, platform: PAPER/1.21]
2026-08-25 22:55:49.921  INFO 23832--- [pool-9-thread-2] de.polocloud.node.services.queue.ServiceQueue : Queued lobby-f4a3a78a-23e5-49dc-858a-b4655e7b9a44-3 [memory: 64MB, platform: PAPER/1.21]
2026-08-25 22:55:49.921  INFO 23832--- [pool-9-thread-1] de.polocloud.node.services.queue.ServiceQueue : Queued lobby-f4a3a78a-23e5-49dc-858a-b4655e7b9a44-3 [memory: 64MB, platform: PAPER/1.21]
2026-08-25 22:55:49.921  INFO 23832--- [pool-9-thread-2] de.polocloud.node.services.queue.ServiceQueue : Queued lobby-f4a3a78a-23e5-49dc-858a-b4655e7b9a44-4 [memory: 64MB, platform: PAPER/1.21]
2026-08-25 22:55:49.921  INFO 23832--- [pool-9-thread-1] de.polocloud.node.services.queue.ServiceQueue : Queued lobby-f4a3a78a-23e5-49dc-858a-b4655e7b9a44-4 [memory: 64MB, platform: PAPER/1.21]
2026-08-25 22:55:49.921  INFO 23832--- [pool-9-thread-2] de.polocloud.node.services.queue.ServiceQueue : Queued lobby-f4a3a78a-23e5-49dc-858a-b4655e7b9a44-5 [memory: 64MB, platform: PAPER/1.21]
2026-08-25 22:55:49.922  INFO 23832--- [pool-9-thread-1] de.polocloud.node.services.queue.ServiceQueue : Queued lobby-f4a3a78a-23e5-49dc-858a-b4655e7b9a44-5 [memory: 64MB, platform: PAPER/1.21]
2026-08-25 22:55:49.922  INFO 23832--- [pool-9-thread-2] de.polocloud.node.services.queue.ServiceQueue : Queued lobby-f4a3a78a-23e5-49dc-858a-b4655e7b9a44-6 [memory: 64MB, platform: PAPER/1.21]
2026-08-25 22:55:49.922  INFO 23832--- [pool-9-thread-1] de.polocloud.node.services.queue.ServiceQueue : Queued lobby-f4a3a78a-23e5-49dc-858a-b4655e7b9a44-6 [memory: 64MB, platform: PAPER/1.21]
2026-08-25 22:55:49.922  INFO 23832--- [pool-9-thread-2] de.polocloud.node.services.queue.ServiceQueue : Queued lobby-f4a3a78a-23e5-49dc-858a-b4655e7b9a44-7 [memory: 64MB, platform: PAPER/1.21]
2026-08-25 22:55:49.922  INFO 23832--- [pool-9-thread-1] de.polocloud.node.services.queue.ServiceQueue : Queued lobby-f4a3a78a-23e5-49dc-858a-b4655e7b9a44-7 [memory: 64MB, platform: PAPER/1.21]
2026-08-25 22:55:49.922  INFO 23832--- [pool-9-thread-2] de.polocloud.node.services.queue.ServiceQueue : Queued lobby-f4a3a78a-23e5-49dc-858a-b4655e7b9a44-8 [memory: 64MB, platform: PAPER/1.21]
2026-08-25 22:55:49.922  INFO 23832--- [pool-9-thread-1] de.polocloud.node.services.queue.ServiceQueue : Queued lobby-f4a3a78a-23e5-49dc-858a-b4655e7b9a44-8 [memory: 64MB, platform: PAPER/1.21]
2026-08-25 22:55:49.922  INFO 23832--- [pool-9-thread-2] de.polocloud.node.services.queue.ServiceQueue : Queued lobby-f4a3a78a-23e5-49dc-858a-b4655e7b9a44-9 [memory: 64MB, platform: PAPER/1.21]
2026-08-25 22:55:49.922  INFO 23832--- [pool-9-thread-1] de.polocloud.node.services.queue.ServiceQueue : Queued lobby-f4a3a78a-23e5-49dc-858a-b4655e7b9a44-9 [memory: 64MB, platform: PAPER/1.21]
2026-08-25 22:55:49.922  INFO 23832--- [pool-9-thread-2] de.polocloud.node.services.queue.ServiceQueue : Queued lobby-f4a3a78a-23e5-49dc-858a-b4655e7b9a44-10 [memory: 64MB, platform: PAPER/1.21]
2026-08-25 22:55:49.922  INFO 23832--- [pool-9-thread-1] de.polocloud.node.services.queue.ServiceQueue : Queued lobby-f4a3a78a-23e5-49dc-858a-b4655e7b9a44-10 [memory: 64MB, platform: PAPER/1.21]
2026-08-25 22:55:49.923  INFO 23832--- [pool-9-thread-2] de.polocloud.node.services.queue.ServiceQueue : Queued lobby-f4a3a78a-23e5-49dc-858a-b4655e7b9a44-11 [memory: 64MB, platform: PAPER/1.21]
2026-08-25 22:55:49.923  INFO 23832--- [pool-9-thread-1] de.polocloud.node.services.queue.ServiceQueue : Queued lobby-f4a3a78a-23e5-49dc-858a-b4655e7b9a44-11 [memory: 64MB, platform: PAPER/1.21]
2026-08-25 22:55:49.923  INFO 23832--- [pool-9-thread-2] de.polocloud.node.services.queue.ServiceQueue : Queued lobby-f4a3a78a-23e5-49dc-858a-b4655e7b9a44-12 [memory: 64MB, platform: PAPER/1.21]
2026-08-25 22:55:49.923  INFO 23832--- [pool-9-thread-1] de.polocloud.node.services.queue.ServiceQueue : Queued lobby-f4a3a78a-23e5-49dc-858a-b4655e7b9a44-12 [memory: 64MB, platform: PAPER/1.21]
2026-08-25 22:55:49.923  INFO 23832--- [pool-9-thread-2] de.polocloud.node.services.queue.ServiceQueue : Queued lobby-f4a3a78a-23e5-49dc-858a-b4655e7b9a44-13 [memory: 64MB, platform: PAPER/1.21]
2026-08-25 22:55:49.923  INFO 23832--- [pool-9-thread-1] de.polocloud.node.services.queue.ServiceQueue : Queued lobby-f4a3a78a-23e5-49dc-858a-b4655e7b9a44-13 [memory: 64MB, platform: PAPER/1.21]
2026-08-25 22:55:49.923  INFO 23832--- [pool-9-thread-2] de.polocloud.node.services.queue.ServiceQueue : Queued lobby-f4a3a78a-23e5-49dc-858a-b4655e7b9a44-14 [memory: 64MB, platform: PAPER/1.21]
2026-08-25 22:55:49.923  INFO 23832--- [pool-9-thread-1] de.polocloud.node.services.queue.ServiceQueue : Queued lobby-f4a3a78a-23e5-49dc-858a-b4655e7b9a44-14 [memory: 64MB, platform: PAPER/1.21]
2026-08-25 22:55:49.923  INFO 23832--- [pool-9-thread-2] de.polocloud.node.services.queue.ServiceQueue : Queued lobby-f4a3a78a-23e5-49dc-858a-b4655e7b9a44-15 [memory: 64MB, platform: PAPER/1.21]
2026-08-25 22:55:49.923  INFO 23832--- [pool-9-thread-1] de.polocloud.node.services.queue.ServiceQueue : Queued lobby-f4a3a78a-23e5-49dc-858a-b4655e7b9a44-15 [memory: 64MB, platform: PAPER/1.21]
2026-08-25 22:55:49.924  INFO 23832--- [pool-9-thread-2] de.polocloud.node.services.queue.ServiceQueue : Queued lobby-f4a3a78a-23e5-49dc-858a-b4655e7b9a44-16 [memory: 64MB, platform: PAPER/1.21]
2026-08-25 22:55:49.924  INFO 23832--- [pool-9-thread-1] de.polocloud.node.services.queue.ServiceQueue : Queued lobby-f4a3a78a-23e5-49dc-858a-b4655e7b9a44-16 [memory: 64MB, platform: PAPER/1.21]
2026-08-25 22:55:49.924  INFO 23832--- [pool-9-thread-2] de.polocloud.node.services.queue.ServiceQueue : Queued lobby-f4a3a78a-23e5-49dc-858a-b4655e7b9a44-17 [memory: 64MB, platform: PAPER/1.21]
2026-08-25 22:55:49.924  INFO 23832--- [pool-9-thread-1] de.polocloud.node.services.queue.ServiceQueue : Queued lobby-f4a3a78a-23e5-49dc-858a-b4655e7b9a44-17 [memory: 64MB, platform: PAPER/1.21]
2026-08-25 22:55:49.924  INFO 23832--- [pool-9-thread-2] de.polocloud.node.services.queue.ServiceQueue : Queued lobby-f4a3a78a-23e5-49dc-858a-b4655e7b9a44-18 [memory: 64MB, platform: PAPER/1.21]
2026-08-25 22:55:49.924  INFO 23832--- [pool-9-thread-1] de.polocloud.node.services.queue.ServiceQueue : Queued lobby-f4a3a78a-23e5-49dc-858a-b4655e7b9a44-18 [memory: 64MB, platform: PAPER/1.21]
2026-08-25 22:55:49.924  INFO 23832--- [pool-9-thread-2] de.polocloud.node.services.queue.ServiceQueue : Queued lobby-f4a3a78a-23e5-49dc-858a-b4655e7b9a44-19 [memory: 64MB, platform: PAPER/1.21]
2026-08-25 22:55:49.924  INFO 23832--- [pool-9-thread-1] de.polocloud.node.services.queue.ServiceQueue : Queued lobby-f4a3a78a-23e5-49dc-858a-b4655e7b9a44-19 [memory: 64MB, platform: PAPER/1.21]
2026-08-25 22:55:49.925  INFO 23832--- [pool-9-thread-2] de.polocloud.node.services.queue.ServiceQueue : Queued lobby-f4a3a78a-23e5-49dc-858a-b4655e7b9a44-20 [memory: 64MB, platform: PAPER/1.21]
2026-08-25 22:55:49.925  INFO 23832--- [pool-9-thread-1] de.polocloud.node.services.queue.ServiceQueue : Queued lobby-f4a3a78a-23e5-49dc-858a-b4655e7b9a44-20 [memory: 64MB, platform: PAPER/1.21]
2026-08-25 22:55:49.925  INFO 23832--- [pool-9-thread-2] de.polocloud.node.services.queue.ServiceQueue : Queued lobby-f4a3a78a-23e5-49dc-858a-b4655e7b9a44-21 [memory: 64MB, platform: PAPER/1.21]
2026-08-25 22:55:49.925  INFO 23832--- [pool-9-thread-1] de.polocloud.node.services.queue.ServiceQueue : Queued lobby-f4a3a78a-23e5-49dc-858a-b4655e7b9a44-21 [memory: 64MB, platform: PAPER/1.21]
2026-08-25 22:55:49.925  INFO 23832--- [pool-9-thread-2] de.polocloud.node.services.queue.ServiceQueue : Queued lobby-f4a3a78a-23e5-49dc-858a-b4655e7b9a44-22 [memory: 64MB, platform: PAPER/1.21]
2026-08-25 22:55:49.925  INFO 23832--- [pool-9-thread-1] de.polocloud.node.services.queue.ServiceQueue : Queued lobby-f4a3a78a-23e5-49dc-858a-b4655e7b9a44-22 [memory: 64MB, platform: PAPER/1.21]
2026-08-25 22:55:49.925  INFO 23832--- [pool-9-thread-2] de.polocloud.node.services.queue.ServiceQueue : Queued lobby-f4a3a78a-23e5-49dc-858a-b4655e7b9a44-23 [memory: 64MB, platform: PAPER/1.21]
2026-08-25 22:55:49.925  INFO 23832--- [pool-9-thread-1] de.polocloud.node.services.queue.ServiceQueue : Queued lobby-f4a3a78a-23e5-49dc-858a-b4655e7b9a44-23 [memory: 64MB, platform: PAPER/1.21]
2026-08-25 22:55:49.926  INFO 23832--- [pool-9-thread-2] de.polocloud.node.services.queue.ServiceQueue : Queued lobby-f4a3a78a-23e5-49dc-858a-b4655e7b9a44-24 [memory: 64MB, platform: PAPER/1.21]
2026-08-25 22:55:49.926  INFO 23832--- [pool-9-thread-1] de.polocloud.node.services.queue.ServiceQueue : Queued lobby-f4a3a78a-23e5-49dc-858a-b4655e7b9a44-24 [memory: 64MB, platform: PAPER/1.21]
2026-08-25 22:55:49.926  INFO 23832--- [pool-9-thread-2] de.polocloud.node.services.queue.ServiceQueue : Queued lobby-f4a3a78a-23e5-49dc-858a-b4655e7b9a44-25 [memory: 64MB, platform: PAPER/1.21]
2026-08-25 22:55:49.926  INFO 23832--- [pool-9-thread-1] de.polocloud.node.services.queue.ServiceQueue : Queued lobby-f4a3a78a-23e5-49dc-858a-b4655e7b9a44-25 [memory: 64MB, platform: PAPER/1.21]
2026-08-25 22:55:49.926  INFO 23832--- [pool-9-thread-2] de.polocloud.node.services.queue.ServiceQueue : Queued lobby-f4a3a78a-23e5-49dc-858a-b4655e7b9a44-26 [memory: 64MB, platform: PAPER/1.21]
2026-08-25 22:55:49.926  INFO 23832--- [pool-9-thread-1] de.polocloud.node.services.queue.ServiceQueue : Queued lobby-f4a3a78a-23e5-49dc-858a-b4655e7b9a44-26 [memory: 64MB, platform: PAPER/1.21]
2026-08-25 22:55:49.926  INFO 23832--- [pool-9-thread-2] de.polocloud.node.services.queue.ServiceQueue : Queued lobby-f4a3a78a-23e5-49dc-858a-b4655e7b9a44-27 [memory: 64MB, platform: PAPER/1.21]
2026-08-25 22:55:49.926  INFO 23832--- [pool-9-thread-1] de.polocloud.node.services.queue.ServiceQueue : Queued lobby-f4a3a78a-23e5-49dc-858a-b4655e7b9a44-27 [memory: 64MB, platform: PAPER/1.21]
2026-08-25 22:55:49.926  INFO 23832--- [pool-9-thread-2] de.polocloud.node.services.queue.ServiceQueue : Queued lobby-f4a3a78a-23e5-49dc-858a-b4655e7b9a44-28 [memory: 64MB, platform: PAPER/1.21]
2026-08-25 22:55:49.926  INFO 23832--- [pool-9-thread-1] de.polocloud.node.services.queue.ServiceQueue : Queued lobby-f4a3a78a-23e5-49dc-858a-b4655e7b9a44-28 [memory: 64MB, platform: PAPER/1.21]
2026-08-25 22:55:49.927  INFO 23832--- [pool-9-thread-2] de.polocloud.node.services.queue.ServiceQueue : Queued lobby-f4a3a78a-23e5-49dc-858a-b4655e7b9a44-29 [memory: 64MB, platform: PAPER/1.21]
2026-08-25 22:55:49.927  INFO 23832--- [pool-9-thread-1] de.polocloud.node.services.queue.ServiceQueue : Queued lobby-f4a3a78a-23e5-49dc-858a-b4655e7b9a44-29 [memory: 64MB, platform: PAPER/1.21]
2026-08-25 22:55:49.927  INFO 23832--- [pool-9-thread-2] de.polocloud.node.services.queue.ServiceQueue : Queued lobby-f4a3a78a-23e5-49dc-858a-b4655e7b9a44-30 [memory: 64MB, platform: PAPER/1.21]
2026-08-25 22:55:49.927  INFO 23832--- [pool-9-thread-1] de.polocloud.node.services.queue.ServiceQueue : Queued lobby-f4a3a78a-23e5-49dc-858a-b4655e7b9a44-30 [memory: 64MB, platform: PAPER/1.21]
2026-08-25 22:55:49.927  INFO 23832--- [pool-9-thread-2] de.polocloud.node.services.queue.ServiceQueue : Queued lobby-f4a3a78a-23e5-49dc-858a-b4655e7b9a44-31 [memory: 64MB, platform: PAPER/1.21]
2026-08-25 22:55:49.927  INFO 23832--- [pool-9-thread-1] de.polocloud.node.services.queue.ServiceQueue : Queued lobby-f4a3a78a-23e5-49dc-858a-b4655e7b9a44-31 [memory: 64MB, platform: PAPER/1.21]
2026-08-25 22:55:49.927  INFO 23832--- [pool-9-thread-2] de.polocloud.node.services.queue.ServiceQueue : Queued lobby-f4a3a78a-23e5-49dc-858a-b4655e7b9a44-32 [memory: 64MB, platform: PAPER/1.21]
2026-08-25 22:55:49.927  INFO 23832--- [pool-9-thread-1] de.polocloud.node.services.queue.ServiceQueue : Queued lobby-f4a3a78a-23e5-49dc-858a-b4655e7b9a44-32 [memory: 64MB, platform: PAPER/1.21]
2026-08-25 22:55:49.927  INFO 23832--- [pool-9-thread-2] de.polocloud.node.services.queue.ServiceQueue : Queued lobby-f4a3a78a-23e5-49dc-858a-b4655e7b9a44-33 [memory: 64MB, platform: PAPER/1.21]
2026-08-25 22:55:49.927  INFO 23832--- [pool-9-thread-1] de.polocloud.node.services.queue.ServiceQueue : Queued lobby-f4a3a78a-23e5-49dc-858a-b4655e7b9a44-33 [memory: 64MB, platform: PAPER/1.21]
2026-08-25 22:55:49.928  INFO 23832--- [pool-9-thread-2] de.polocloud.node.services.queue.ServiceQueue : Queued lobby-f4a3a78a-23e5-49dc-858a-b4655e7b9a44-34 [memory: 64MB, platform: PAPER/1.21]
2026-08-25 22:55:49.928  INFO 23832--- [pool-9-thread-1] de.polocloud.node.services.queue.ServiceQueue : Queued lobby-f4a3a78a-23e5-49dc-858a-b4655e7b9a44-34 [memory: 64MB, platform: PAPER/1.21]
2026-08-25 22:55:49.928  INFO 23832--- [pool-9-thread-2] de.polocloud.node.services.queue.ServiceQueue : Queued lobby-f4a3a78a-23e5-49dc-858a-b4655e7b9a44-35 [memory: 64MB, platform: PAPER/1.21]
2026-08-25 22:55:49.928  INFO 23832--- [pool-9-thread-1] de.polocloud.node.services.queue.ServiceQueue : Queued lobby-f4a3a78a-23e5-49dc-858a-b4655e7b9a44-35 [memory: 64MB, platform: PAPER/1.21]
2026-08-25 22:55:49.928  INFO 23832--- [pool-9-thread-2] de.polocloud.node.services.queue.ServiceQueue : Queued lobby-f4a3a78a-23e5-49dc-858a-b4655e7b9a44-36 [memory: 64MB, platform: PAPER/1.21]
2026-08-25 22:55:49.928  INFO 23832--- [pool-9-thread-1] de.polocloud.node.services.queue.ServiceQueue : Queued lobby-f4a3a78a-23e5-49dc-858a-b4655e7b9a44-36 [memory: 64MB, platform: PAPER/1.21]
2026-08-25 22:55:49.928  INFO 23832--- [pool-9-thread-2] de.polocloud.node.services.queue.ServiceQueue : Queued lobby-f4a3a78a-23e5-49dc-858a-b4655e7b9a44-37 [memory: 64MB, platform: PAPER/1.21]
2026-08-25 22:55:49.928  INFO 23832--- [pool-9-thread-1] de.polocloud.node.services.queue.ServiceQueue : Queued lobby-f4a3a78a-23e5-49dc-858a-b4655e7b9a44-37 [memory: 64MB, platform: PAPER/1.21]
2026-08-25 22:55:49.928  INFO 23832--- [pool-9-thread-2] de.polocloud.node.services.queue.ServiceQueue : Queued lobby-f4a3a78a-23e5-49dc-858a-b4655e7b9a44-38 [memory: 64MB, platform: PAPER/1.21]
2026-08-25 22:55:49.928  INFO 23832--- [pool-9-thread-1] de.polocloud.node.services.queue.ServiceQueue : Queued lobby-f4a3a78a-23e5-49dc-858a-b4655e7b9a44-38 [memory: 64MB, platform: PAPER/1.21]
2026-08-25 22:55:49.928  INFO 23832--- [pool-9-thread-2] de.polocloud.node.services.queue.ServiceQueue : Queued lobby-f4a3a78a-23e5-49dc-858a-b4655e7b9a44-39 [memory: 64MB, platform: PAPER/1.21]
2026-08-25 22:55:49.929  INFO 23832--- [pool-9-thread-1] de.polocloud.node.services.queue.ServiceQueue : Queued lobby-f4a3a78a-23e5-49dc-858a-b4655e7b9a44-39 [memory: 64MB, platform: PAPER/1.21]
2026-08-25 22:55:49.929  INFO 23832--- [pool-9-thread-2] de.polocloud.node.services.queue.ServiceQueue : Queued lobby-f4a3a78a-23e5-49dc-858a-b4655e7b9a44-40 [memory: 64MB, platform: PAPER/1.21]
2026-08-25 22:55:49.929  INFO 23832--- [pool-9-thread-1] de.polocloud.node.services.queue.ServiceQueue : Queued lobby-f4a3a78a-23e5-49dc-858a-b4655e7b9a44-40 [memory: 64MB, platform: PAPER/1.21]
2026-08-25 22:55:49.929  INFO 23832--- [pool-9-thread-2] de.polocloud.node.services.queue.ServiceQueue : Queued lobby-f4a3a78a-23e5-49dc-858a-b4655e7b9a44-41 [memory: 64MB, platform: PAPER/1.21]
2026-08-25 22:55:49.929  INFO 23832--- [pool-9-thread-1] de.polocloud.node.services.queue.ServiceQueue : Queued lobby-f4a3a78a-23e5-49dc-858a-b4655e7b9a44-41 [memory: 64MB, platform: PAPER/1.21]
2026-08-25 22:55:49.929  INFO 23832--- [pool-9-thread-2] de.polocloud.node.services.queue.ServiceQueue : Queued lobby-f4a3a78a-23e5-49dc-858a-b4655e7b9a44-42 [memory: 64MB, platform: PAPER/1.21]
2026-08-25 22:55:49.929  INFO 23832--- [pool-9-thread-1] de.polocloud.node.services.queue.ServiceQueue : Queued lobby-f4a3a78a-23e5-49dc-858a-b4655e7b9a44-42 [memory: 64MB, platform: PAPER/1.21]
2026-08-25 22:55:49.929  INFO 23832--- [pool-9-thread-2] de.polocloud.node.services.queue.ServiceQueue : Queued lobby-f4a3a78a-23e5-49dc-858a-b4655e7b9a44-43 [memory: 64MB, platform: PAPER/1.21]
2026-08-25 22:55:49.929  INFO 23832--- [pool-9-thread-1] de.polocloud.node.services.queue.ServiceQueue : Queued lobby-f4a3a78a-23e5-49dc-858a-b4655e7b9a44-43 [memory: 64MB, platform: PAPER/1.21]
2026-08-25 22:55:49.929  INFO 23832--- [pool-9-thread-2] de.polocloud.node.services.queue.ServiceQueue : Queued lobby-f4a3a78a-23e5-49dc-858a-b4655e7b9a44-44 [memory: 64MB, platform: PAPER/1.21]
2026-08-25 22:55:49.929  INFO 23832--- [pool-9-thread-1] de.polocloud.node.services.queue.ServiceQueue : Queued lobby-f4a3a78a-23e5-49dc-858a-b4655e7b9a44-44 [memory: 64MB, platform: PAPER/1.21]
2026-08-25 22:55:49.929  INFO 23832--- [pool-9-thread-2] de.polocloud.node.services.queue.ServiceQueue : Queued lobby-f4a3a78a-23e5-49dc-858a-b4655e7b9a44-45 [memory: 64MB, platform: PAPER/1.21]
2026-08-25 22:55:49.929  INFO 23832--- [pool-9-thread-1] de.polocloud.node.services.queue.ServiceQueue : Queued lobby-f4a3a78a-23e5-49dc-858a-b4655e7b9a44-45 [memory: 64MB, platform: PAPER/1.21]
2026-08-25 22:55:49.929  INFO 23832--- [pool-9-thread-2] de.polocloud.node.services.queue.ServiceQueue : Queued lobby-f4a3a78a-23e5-49dc-858a-b4655e7b9a44-46 [memory: 64MB, platform: PAPER/1.21]
2026-08-25 22:55:49.930  INFO 23832--- [pool-9-thread-1] de.polocloud.node.services.queue.ServiceQueue : Queued lobby-f4a3a78a-23e5-49dc-858a-b4655e7b9a44-46 [memory: 64MB, platform: PAPER/1.21]
2026-08-25 22:55:49.930  INFO 23832--- [pool-9-thread-2] de.polocloud.node.services.queue.ServiceQueue : Queued lobby-f4a3a78a-23e5-49dc-858a-b4655e7b9a44-47 [memory: 64MB, platform: PAPER/1.21]
2026-08-25 22:55:49.930  INFO 23832--- [pool-9-thread-1] de.polocloud.node.services.queue.ServiceQueue : Queued lobby-f4a3a78a-23e5-49dc-858a-b4655e7b9a44-47 [memory: 64MB, platform: PAPER/1.21]
2026-08-25 22:55:49.930  INFO 23832--- [pool-9-thread-2] de.polocloud.node.services.queue.ServiceQueue : Queued lobby-f4a3a78a-23e5-49dc-858a-b4655e7b9a44-48 [memory: 64MB, platform: PAPER/1.21]
2026-08-25 22:55:49.930  INFO 23832--- [pool-9-thread-1] de.polocloud.node.services.queue.ServiceQueue : Queued lobby-f4a3a78a-23e5-49dc-858a-b4655e7b9a44-48 [memory: 64MB, platform: PAPER/1.21]
2026-08-25 22:55:49.930  INFO 23832--- [pool-9-thread-2] de.polocloud.node.services.queue.ServiceQueue : Queued lobby-f4a3a78a-23e5-49dc-858a-b4655e7b9a44-49 [memory: 64MB, platform: PAPER/1.21]
2026-08-25 22:55:49.930  INFO 23832--- [pool-9-thread-1] de.polocloud.node.services.queue.ServiceQueue : Queued lobby-f4a3a78a-23e5-49dc-858a-b4655e7b9a44-49 [memory: 64MB, platform: PAPER/1.21]
2026-08-25 22:55:49.930  INFO 23832--- [pool-9-thread-2] de.polocloud.node.services.queue.ServiceQueue : Queued lobby-f4a3a78a-23e5-49dc-858a-b4655e7b9a44-50 [memory: 64MB, platform: PAPER/1.21]
2026-08-25 22:55:49.931  INFO 23832--- [pool-9-thread-1] de.polocloud.node.services.queue.ServiceQueue : Queued lobby-f4a3a78a-23e5-49dc-858a-b4655e7b9a44-50 [memory: 64MB, platform: PAPER/1.21]
2026-08-25 22:55:49.931  INFO 23832--- [pool-9-thread-2] de.polocloud.node.services.queue.ServiceQueue : Queued lobby-f4a3a78a-23e5-49dc-858a-b4655e7b9a44-51 [memory: 64MB, platform: PAPER/1.21]
2026-08-25 22:55:49.931  INFO 23832--- [pool-9-thread-1] de.polocloud.node.services.queue.ServiceQueue : Queued lobby-f4a3a78a-23e5-49dc-858a-b4655e7b9a44-51 [memory: 64MB, platform: PAPER/1.21]
2026-08-25 22:55:49.931  INFO 23832--- [pool-9-thread-2] de.polocloud.node.services.queue.ServiceQueue : Queued lobby-f4a3a78a-23e5-49dc-858a-b4655e7b9a44-52 [memory: 64MB, platform: PAPER/1.21]
2026-08-25 22:55:49.931  INFO 23832--- [pool-9-thread-1] de.polocloud.node.services.queue.ServiceQueue : Queued lobby-f4a3a78a-23e5-49dc-858a-b4655e7b9a44-52 [memory: 64MB, platform: PAPER/1.21]
2026-08-25 22:55:49.931  INFO 23832--- [pool-9-thread-2] de.polocloud.node.services.queue.ServiceQueue : Queued lobby-f4a3a78a-23e5-49dc-858a-b4655e7b9a44-53 [memory: 64MB, platform: PAPER/1.21]
2026-08-25 22:55:49.931  INFO 23832--- [pool-9-thread-1] de.polocloud.node.services.queue.ServiceQueue : Queued lobby-f4a3a78a-23e5-49dc-858a-b4655e7b9a44-53 [memory: 64MB, platform: PAPER/1.21]
2026-08-25 22:55:49.931  INFO 23832--- [pool-9-thread-2] de.polocloud.node.services.queue.ServiceQueue : Queued lobby-f4a3a78a-23e5-49dc-858a-b4655e7b9a44-54 [memory: 64MB, platform: PAPER/1.21]
2026-08-25 22:55:49.931  INFO 23832--- [pool-9-thread-1] de.polocloud.node.services.queue.ServiceQueue : Queued lobby-f4a3a78a-23e5-49dc-858a-b4655e7b9a44-54 [memory: 64MB, platform: PAPER/1.21]
2026-08-25 22:55:49.932  INFO 23832--- [pool-9-thread-2] de.polocloud.node.services.queue.ServiceQueue : Queued lobby-f4a3a78a-23e5-49dc-858a-b4655e7b9a44-55 [memory: 64MB, platform: PAPER/1.21]
2026-08-25 22:55:49.932  INFO 23832--- [pool-9-thread-1] de.polocloud.node.services.queue.ServiceQueue : Queued lobby-f4a3a78a-23e5-49dc-858a-b4655e7b9a44-55 [memory: 64MB, platform: PAPER/1.21]
2026-08-25 22:55:49.932  INFO 23832--- [pool-9-thread-2] de.polocloud.node.services.queue.ServiceQueue : Queued lobby-f4a3a78a-23e5-49dc-858a-b4655e7b9a44-56 [memory: 64MB, platform: PAPER/1.21]
2026-08-25 22:55:49.932  INFO 23832--- [pool-9-thread-1] de.polocloud.node.services.queue.ServiceQueue : Queued lobby-f4a3a78a-23e5-49dc-858a-b4655e7b9a44-56 [memory: 64MB, platform: PAPER/1.21]
2026-08-25 22:55:49.932  INFO 23832--- [pool-9-thread-2] de.polocloud.node.services.queue.ServiceQueue : Queued lobby-f4a3a78a-23e5-49dc-858a-b4655e7b9a44-57 [memory: 64MB, platform: PAPER/1.21]
2026-08-25 22:55:49.932  INFO 23832--- [pool-9-thread-1] de.polocloud.node.services.queue.ServiceQueue : Queued lobby-f4a3a78a-23e5-49dc-858a-b4655e7b9a44-57 [memory: 64MB, platform: PAPER/1.21]
2026-08-25 22:55:49.932  INFO 23832--- [pool-9-thread-2] de.polocloud.node.services.queue.ServiceQueue : Queued lobby-f4a3a78a-23e5-49dc-858a-b4655e7b9a44-58 [memory: 64MB, platform: PAPER/1.21]
2026-08-25 22:55:49.932  INFO 23832--- [pool-9-thread-1] de.polocloud.node.services.queue.ServiceQueue : Queued lobby-f4a3a78a-23e5-49dc-858a-b4655e7b9a44-58 [memory: 64MB, platform: PAPER/1.21]
2026-08-25 22:55:49.932  INFO 23832--- [pool-9-thread-2] de.polocloud.node.services.queue.ServiceQueue : Queued lobby-f4a3a78a-23e5-49dc-858a-b4655e7b9a44-59 [memory: 64MB, platform: PAPER/1.21]
2026-08-25 22:55:49.933  INFO 23832--- [pool-9-thread-1] de.polocloud.node.services.queue.ServiceQueue : Queued lobby-f4a3a78a-23e5-49dc-858a-b4655e7b9a44-59 [memory: 64MB, platform: PAPER/1.21]
2026-08-25 22:55:49.933  INFO 23832--- [pool-9-thread-2] de.polocloud.node.services.queue.ServiceQueue : Queued lobby-f4a3a78a-23e5-49dc-858a-b4655e7b9a44-60 [memory: 64MB, platform: PAPER/1.21]
2026-08-25 22:55:49.933  INFO 23832--- [pool-9-thread-1] de.polocloud.node.services.queue.ServiceQueue : Queued lobby-f4a3a78a-23e5-49dc-858a-b4655e7b9a44-60 [memory: 64MB, platform: PAPER/1.21]
2026-08-25 22:55:49.933  INFO 23832--- [pool-9-thread-2] de.polocloud.node.services.queue.ServiceQueue : Queued lobby-f4a3a78a-23e5-49dc-858a-b4655e7b9a44-61 [memory: 64MB, platform: PAPER/1.21]
2026-08-25 22:55:49.933  INFO 23832--- [pool-9-thread-1] de.polocloud.node.services.queue.ServiceQueue : Queued lobby-f4a3a78a-23e5-49dc-858a-b4655e7b9a44-61 [memory: 64MB, platform: PAPER/1.21]
2026-08-25 22:55:49.933  INFO 23832--- [pool-9-thread-2] de.polocloud.node.services.queue.ServiceQueue : Queued lobby-f4a3a78a-23e5-49dc-858a-b4655e7b9a44-62 [memory: 64MB, platform: PAPER/1.21]
2026-08-25 22:55:49.933  INFO 23832--- [pool-9-thread-1] de.polocloud.node.services.queue.ServiceQueue : Queued lobby-f4a3a78a-23e5-49dc-858a-b4655e7b9a44-62 [memory: 64MB, platform: PAPER/1.21]
2026-08-25 22:55:49.933  INFO 23832--- [pool-9-thread-2] de.polocloud.node.services.queue.ServiceQueue : Queued lobby-f4a3a78a-23e5-49dc-858a-b4655e7b9a44-63 [memory: 64MB, platform: PAPER/1.21]
2026-08-25 22:55:49.933  INFO 23832--- [pool-9-thread-1] de.polocloud.node.services.queue.ServiceQueue : Queued lobby-f4a3a78a-23e5-49dc-858a-b4655e7b9a44-63 [memory: 64MB, platform: PAPER/1.21]
2026-08-25 22:55:49.934  INFO 23832--- [pool-9-thread-2] de.polocloud.node.services.queue.ServiceQueue : Queued lobby-f4a3a78a-23e5-49dc-858a-b4655e7b9a44-64 [memory: 64MB, platform: PAPER/1.21]
2026-08-25 22:55:49.934  INFO 23832--- [pool-9-thread-1] de.polocloud.node.services.queue.ServiceQueue : Queued lobby-f4a3a78a-23e5-49dc-858a-b4655e7b9a44-64 [memory: 64MB, platform: PAPER/1.21]
2026-08-25 22:55:49.934  INFO 23832--- [pool-9-thread-2] de.polocloud.node.services.queue.ServiceQueue : Queued lobby-f4a3a78a-23e5-49dc-858a-b4655e7b9a44-65 [memory: 64MB, platform: PAPER/1.21]
2026-08-25 22:55:49.934  INFO 23832--- [pool-9-thread-1] de.polocloud.node.services.queue.ServiceQueue : Queued lobby-f4a3a78a-23e5-49dc-858a-b4655e7b9a44-65 [memory: 64MB, platform: PAPER/1.21]
2026-08-25 22:55:49.934  INFO 23832--- [pool-9-thread-2] de.polocloud.node.services.queue.ServiceQueue : Queued lobby-f4a3a78a-23e5-49dc-858a-b4655e7b9a44-66 [memory: 64MB, platform: PAPER/1.21]
2026-08-25 22:55:49.934  INFO 23832--- [pool-9-thread-1] de.polocloud.node.services.queue.ServiceQueue : Queued lobby-f4a3a78a-23e5-49dc-858a-b4655e7b9a44-66 [memory: 64MB, platform: PAPER/1.21]
2026-08-25 22:55:49.934  INFO 23832--- [pool-9-thread-2] de.polocloud.node.services.queue.ServiceQueue : Queued lobby-f4a3a78a-23e5-49dc-858a-b4655e7b9a44-67 [memory: 64MB, platform: PAPER/1.21]
2026-08-25 22:55:49.934  INFO 23832--- [pool-9-thread-1] de.polocloud.node.services.queue.ServiceQueue : Queued lobby-f4a3a78a-23e5-49dc-858a-b4655e7b9a44-67 [memory: 64MB, platform: PAPER/1.21]
2026-08-25 22:55:49.934  INFO 23832--- [pool-9-thread-2] de.polocloud.node.services.queue.ServiceQueue : Queued lobby-f4a3a78a-23e5-49dc-858a-b4655e7b9a44-68 [memory: 64MB, platform: PAPER/1.21]
2026-08-25 22:55:49.934  INFO 23832--- [pool-9-thread-1] de.polocloud.node.services.queue.ServiceQueue : Queued lobby-f4a3a78a-23e5-49dc-858a-b4655e7b9a44-68 [memory: 64MB, platform: PAPER/1.21]
2026-08-25 22:55:49.935  INFO 23832--- [pool-9-thread-2] de.polocloud.node.services.queue.ServiceQueue : Queued lobby-f4a3a78a-23e5-49dc-858a-b4655e7b9a44-69 [memory: 64MB, platform: PAPER/1.21]
2026-08-25 22:55:49.935  INFO 23832--- [pool-9-thread-1] de.polocloud.node.services.queue.ServiceQueue : Queued lobby-f4a3a78a-23e5-49dc-858a-b4655e7b9a44-69 [memory: 64MB, platform: PAPER/1.21]
2026-08-25 22:55:49.935  INFO 23832--- [pool-9-thread-2] de.polocloud.node.services.queue.ServiceQueue : Queued lobby-f4a3a78a-23e5-49dc-858a-b4655e7b9a44-70 [memory: 64MB, platform: PAPER/1.21]
2026-08-25 22:55:49.935  INFO 23832--- [pool-9-thread-1] de.polocloud.node.services.queue.ServiceQueue : Queued lobby-f4a3a78a-23e5-49dc-858a-b4655e7b9a44-70 [memory: 64MB, platform: PAPER/1.21]
2026-08-25 22:55:49.935  INFO 23832--- [pool-9-thread-2] de.polocloud.node.services.queue.ServiceQueue : Queued lobby-f4a3a78a-23e5-49dc-858a-b4655e7b9a44-71 [memory: 64MB, platform: PAPER/1.21]
2026-08-25 22:55:49.936  INFO 23832--- [pool-9-thread-1] de.polocloud.node.services.queue.ServiceQueue : Queued lobby-f4a3a78a-23e5-49dc-858a-b4655e7b9a44-71 [memory: 64MB, platform: PAPER/1.21]
2026-08-25 22:55:49.936  INFO 23832--- [pool-9-thread-2] de.polocloud.node.services.queue.ServiceQueue : Queued lobby-f4a3a78a-23e5-49dc-858a-b4655e7b9a44-72 [memory: 64MB, platform: PAPER/1.21]
2026-08-25 22:55:49.936  INFO 23832--- [pool-9-thread-1] de.polocloud.node.services.queue.ServiceQueue : Queued lobby-f4a3a78a-23e5-49dc-858a-b4655e7b9a44-72 [memory: 64MB, platform: PAPER/1.21]
2026-08-25 22:55:49.936  INFO 23832--- [pool-9-thread-2] de.polocloud.node.services.queue.ServiceQueue : Queued lobby-f4a3a78a-23e5-49dc-858a-b4655e7b9a44-73 [memory: 64MB, platform: PAPER/1.21]
2026-08-25 22:55:49.936  INFO 23832--- [pool-9-thread-1] de.polocloud.node.services.queue.ServiceQueue : Queued lobby-f4a3a78a-23e5-49dc-858a-b4655e7b9a44-73 [memory: 64MB, platform: PAPER/1.21]
2026-08-25 22:55:49.936  INFO 23832--- [pool-9-thread-2] de.polocloud.node.services.queue.ServiceQueue : Queued lobby-f4a3a78a-23e5-49dc-858a-b4655e7b9a44-74 [memory: 64MB, platform: PAPER/1.21]
2026-08-25 22:55:49.936  INFO 23832--- [pool-9-thread-1] de.polocloud.node.services.queue.ServiceQueue : Queued lobby-f4a3a78a-23e5-49dc-858a-b4655e7b9a44-74 [memory: 64MB, platform: PAPER/1.21]
2026-08-25 22:55:49.936  INFO 23832--- [pool-9-thread-2] de.polocloud.node.services.queue.ServiceQueue : Queued lobby-f4a3a78a-23e5-49dc-858a-b4655e7b9a44-75 [memory: 64MB, platform: PAPER/1.21]
2026-08-25 22:55:49.936  INFO 23832--- [pool-9-thread-1] de.polocloud.node.services.queue.ServiceQueue : Queued lobby-f4a3a78a-23e5-49dc-858a-b4655e7b9a44-75 [memory: 64MB, platform: PAPER/1.21]
2026-08-25 22:55:49.937  INFO 23832--- [pool-9-thread-2] de.polocloud.node.services.queue.ServiceQueue : Queued lobby-f4a3a78a-23e5-49dc-858a-b4655e7b9a44-76 [memory: 64MB, platform: PAPER/1.21]
2026-08-25 22:55:49.937  INFO 23832--- [pool-9-thread-1] de.polocloud.node.services.queue.ServiceQueue : Queued lobby-f4a3a78a-23e5-49dc-858a-b4655e7b9a44-76 [memory: 64MB, platform: PAPER/1.21]
2026-08-25 22:55:49.937  INFO 23832--- [pool-9-thread-2] de.polocloud.node.services.queue.ServiceQueue : Queued lobby-f4a3a78a-23e5-49dc-858a-b4655e7b9a44-77 [memory: 64MB, platform: PAPER/1.21]
2026-08-25 22:55:49.937  INFO 23832--- [pool-9-thread-1] de.polocloud.node.services.queue.ServiceQueue : Queued lobby-f4a3a78a-23e5-49dc-858a-b4655e7b9a44-77 [memory: 64MB, platform: PAPER/1.21]
2026-08-25 22:55:49.937  INFO 23832--- [pool-9-thread-2] de.polocloud.node.services.queue.ServiceQueue : Queued lobby-f4a3a78a-23e5-49dc-858a-b4655e7b9a44-78 [memory: 64MB, platform: PAPER/1.21]
2026-08-25 22:55:49.937  INFO 23832--- [pool-9-thread-1] de.polocloud.node.services.queue.ServiceQueue : Queued lobby-f4a3a78a-23e5-49dc-858a-b4655e7b9a44-78 [memory: 64MB, platform: PAPER/1.21]
2026-08-25 22:55:49.937  INFO 23832--- [pool-9-thread-2] de.polocloud.node.services.queue.ServiceQueue : Queued lobby-f4a3a78a-23e5-49dc-858a-b4655e7b9a44-79 [memory: 64MB, platform: PAPER/1.21]
2026-08-25 22:55:49.937  INFO 23832--- [pool-9-thread-1] de.polocloud.node.services.queue.ServiceQueue : Queued lobby-f4a3a78a-23e5-49dc-858a-b4655e7b9a44-79 [memory: 64MB, platform: PAPER/1.21]
2026-08-25 22:55:49.937  INFO 23832--- [pool-9-thread-2] de.polocloud.node.services.queue.ServiceQueue : Queued lobby-f4a3a78a-23e5-49dc-858a-b4655e7b9a44-80 [memory: 64MB, platform: PAPER/1.21]
2026-08-25 22:55:49.938  INFO 23832--- [pool-9-thread-1] de.polocloud.node.services.queue.ServiceQueue : Queued lobby-f4a3a78a-23e5-49dc-858a-b4655e7b9a44-80 [memory: 64MB, platform: PAPER/1.21]
2026-08-25 22:55:49.938  INFO 23832--- [pool-9-thread-2] de.polocloud.node.services.queue.ServiceQueue : Queued lobby-f4a3a78a-23e5-49dc-858a-b4655e7b9a44-81 [memory: 64MB, platform: PAPER/1.21]
2026-08-25 22:55:49.938  INFO 23832--- [pool-9-thread-1] de.polocloud.node.services.queue.ServiceQueue : Queued lobby-f4a3a78a-23e5-49dc-858a-b4655e7b9a44-81 [memory: 64MB, platform: PAPER/1.21]
2026-08-25 22:55:49.938  INFO 23832--- [pool-9-thread-2] de.polocloud.node.services.queue.ServiceQueue : Queued lobby-f4a3a78a-23e5-49dc-858a-b4655e7b9a44-82 [memory: 64MB, platform: PAPER/1.21]
2026-08-25 22:55:49.938  INFO 23832--- [pool-9-thread-1] de.polocloud.node.services.queue.ServiceQueue : Queued lobby-f4a3a78a-23e5-49dc-858a-b4655e7b9a44-82 [memory: 64MB, platform: PAPER/1.21]
2026-08-25 22:55:49.938  INFO 23832--- [pool-9-thread-2] de.polocloud.node.services.queue.ServiceQueue : Queued lobby-f4a3a78a-23e5-49dc-858a-b4655e7b9a44-83 [memory: 64MB, platform: PAPER/1.21]
2026-08-25 22:55:49.938  INFO 23832--- [pool-9-thread-1] de.polocloud.node.services.queue.ServiceQueue : Queued lobby-f4a3a78a-23e5-49dc-858a-b4655e7b9a44-83 [memory: 64MB, platform: PAPER/1.21]
2026-08-25 22:55:49.938  INFO 23832--- [pool-9-thread-2] de.polocloud.node.services.queue.ServiceQueue : Queued lobby-f4a3a78a-23e5-49dc-858a-b4655e7b9a44-84 [memory: 64MB, platform: PAPER/1.21]
2026-08-25 22:55:49.938  INFO 23832--- [pool-9-thread-1] de.polocloud.node.services.queue.ServiceQueue : Queued lobby-f4a3a78a-23e5-49dc-858a-b4655e7b9a44-84 [memory: 64MB, platform: PAPER/1.21]
2026-08-25 22:55:49.939  INFO 23832--- [pool-9-thread-2] de.polocloud.node.services.queue.ServiceQueue : Queued lobby-f4a3a78a-23e5-49dc-858a-b4655e7b9a44-85 [memory: 64MB, platform: PAPER/1.21]
2026-08-25 22:55:49.939  INFO 23832--- [pool-9-thread-1] de.polocloud.node.services.queue.ServiceQueue : Queued lobby-f4a3a78a-23e5-49dc-858a-b4655e7b9a44-85 [memory: 64MB, platform: PAPER/1.21]
2026-08-25 22:55:49.939  INFO 23832--- [pool-9-thread-2] de.polocloud.node.services.queue.ServiceQueue : Queued lobby-f4a3a78a-23e5-49dc-858a-b4655e7b9a44-86 [memory: 64MB, platform: PAPER/1.21]
2026-08-25 22:55:49.939  INFO 23832--- [pool-9-thread-1] de.polocloud.node.services.queue.ServiceQueue : Queued lobby-f4a3a78a-23e5-49dc-858a-b4655e7b9a44-86 [memory: 64MB, platform: PAPER/1.21]
2026-08-25 22:55:49.939  INFO 23832--- [pool-9-thread-2] de.polocloud.node.services.queue.ServiceQueue : Queued lobby-f4a3a78a-23e5-49dc-858a-b4655e7b9a44-87 [memory: 64MB, platform: PAPER/1.21]
2026-08-25 22:55:49.939  INFO 23832--- [pool-9-thread-1] de.polocloud.node.services.queue.ServiceQueue : Queued lobby-f4a3a78a-23e5-49dc-858a-b4655e7b9a44-87 [memory: 64MB, platform: PAPER/1.21]
2026-08-25 22:55:49.939  INFO 23832--- [pool-9-thread-2] de.polocloud.node.services.queue.ServiceQueue : Queued lobby-f4a3a78a-23e5-49dc-858a-b4655e7b9a44-88 [memory: 64MB, platform: PAPER/1.21]
2026-08-25 22:55:49.939  INFO 23832--- [pool-9-thread-1] de.polocloud.node.services.queue.ServiceQueue : Queued lobby-f4a3a78a-23e5-49dc-858a-b4655e7b9a44-88 [memory: 64MB, platform: PAPER/1.21]
2026-08-25 22:55:49.939  INFO 23832--- [pool-9-thread-2] de.polocloud.node.services.queue.ServiceQueue : Queued lobby-f4a3a78a-23e5-49dc-858a-b4655e7b9a44-89 [memory: 64MB, platform: PAPER/1.21]
2026-08-25 22:55:49.939  INFO 23832--- [pool-9-thread-1] de.polocloud.node.services.queue.ServiceQueue : Queued lobby-f4a3a78a-23e5-49dc-858a-b4655e7b9a44-89 [memory: 64MB, platform: PAPER/1.21]
2026-08-25 22:55:49.939  INFO 23832--- [pool-9-thread-2] de.polocloud.node.services.queue.ServiceQueue : Queued lobby-f4a3a78a-23e5-49dc-858a-b4655e7b9a44-90 [memory: 64MB, platform: PAPER/1.21]
2026-08-25 22:55:49.939  INFO 23832--- [pool-9-thread-1] de.polocloud.node.services.queue.ServiceQueue : Queued lobby-f4a3a78a-23e5-49dc-858a-b4655e7b9a44-90 [memory: 64MB, platform: PAPER/1.21]
2026-08-25 22:55:49.939  INFO 23832--- [pool-9-thread-2] de.polocloud.node.services.queue.ServiceQueue : Queued lobby-f4a3a78a-23e5-49dc-858a-b4655e7b9a44-91 [memory: 64MB, platform: PAPER/1.21]
2026-08-25 22:55:49.940  INFO 23832--- [pool-9-thread-1] de.polocloud.node.services.queue.ServiceQueue : Queued lobby-f4a3a78a-23e5-49dc-858a-b4655e7b9a44-91 [memory: 64MB, platform: PAPER/1.21]
2026-08-25 22:55:49.940  INFO 23832--- [pool-9-thread-2] de.polocloud.node.services.queue.ServiceQueue : Queued lobby-f4a3a78a-23e5-49dc-858a-b4655e7b9a44-92 [memory: 64MB, platform: PAPER/1.21]
2026-08-25 22:55:49.940  INFO 23832--- [pool-9-thread-1] de.polocloud.node.services.queue.ServiceQueue : Queued lobby-f4a3a78a-23e5-49dc-858a-b4655e7b9a44-92 [memory: 64MB, platform: PAPER/1.21]
2026-08-25 22:55:49.940  INFO 23832--- [pool-9-thread-2] de.polocloud.node.services.queue.ServiceQueue : Queued lobby-f4a3a78a-23e5-49dc-858a-b4655e7b9a44-93 [memory: 64MB, platform: PAPER/1.21]
2026-08-25 22:55:49.940  INFO 23832--- [pool-9-thread-1] de.polocloud.node.services.queue.ServiceQueue : Queued lobby-f4a3a78a-23e5-49dc-858a-b4655e7b9a44-93 [memory: 64MB, platform: PAPER/1.21]
2026-08-25 22:55:49.940  INFO 23832--- [pool-9-thread-2] de.polocloud.node.services.queue.ServiceQueue : Queued lobby-f4a3a78a-23e5-49dc-858a-b4655e7b9a44-94 [memory: 64MB, platform: PAPER/1.21]
2026-08-25 22:55:49.940  INFO 23832--- [pool-9-thread-1] de.polocloud.node.services.queue.ServiceQueue : Queued lobby-f4a3a78a-23e5-49dc-858a-b4655e7b9a44-94 [memory: 64MB, platform: PAPER/1.21]
2026-08-25 22:55:49.940  INFO 23832--- [pool-9-thread-2] de.polocloud.node.services.queue.ServiceQueue : Queued lobby-f4a3a78a-23e5-49dc-858a-b4655e7b9a44-95 [memory: 64MB, platform: PAPER/1.21]
2026-08-25 22:55:49.941  INFO 23832--- [pool-9-thread-1] de.polocloud.node.services.queue.ServiceQueue : Queued lobby-f4a3a78a-23e5-49dc-858a-b4655e7b9a44-95 [memory: 64MB, platform: PAPER/1.21]
2026-08-25 22:55:49.941  INFO 23832--- [pool-9-thread-2] de.polocloud.node.services.queue.ServiceQueue : Queued lobby-f4a3a78a-23e5-49dc-858a-b4655e7b9a44-96 [memory: 64MB, platform: PAPER/1.21]
2026-08-25 22:55:49.941  INFO 23832--- [pool-9-thread-1] de.polocloud.node.services.queue.ServiceQueue : Queued lobby-f4a3a78a-23e5-49dc-858a-b4655e7b9a44-96 [memory: 64MB, platform: PAPER/1.21]
2026-08-25 22:55:49.941  INFO 23832--- [pool-9-thread-2] de.polocloud.node.services.queue.ServiceQueue : Queued lobby-f4a3a78a-23e5-49dc-858a-b4655e7b9a44-97 [memory: 64MB, platform: PAPER/1.21]
2026-08-25 22:55:49.941  INFO 23832--- [pool-9-thread-1] de.polocloud.node.services.queue.ServiceQueue : Queued lobby-f4a3a78a-23e5-49dc-858a-b4655e7b9a44-97 [memory: 64MB, platform: PAPER/1.21]
2026-08-25 22:55:49.941  INFO 23832--- [pool-9-thread-2] de.polocloud.node.services.queue.ServiceQueue : Queued lobby-f4a3a78a-23e5-49dc-858a-b4655e7b9a44-98 [memory: 64MB, platform: PAPER/1.21]
2026-08-25 22:55:49.941  INFO 23832--- [pool-9-thread-1] de.polocloud.node.services.queue.ServiceQueue : Queued lobby-f4a3a78a-23e5-49dc-858a-b4655e7b9a44-98 [memory: 64MB, platform: PAPER/1.21]
2026-08-25 22:55:49.942  INFO 23832--- [pool-9-thread-2] de.polocloud.node.services.queue.ServiceQueue : Queued lobby-f4a3a78a-23e5-49dc-858a-b4655e7b9a44-99 [memory: 64MB, platform: PAPER/1.21]
2026-08-25 22:55:49.942  INFO 23832--- [pool-9-thread-1] de.polocloud.node.services.queue.ServiceQueue : Queued lobby-f4a3a78a-23e5-49dc-858a-b4655e7b9a44-99 [memory: 64MB, platform: PAPER/1.21]
2026-08-25 22:55:49.942  INFO 23832--- [pool-9-thread-2] de.polocloud.node.services.queue.ServiceQueue : Queued lobby-f4a3a78a-23e5-49dc-858a-b4655e7b9a44-100 [memory: 64MB, platform: PAPER/1.21]
2026-08-25 22:55:49.942  INFO 23832--- [pool-9-thread-1] de.polocloud.node.services.queue.ServiceQueue : Queued lobby-f4a3a78a-23e5-49dc-858a-b4655e7b9a44-100 [memory: 64MB, platform: PAPER/1.21]
2026-08-25 22:55:49.942  INFO 23832--- [pool-9-thread-2] de.polocloud.node.services.queue.ServiceQueue : Queued lobby-f4a3a78a-23e5-49dc-858a-b4655e7b9a44-101 [memory: 64MB, platform: PAPER/1.21]
2026-08-25 22:55:49.942  INFO 23832--- [pool-9-thread-1] de.polocloud.node.services.queue.ServiceQueue : Queued lobby-f4a3a78a-23e5-49dc-858a-b4655e7b9a44-101 [memory: 64MB, platform: PAPER/1.21]
2026-08-25 22:55:49.942  INFO 23832--- [pool-9-thread-2] de.polocloud.node.services.queue.ServiceQueue : Queued lobby-f4a3a78a-23e5-49dc-858a-b4655e7b9a44-102 [memory: 64MB, platform: PAPER/1.21]
2026-08-25 22:55:49.942  INFO 23832--- [pool-9-thread-1] de.polocloud.node.services.queue.ServiceQueue : Queued lobby-f4a3a78a-23e5-49dc-858a-b4655e7b9a44-102 [memory: 64MB, platform: PAPER/1.21]
2026-08-25 22:55:49.942  INFO 23832--- [pool-9-thread-2] de.polocloud.node.services.queue.ServiceQueue : Queued lobby-f4a3a78a-23e5-49dc-858a-b4655e7b9a44-103 [memory: 64MB, platform: PAPER/1.21]
2026-08-25 22:55:49.943  INFO 23832--- [pool-9-thread-1] de.polocloud.node.services.queue.ServiceQueue : Queued lobby-f4a3a78a-23e5-49dc-858a-b4655e7b9a44-103 [memory: 64MB, platform: PAPER/1.21]
2026-08-25 22:55:49.943  INFO 23832--- [pool-9-thread-2] de.polocloud.node.services.queue.ServiceQueue : Queued lobby-f4a3a78a-23e5-49dc-858a-b4655e7b9a44-104 [memory: 64MB, platform: PAPER/1.21]
2026-08-25 22:55:49.943  INFO 23832--- [pool-9-thread-1] de.polocloud.node.services.queue.ServiceQueue : Queued lobby-f4a3a78a-23e5-49dc-858a-b4655e7b9a44-104 [memory: 64MB, platform: PAPER/1.21]
2026-08-25 22:55:49.943  INFO 23832--- [pool-9-thread-2] de.polocloud.node.services.queue.ServiceQueue : Queued lobby-f4a3a78a-23e5-49dc-858a-b4655e7b9a44-105 [memory: 64MB, platform: PAPER/1.21]
2026-08-25 22:55:49.943  INFO 23832--- [pool-9-thread-1] de.polocloud.node.services.queue.ServiceQueue : Queued lobby-f4a3a78a-23e5-49dc-858a-b4655e7b9a44-105 [memory: 64MB, platform: PAPER/1.21]
2026-08-25 22:55:49.943  INFO 23832--- [pool-9-thread-2] de.polocloud.node.services.queue.ServiceQueue : Queued lobby-f4a3a78a-23e5-49dc-858a-b4655e7b9a44-106 [memory: 64MB, platform: PAPER/1.21]
2026-08-25 22:55:49.945  INFO 23832--- [pool-9-thread-1] de.polocloud.node.services.queue.ServiceQueue : Queued lobby-f4a3a78a-23e5-49dc-858a-b4655e7b9a44-106 [memory: 64MB, platform: PAPER/1.21]
2026-08-25 22:55:49.945  INFO 23832--- [pool-9-thread-1] de.polocloud.node.services.queue.ServiceQueue : Queued lobby-f4a3a78a-23e5-49dc-858a-b4655e7b9a44-107 [memory: 64MB, platform: PAPER/1.21]
2026-08-25 22:55:49.945  INFO 23832--- [pool-9-thread-2] de.polocloud.node.services.queue.ServiceQueue : Queued lobby-f4a3a78a-23e5-49dc-858a-b4655e7b9a44-107 [memory: 64MB, platform: PAPER/1.21]
2026-08-25 22:55:49.946  INFO 23832--- [pool-9-thread-1] de.polocloud.node.services.queue.ServiceQueue : Queued lobby-f4a3a78a-23e5-49dc-858a-b4655e7b9a44-108 [memory: 64MB, platform: PAPER/1.21]
2026-08-25 22:55:49.946  INFO 23832--- [pool-9-thread-2] de.polocloud.node.services.queue.ServiceQueue : Queued lobby-f4a3a78a-23e5-49dc-858a-b4655e7b9a44-108 [memory: 64MB, platform: PAPER/1.21]
2026-08-25 22:55:49.946  INFO 23832--- [pool-9-thread-1] de.polocloud.node.services.queue.ServiceQueue : Queued lobby-f4a3a78a-23e5-49dc-858a-b4655e7b9a44-109 [memory: 64MB, platform: PAPER/1.21]
2026-08-25 22:55:49.946  INFO 23832--- [pool-9-thread-2] de.polocloud.node.services.queue.ServiceQueue : Queued lobby-f4a3a78a-23e5-49dc-858a-b4655e7b9a44-109 [memory: 64MB, platform: PAPER/1.21]
2026-08-25 22:55:49.946  INFO 23832--- [pool-9-thread-1] de.polocloud.node.services.queue.ServiceQueue : Queued lobby-f4a3a78a-23e5-49dc-858a-b4655e7b9a44-110 [memory: 64MB, platform: PAPER/1.21]
2026-08-25 22:55:49.946  INFO 23832--- [pool-9-thread-2] de.polocloud.node.services.queue.ServiceQueue : Queued lobby-f4a3a78a-23e5-49dc-858a-b4655e7b9a44-110 [memory: 64MB, platform: PAPER/1.21]
2026-08-25 22:55:49.946  INFO 23832--- [pool-9-thread-1] de.polocloud.node.services.queue.ServiceQueue : Queued lobby-f4a3a78a-23e5-49dc-858a-b4655e7b9a44-111 [memory: 64MB, platform: PAPER/1.21]
2026-08-25 22:55:49.946  INFO 23832--- [pool-9-thread-2] de.polocloud.node.services.queue.ServiceQueue : Queued lobby-f4a3a78a-23e5-49dc-858a-b4655e7b9a44-111 [memory: 64MB, platform: PAPER/1.21]
2026-08-25 22:55:49.946  INFO 23832--- [pool-9-thread-1] de.polocloud.node.services.queue.ServiceQueue : Queued lobby-f4a3a78a-23e5-49dc-858a-b4655e7b9a44-112 [memory: 64MB, platform: PAPER/1.21]
2026-08-25 22:55:49.947  INFO 23832--- [pool-9-thread-2] de.polocloud.node.services.queue.ServiceQueue : Queued lobby-f4a3a78a-23e5-49dc-858a-b4655e7b9a44-112 [memory: 64MB, platform: PAPER/1.21]
2026-08-25 22:55:49.947  INFO 23832--- [pool-9-thread-1] de.polocloud.node.services.queue.ServiceQueue : Queued lobby-f4a3a78a-23e5-49dc-858a-b4655e7b9a44-113 [memory: 64MB, platform: PAPER/1.21]
2026-08-25 22:55:49.947  INFO 23832--- [pool-9-thread-2] de.polocloud.node.services.queue.ServiceQueue : Queued lobby-f4a3a78a-23e5-49dc-858a-b4655e7b9a44-113 [memory: 64MB, platform: PAPER/1.21]
2026-08-25 22:55:49.947  INFO 23832--- [pool-9-thread-1] de.polocloud.node.services.queue.ServiceQueue : Queued lobby-f4a3a78a-23e5-49dc-858a-b4655e7b9a44-114 [memory: 64MB, platform: PAPER/1.21]
2026-08-25 22:55:49.947  INFO 23832--- [pool-9-thread-2] de.polocloud.node.services.queue.ServiceQueue : Queued lobby-f4a3a78a-23e5-49dc-858a-b4655e7b9a44-114 [memory: 64MB, platform: PAPER/1.21]
2026-08-25 22:55:49.947  INFO 23832--- [pool-9-thread-1] de.polocloud.node.services.queue.ServiceQueue : Queued lobby-f4a3a78a-23e5-49dc-858a-b4655e7b9a44-115 [memory: 64MB, platform: PAPER/1.21]
2026-08-25 22:55:49.947  INFO 23832--- [pool-9-thread-2] de.polocloud.node.services.queue.ServiceQueue : Queued lobby-f4a3a78a-23e5-49dc-858a-b4655e7b9a44-115 [memory: 64MB, platform: PAPER/1.21]
2026-08-25 22:55:49.947  INFO 23832--- [pool-9-thread-1] de.polocloud.node.services.queue.ServiceQueue : Queued lobby-f4a3a78a-23e5-49dc-858a-b4655e7b9a44-116 [memory: 64MB, platform: PAPER/1.21]
2026-08-25 22:55:49.948  INFO 23832--- [pool-9-thread-2] de.polocloud.node.services.queue.ServiceQueue : Queued lobby-f4a3a78a-23e5-49dc-858a-b4655e7b9a44-116 [memory: 64MB, platform: PAPER/1.21]
2026-08-25 22:55:49.948  INFO 23832--- [pool-9-thread-1] de.polocloud.node.services.queue.ServiceQueue : Queued lobby-f4a3a78a-23e5-49dc-858a-b4655e7b9a44-117 [memory: 64MB, platform: PAPER/1.21]
2026-08-25 22:55:49.948  INFO 23832--- [pool-9-thread-2] de.polocloud.node.services.queue.ServiceQueue : Queued lobby-f4a3a78a-23e5-49dc-858a-b4655e7b9a44-117 [memory: 64MB, platform: PAPER/1.21]
2026-08-25 22:55:49.948  INFO 23832--- [pool-9-thread-1] de.polocloud.node.services.queue.ServiceQueue : Queued lobby-f4a3a78a-23e5-49dc-858a-b4655e7b9a44-118 [memory: 64MB, platform: PAPER/1.21]
2026-08-25 22:55:49.948  INFO 23832--- [pool-9-thread-2] de.polocloud.node.services.queue.ServiceQueue : Queued lobby-f4a3a78a-23e5-49dc-858a-b4655e7b9a44-118 [memory: 64MB, platform: PAPER/1.21]
2026-08-25 22:55:49.948  INFO 23832--- [pool-9-thread-1] de.polocloud.node.services.queue.ServiceQueue : Queued lobby-f4a3a78a-23e5-49dc-858a-b4655e7b9a44-119 [memory: 64MB, platform: PAPER/1.21]
2026-08-25 22:55:49.948  INFO 23832--- [pool-9-thread-2] de.polocloud.node.services.queue.ServiceQueue : Queued lobby-f4a3a78a-23e5-49dc-858a-b4655e7b9a44-119 [memory: 64MB, platform: PAPER/1.21]
2026-08-25 22:55:49.948  INFO 23832--- [pool-9-thread-1] de.polocloud.node.services.queue.ServiceQueue : Queued lobby-f4a3a78a-23e5-49dc-858a-b4655e7b9a44-120 [memory: 64MB, platform: PAPER/1.21]
2026-08-25 22:55:49.949  INFO 23832--- [pool-9-thread-2] de.polocloud.node.services.queue.ServiceQueue : Queued lobby-f4a3a78a-23e5-49dc-858a-b4655e7b9a44-120 [memory: 64MB, platform: PAPER/1.21]
2026-08-25 22:55:49.949  INFO 23832--- [pool-9-thread-1] de.polocloud.node.services.queue.ServiceQueue : Queued lobby-f4a3a78a-23e5-49dc-858a-b4655e7b9a44-121 [memory: 64MB, platform: PAPER/1.21]
2026-08-25 22:55:49.949  INFO 23832--- [pool-9-thread-2] de.polocloud.node.services.queue.ServiceQueue : Queued lobby-f4a3a78a-23e5-49dc-858a-b4655e7b9a44-121 [memory: 64MB, platform: PAPER/1.21]
2026-08-25 22:55:49.949  INFO 23832--- [pool-9-thread-1] de.polocloud.node.services.queue.ServiceQueue : Queued lobby-f4a3a78a-23e5-49dc-858a-b4655e7b9a44-122 [memory: 64MB, platform: PAPER/1.21]
2026-08-25 22:55:49.949  INFO 23832--- [pool-9-thread-2] de.polocloud.node.services.queue.ServiceQueue : Queued lobby-f4a3a78a-23e5-49dc-858a-b4655e7b9a44-122 [memory: 64MB, platform: PAPER/1.21]
2026-08-25 22:55:49.949  INFO 23832--- [pool-9-thread-1] de.polocloud.node.services.queue.ServiceQueue : Queued lobby-f4a3a78a-23e5-49dc-858a-b4655e7b9a44-123 [memory: 64MB, platform: PAPER/1.21]
2026-08-25 22:55:49.949  INFO 23832--- [pool-9-thread-2] de.polocloud.node.services.queue.ServiceQueue : Queued lobby-f4a3a78a-23e5-49dc-858a-b4655e7b9a44-123 [memory: 64MB, platform: PAPER/1.21]
2026-08-25 22:55:49.949  INFO 23832--- [pool-9-thread-1] de.polocloud.node.services.queue.ServiceQueue : Queued lobby-f4a3a78a-23e5-49dc-858a-b4655e7b9a44-124 [memory: 64MB, platform: PAPER/1.21]
2026-08-25 22:55:49.949  INFO 23832--- [pool-9-thread-2] de.polocloud.node.services.queue.ServiceQueue : Queued lobby-f4a3a78a-23e5-49dc-858a-b4655e7b9a44-124 [memory: 64MB, platform: PAPER/1.21]
2026-08-25 22:55:49.949  INFO 23832--- [pool-9-thread-1] de.polocloud.node.services.queue.ServiceQueue : Queued lobby-f4a3a78a-23e5-49dc-858a-b4655e7b9a44-125 [memory: 64MB, platform: PAPER/1.21]
2026-08-25 22:55:49.950  INFO 23832--- [pool-9-thread-2] de.polocloud.node.services.queue.ServiceQueue : Queued lobby-f4a3a78a-23e5-49dc-858a-b4655e7b9a44-125 [memory: 64MB, platform: PAPER/1.21]
2026-08-25 22:55:49.950  INFO 23832--- [pool-9-thread-1] de.polocloud.node.services.queue.ServiceQueue : Queued lobby-f4a3a78a-23e5-49dc-858a-b4655e7b9a44-126 [memory: 64MB, platform: PAPER/1.21]
2026-08-25 22:55:49.950  INFO 23832--- [pool-9-thread-2] de.polocloud.node.services.queue.ServiceQueue : Queued lobby-f4a3a78a-23e5-49dc-858a-b4655e7b9a44-126 [memory: 64MB, platform: PAPER/1.21]
2026-08-25 22:55:49.950  INFO 23832--- [pool-9-thread-1] de.polocloud.node.services.queue.ServiceQueue : Queued lobby-f4a3a78a-23e5-49dc-858a-b4655e7b9a44-127 [memory: 64MB, platform: PAPER/1.21]
2026-08-25 22:55:49.950  INFO 23832--- [pool-9-thread-2] de.polocloud.node.services.queue.ServiceQueue : Queued lobby-f4a3a78a-23e5-49dc-858a-b4655e7b9a44-127 [memory: 64MB, platform: PAPER/1.21]
2026-08-25 22:55:49.951  INFO 23832--- [pool-9-thread-1] de.polocloud.node.services.queue.ServiceQueue : Queued lobby-f4a3a78a-23e5-49dc-858a-b4655e7b9a44-128 [memory: 64MB, platform: PAPER/1.21]
2026-08-25 22:55:49.951  INFO 23832--- [pool-9-thread-2] de.polocloud.node.services.queue.ServiceQueue : Queued lobby-f4a3a78a-23e5-49dc-858a-b4655e7b9a44-128 [memory: 64MB, platform: PAPER/1.21]
2026-08-25 22:55:49.951  INFO 23832--- [pool-9-thread-1] de.polocloud.node.services.queue.ServiceQueue : Queued lobby-f4a3a78a-23e5-49dc-858a-b4655e7b9a44-129 [memory: 64MB, platform: PAPER/1.21]
2026-08-25 22:55:49.951  INFO 23832--- [pool-9-thread-2] de.polocloud.node.services.queue.ServiceQueue : Queued lobby-f4a3a78a-23e5-49dc-858a-b4655e7b9a44-129 [memory: 64MB, platform: PAPER/1.21]
2026-08-25 22:55:49.951  INFO 23832--- [pool-9-thread-1] de.polocloud.node.services.queue.ServiceQueue : Queued lobby-f4a3a78a-23e5-49dc-858a-b4655e7b9a44-130 [memory: 64MB, platform: PAPER/1.21]
2026-08-25 22:55:49.951  INFO 23832--- [pool-9-thread-2] de.polocloud.node.services.queue.ServiceQueue : Queued lobby-f4a3a78a-23e5-49dc-858a-b4655e7b9a44-130 [memory: 64MB, platform: PAPER/1.21]
2026-08-25 22:55:49.951  INFO 23832--- [pool-9-thread-1] de.polocloud.node.services.queue.ServiceQueue : Queued lobby-f4a3a78a-23e5-49dc-858a-b4655e7b9a44-131 [memory: 64MB, platform: PAPER/1.21]
2026-08-25 22:55:49.951  INFO 23832--- [pool-9-thread-2] de.polocloud.node.services.queue.ServiceQueue : Queued lobby-f4a3a78a-23e5-49dc-858a-b4655e7b9a44-131 [memory: 64MB, platform: PAPER/1.21]
2026-08-25 22:55:49.951  INFO 23832--- [pool-9-thread-1] de.polocloud.node.services.queue.ServiceQueue : Queued lobby-f4a3a78a-23e5-49dc-858a-b4655e7b9a44-132 [memory: 64MB, platform: PAPER/1.21]
2026-08-25 22:55:49.952  INFO 23832--- [pool-9-thread-2] de.polocloud.node.services.queue.ServiceQueue : Queued lobby-f4a3a78a-23e5-49dc-858a-b4655e7b9a44-132 [memory: 64MB, platform: PAPER/1.21]
2026-08-25 22:55:49.952  INFO 23832--- [pool-9-thread-1] de.polocloud.node.services.queue.ServiceQueue : Queued lobby-f4a3a78a-23e5-49dc-858a-b4655e7b9a44-133 [memory: 64MB, platform: PAPER/1.21]
2026-08-25 22:55:49.952  INFO 23832--- [pool-9-thread-2] de.polocloud.node.services.queue.ServiceQueue : Queued lobby-f4a3a78a-23e5-49dc-858a-b4655e7b9a44-133 [memory: 64MB, platform: PAPER/1.21]
2026-08-25 22:55:49.952  INFO 23832--- [pool-9-thread-1] de.polocloud.node.services.queue.ServiceQueue : Queued lobby-f4a3a78a-23e5-49dc-858a-b4655e7b9a44-134 [memory: 64MB, platform: PAPER/1.21]
2026-08-25 22:55:49.952  INFO 23832--- [pool-9-thread-2] de.polocloud.node.services.queue.ServiceQueue : Queued lobby-f4a3a78a-23e5-49dc-858a-b4655e7b9a44-134 [memory: 64MB, platform: PAPER/1.21]
2026-08-25 22:55:49.952  INFO 23832--- [pool-9-thread-1] de.polocloud.node.services.queue.ServiceQueue : Queued lobby-f4a3a78a-23e5-49dc-858a-b4655e7b9a44-135 [memory: 64MB, platform: PAPER/1.21]
2026-08-25 22:55:49.952  INFO 23832--- [pool-9-thread-2] de.polocloud.node.services.queue.ServiceQueue : Queued lobby-f4a3a78a-23e5-49dc-858a-b4655e7b9a44-135 [memory: 64MB, platform: PAPER/1.21]
2026-08-25 22:55:49.952  INFO 23832--- [pool-9-thread-1] de.polocloud.node.services.queue.ServiceQueue : Queued lobby-f4a3a78a-23e5-49dc-858a-b4655e7b9a44-136 [memory: 64MB, platform: PAPER/1.21]
2026-08-25 22:55:49.953  INFO 23832--- [pool-9-thread-2] de.polocloud.node.services.queue.ServiceQueue : Queued lobby-f4a3a78a-23e5-49dc-858a-b4655e7b9a44-136 [memory: 64MB, platform: PAPER/1.21]
2026-08-25 22:55:49.953  INFO 23832--- [pool-9-thread-1] de.polocloud.node.services.queue.ServiceQueue : Queued lobby-f4a3a78a-23e5-49dc-858a-b4655e7b9a44-137 [memory: 64MB, platform: PAPER/1.21]
2026-08-25 22:55:49.953  INFO 23832--- [pool-9-thread-2] de.polocloud.node.services.queue.ServiceQueue : Queued lobby-f4a3a78a-23e5-49dc-858a-b4655e7b9a44-137 [memory: 64MB, platform: PAPER/1.21]
2026-08-25 22:55:49.953  INFO 23832--- [pool-9-thread-1] de.polocloud.node.services.queue.ServiceQueue : Queued lobby-f4a3a78a-23e5-49dc-858a-b4655e7b9a44-138 [memory: 64MB, platform: PAPER/1.21]
2026-08-25 22:55:49.953  INFO 23832--- [pool-9-thread-2] de.polocloud.node.services.queue.ServiceQueue : Queued lobby-f4a3a78a-23e5-49dc-858a-b4655e7b9a44-138 [memory: 64MB, platform: PAPER/1.21]
2026-08-25 22:55:49.953  INFO 23832--- [pool-9-thread-1] de.polocloud.node.services.queue.ServiceQueue : Queued lobby-f4a3a78a-23e5-49dc-858a-b4655e7b9a44-139 [memory: 64MB, platform: PAPER/1.21]
2026-08-25 22:55:49.953  INFO 23832--- [pool-9-thread-2] de.polocloud.node.services.queue.ServiceQueue : Queued lobby-f4a3a78a-23e5-49dc-858a-b4655e7b9a44-139 [memory: 64MB, platform: PAPER/1.21]
2026-08-25 22:55:49.953  INFO 23832--- [pool-9-thread-1] de.polocloud.node.services.queue.ServiceQueue : Queued lobby-f4a3a78a-23e5-49dc-858a-b4655e7b9a44-140 [memory: 64MB, platform: PAPER/1.21]
2026-08-25 22:55:49.954  INFO 23832--- [pool-9-thread-2] de.polocloud.node.services.queue.ServiceQueue : Queued lobby-f4a3a78a-23e5-49dc-858a-b4655e7b9a44-140 [memory: 64MB, platform: PAPER/1.21]
2026-08-25 22:55:49.954  INFO 23832--- [pool-9-thread-1] de.polocloud.node.services.queue.ServiceQueue : Queued lobby-f4a3a78a-23e5-49dc-858a-b4655e7b9a44-141 [memory: 64MB, platform: PAPER/1.21]
2026-08-25 22:55:49.954  INFO 23832--- [pool-9-thread-2] de.polocloud.node.services.queue.ServiceQueue : Queued lobby-f4a3a78a-23e5-49dc-858a-b4655e7b9a44-141 [memory: 64MB, platform: PAPER/1.21]
2026-08-25 22:55:49.954  INFO 23832--- [pool-9-thread-1] de.polocloud.node.services.queue.ServiceQueue : Queued lobby-f4a3a78a-23e5-49dc-858a-b4655e7b9a44-142 [memory: 64MB, platform: PAPER/1.21]
2026-08-25 22:55:49.954  INFO 23832--- [pool-9-thread-2] de.polocloud.node.services.queue.ServiceQueue : Queued lobby-f4a3a78a-23e5-49dc-858a-b4655e7b9a44-142 [memory: 64MB, platform: PAPER/1.21]
2026-08-25 22:55:49.954  INFO 23832--- [pool-9-thread-1] de.polocloud.node.services.queue.ServiceQueue : Queued lobby-f4a3a78a-23e5-49dc-858a-b4655e7b9a44-143 [memory: 64MB, platform: PAPER/1.21]
2026-08-25 22:55:49.954  INFO 23832--- [pool-9-thread-2] de.polocloud.node.services.queue.ServiceQueue : Queued lobby-f4a3a78a-23e5-49dc-858a-b4655e7b9a44-143 [memory: 64MB, platform: PAPER/1.21]
2026-08-25 22:55:49.954  INFO 23832--- [pool-9-thread-1] de.polocloud.node.services.queue.ServiceQueue : Queued lobby-f4a3a78a-23e5-49dc-858a-b4655e7b9a44-144 [memory: 64MB, platform: PAPER/1.21]
2026-08-25 22:55:49.954  INFO 23832--- [pool-9-thread-2] de.polocloud.node.services.queue.ServiceQueue : Queued lobby-f4a3a78a-23e5-49dc-858a-b4655e7b9a44-144 [memory: 64MB, platform: PAPER/1.21]
2026-08-25 22:55:49.954  INFO 23832--- [pool-9-thread-1] de.polocloud.node.services.queue.ServiceQueue : Queued lobby-f4a3a78a-23e5-49dc-858a-b4655e7b9a44-145 [memory: 64MB, platform: PAPER/1.21]
2026-08-25 22:55:49.954  INFO 23832--- [pool-9-thread-2] de.polocloud.node.services.queue.ServiceQueue : Queued lobby-f4a3a78a-23e5-49dc-858a-b4655e7b9a44-145 [memory: 64MB, platform: PAPER/1.21]
2026-08-25 22:55:49.954  INFO 23832--- [pool-9-thread-1] de.polocloud.node.services.queue.ServiceQueue : Queued lobby-f4a3a78a-23e5-49dc-858a-b4655e7b9a44-146 [memory: 64MB, platform: PAPER/1.21]
2026-08-25 22:55:49.954  INFO 23832--- [pool-9-thread-2] de.polocloud.node.services.queue.ServiceQueue : Queued lobby-f4a3a78a-23e5-49dc-858a-b4655e7b9a44-146 [memory: 64MB, platform: PAPER/1.21]
2026-08-25 22:55:49.955  INFO 23832--- [pool-9-thread-1] de.polocloud.node.services.queue.ServiceQueue : Queued lobby-f4a3a78a-23e5-49dc-858a-b4655e7b9a44-147 [memory: 64MB, platform: PAPER/1.21]
2026-08-25 22:55:49.955  INFO 23832--- [pool-9-thread-2] de.polocloud.node.services.queue.ServiceQueue : Queued lobby-f4a3a78a-23e5-49dc-858a-b4655e7b9a44-147 [memory: 64MB, platform: PAPER/1.21]
2026-08-25 22:55:49.955  INFO 23832--- [pool-9-thread-1] de.polocloud.node.services.queue.ServiceQueue : Queued lobby-f4a3a78a-23e5-49dc-858a-b4655e7b9a44-148 [memory: 64MB, platform: PAPER/1.21]
2026-08-25 22:55:49.955  INFO 23832--- [pool-9-thread-2] de.polocloud.node.services.queue.ServiceQueue : Queued lobby-f4a3a78a-23e5-49dc-858a-b4655e7b9a44-148 [memory: 64MB, platform: PAPER/1.21]
2026-08-25 22:55:49.955  INFO 23832--- [pool-9-thread-1] de.polocloud.node.services.queue.ServiceQueue : Queued lobby-f4a3a78a-23e5-49dc-858a-b4655e7b9a44-149 [memory: 64MB, platform: PAPER/1.21]
2026-08-25 22:55:49.955  INFO 23832--- [pool-9-thread-2] de.polocloud.node.services.queue.ServiceQueue : Queued lobby-f4a3a78a-23e5-49dc-858a-b4655e7b9a44-149 [memory: 64MB, platform: PAPER/1.21]
2026-08-25 22:55:49.955  INFO 23832--- [pool-9-thread-1] de.polocloud.node.services.queue.ServiceQueue : Queued lobby-f4a3a78a-23e5-49dc-858a-b4655e7b9a44-150 [memory: 64MB, platform: PAPER/1.21]
2026-08-25 22:55:49.956  INFO 23832--- [pool-9-thread-2] de.polocloud.node.services.queue.ServiceQueue : Queued lobby-f4a3a78a-23e5-49dc-858a-b4655e7b9a44-150 [memory: 64MB, platform: PAPER/1.21]
2026-08-25 22:55:49.956  INFO 23832--- [pool-9-thread-1] de.polocloud.node.services.queue.ServiceQueue : Queued lobby-f4a3a78a-23e5-49dc-858a-b4655e7b9a44-151 [memory: 64MB, platform: PAPER/1.21]
2026-08-25 22:55:49.956  INFO 23832--- [pool-9-thread-2] de.polocloud.node.services.queue.ServiceQueue : Queued lobby-f4a3a78a-23e5-49dc-858a-b4655e7b9a44-151 [memory: 64MB, platform: PAPER/1.21]
2026-08-25 22:55:49.956  INFO 23832--- [pool-9-thread-1] de.polocloud.node.services.queue.ServiceQueue : Queued lobby-f4a3a78a-23e5-49dc-858a-b4655e7b9a44-152 [memory: 64MB, platform: PAPER/1.21]
2026-08-25 22:55:49.956  INFO 23832--- [pool-9-thread-2] de.polocloud.node.services.queue.ServiceQueue : Queued lobby-f4a3a78a-23e5-49dc-858a-b4655e7b9a44-152 [memory: 64MB, platform: PAPER/1.21]
2026-08-25 22:55:49.956  INFO 23832--- [pool-9-thread-1] de.polocloud.node.services.queue.ServiceQueue : Queued lobby-f4a3a78a-23e5-49dc-858a-b4655e7b9a44-153 [memory: 64MB, platform: PAPER/1.21]
2026-08-25 22:55:49.956  INFO 23832--- [pool-9-thread-2] de.polocloud.node.services.queue.ServiceQueue : Queued lobby-f4a3a78a-23e5-49dc-858a-b4655e7b9a44-153 [memory: 64MB, platform: PAPER/1.21]
2026-08-25 22:55:49.956  INFO 23832--- [pool-9-thread-1] de.polocloud.node.services.queue.ServiceQueue : Queued lobby-f4a3a78a-23e5-49dc-858a-b4655e7b9a44-154 [memory: 64MB, platform: PAPER/1.21]
2026-08-25 22:55:49.957  INFO 23832--- [pool-9-thread-2] de.polocloud.node.services.queue.ServiceQueue : Queued lobby-f4a3a78a-23e5-49dc-858a-b4655e7b9a44-154 [memory: 64MB, platform: PAPER/1.21]
2026-08-25 22:55:49.957  INFO 23832--- [pool-9-thread-1] de.polocloud.node.services.queue.ServiceQueue : Queued lobby-f4a3a78a-23e5-49dc-858a-b4655e7b9a44-155 [memory: 64MB, platform: PAPER/1.21]
2026-08-25 22:55:49.957  INFO 23832--- [pool-9-thread-2] de.polocloud.node.services.queue.ServiceQueue : Queued lobby-f4a3a78a-23e5-49dc-858a-b4655e7b9a44-155 [memory: 64MB, platform: PAPER/1.21]
2026-08-25 22:55:49.957  INFO 23832--- [pool-9-thread-1] de.polocloud.node.services.queue.ServiceQueue : Queued lobby-f4a3a78a-23e5-49dc-858a-b4655e7b9a44-156 [memory: 64MB, platform: PAPER/1.21]
2026-08-25 22:55:49.957  INFO 23832--- [pool-9-thread-2] de.polocloud.node.services.queue.ServiceQueue : Queued lobby-f4a3a78a-23e5-49dc-858a-b4655e7b9a44-156 [memory: 64MB, platform: PAPER/1.21]
2026-08-25 22:55:49.957  INFO 23832--- [pool-9-thread-1] de.polocloud.node.services.queue.ServiceQueue : Queued lobby-f4a3a78a-23e5-49dc-858a-b4655e7b9a44-157 [memory: 64MB, platform: PAPER/1.21]
2026-08-25 22:55:49.957  INFO 23832--- [pool-9-thread-2] de.polocloud.node.services.queue.ServiceQueue : Queued lobby-f4a3a78a-23e5-49dc-858a-b4655e7b9a44-157 [memory: 64MB, platform: PAPER/1.21]
2026-08-25 22:55:49.958  INFO 23832--- [pool-9-thread-1] de.polocloud.node.services.queue.ServiceQueue : Queued lobby-f4a3a78a-23e5-49dc-858a-b4655e7b9a44-158 [memory: 64MB, platform: PAPER/1.21]
2026-08-25 22:55:49.958  INFO 23832--- [pool-9-thread-2] de.polocloud.node.services.queue.ServiceQueue : Queued lobby-f4a3a78a-23e5-49dc-858a-b4655e7b9a44-158 [memory: 64MB, platform: PAPER/1.21]
2026-08-25 22:55:49.958  INFO 23832--- [pool-9-thread-1] de.polocloud.node.services.queue.ServiceQueue : Queued lobby-f4a3a78a-23e5-49dc-858a-b4655e7b9a44-159 [memory: 64MB, platform: PAPER/1.21]
2026-08-25 22:55:49.958  INFO 23832--- [pool-9-thread-2] de.polocloud.node.services.queue.ServiceQueue : Queued lobby-f4a3a78a-23e5-49dc-858a-b4655e7b9a44-159 [memory: 64MB, platform: PAPER/1.21]
2026-08-25 22:55:49.958  INFO 23832--- [pool-9-thread-1] de.polocloud.node.services.queue.ServiceQueue : Queued lobby-f4a3a78a-23e5-49dc-858a-b4655e7b9a44-160 [memory: 64MB, platform: PAPER/1.21]
2026-08-25 22:55:49.958  INFO 23832--- [pool-9-thread-2] de.polocloud.node.services.queue.ServiceQueue : Queued lobby-f4a3a78a-23e5-49dc-858a-b4655e7b9a44-160 [memory: 64MB, platform: PAPER/1.21]
2026-08-25 22:55:49.958  INFO 23832--- [pool-9-thread-1] de.polocloud.node.services.queue.ServiceQueue : Queued lobby-f4a3a78a-23e5-49dc-858a-b4655e7b9a44-161 [memory: 64MB, platform: PAPER/1.21]
2026-08-25 22:55:49.958  INFO 23832--- [pool-9-thread-2] de.polocloud.node.services.queue.ServiceQueue : Queued lobby-f4a3a78a-23e5-49dc-858a-b4655e7b9a44-161 [memory: 64MB, platform: PAPER/1.21]
2026-08-25 22:55:49.958  INFO 23832--- [pool-9-thread-1] de.polocloud.node.services.queue.ServiceQueue : Queued lobby-f4a3a78a-23e5-49dc-858a-b4655e7b9a44-162 [memory: 64MB, platform: PAPER/1.21]
2026-08-25 22:55:49.959  INFO 23832--- [pool-9-thread-2] de.polocloud.node.services.queue.ServiceQueue : Queued lobby-f4a3a78a-23e5-49dc-858a-b4655e7b9a44-162 [memory: 64MB, platform: PAPER/1.21]
2026-08-25 22:55:49.959  INFO 23832--- [pool-9-thread-1] de.polocloud.node.services.queue.ServiceQueue : Queued lobby-f4a3a78a-23e5-49dc-858a-b4655e7b9a44-163 [memory: 64MB, platform: PAPER/1.21]
2026-08-25 22:55:49.959  INFO 23832--- [pool-9-thread-2] de.polocloud.node.services.queue.ServiceQueue : Queued lobby-f4a3a78a-23e5-49dc-858a-b4655e7b9a44-163 [memory: 64MB, platform: PAPER/1.21]
2026-08-25 22:55:49.959  INFO 23832--- [pool-9-thread-1] de.polocloud.node.services.queue.ServiceQueue : Queued lobby-f4a3a78a-23e5-49dc-858a-b4655e7b9a44-164 [memory: 64MB, platform: PAPER/1.21]
2026-08-25 22:55:49.959  INFO 23832--- [pool-9-thread-2] de.polocloud.node.services.queue.ServiceQueue : Queued lobby-f4a3a78a-23e5-49dc-858a-b4655e7b9a44-164 [memory: 64MB, platform: PAPER/1.21]
2026-08-25 22:55:49.959  INFO 23832--- [pool-9-thread-1] de.polocloud.node.services.queue.ServiceQueue : Queued lobby-f4a3a78a-23e5-49dc-858a-b4655e7b9a44-165 [memory: 64MB, platform: PAPER/1.21]
2026-08-25 22:55:49.959  INFO 23832--- [pool-9-thread-2] de.polocloud.node.services.queue.ServiceQueue : Queued lobby-f4a3a78a-23e5-49dc-858a-b4655e7b9a44-165 [memory: 64MB, platform: PAPER/1.21]
2026-08-25 22:55:49.959  INFO 23832--- [pool-9-thread-1] de.polocloud.node.services.queue.ServiceQueue : Queued lobby-f4a3a78a-23e5-49dc-858a-b4655e7b9a44-166 [memory: 64MB, platform: PAPER/1.21]
2026-08-25 22:55:49.959  INFO 23832--- [pool-9-thread-2] de.polocloud.node.services.queue.ServiceQueue : Queued lobby-f4a3a78a-23e5-49dc-858a-b4655e7b9a44-166 [memory: 64MB, platform: PAPER/1.21]
2026-08-25 22:55:49.960  INFO 23832--- [pool-9-thread-1] de.polocloud.node.services.queue.ServiceQueue : Queued lobby-f4a3a78a-23e5-49dc-858a-b4655e7b9a44-167 [memory: 64MB, platform: PAPER/1.21]
2026-08-25 22:55:49.960  INFO 23832--- [pool-9-thread-2] de.polocloud.node.services.queue.ServiceQueue : Queued lobby-f4a3a78a-23e5-49dc-858a-b4655e7b9a44-167 [memory: 64MB, platform: PAPER/1.21]
2026-08-25 22:55:49.960  INFO 23832--- [pool-9-thread-1] de.polocloud.node.services.queue.ServiceQueue : Queued lobby-f4a3a78a-23e5-49dc-858a-b4655e7b9a44-168 [memory: 64MB, platform: PAPER/1.21]
2026-08-25 22:55:49.960  INFO 23832--- [pool-9-thread-2] de.polocloud.node.services.queue.ServiceQueue : Queued lobby-f4a3a78a-23e5-49dc-858a-b4655e7b9a44-168 [memory: 64MB, platform: PAPER/1.21]
2026-08-25 22:55:49.961  INFO 23832--- [pool-9-thread-1] de.polocloud.node.services.queue.ServiceQueue : Queued lobby-f4a3a78a-23e5-49dc-858a-b4655e7b9a44-169 [memory: 64MB, platform: PAPER/1.21]
2026-08-25 22:55:49.963  INFO 23832--- [pool-9-thread-2] de.polocloud.node.services.queue.ServiceQueue : Queued lobby-f4a3a78a-23e5-49dc-858a-b4655e7b9a44-169 [memory: 64MB, platform: PAPER/1.21]
2026-08-25 22:55:49.963  INFO 23832--- [pool-9-thread-1] de.polocloud.node.services.queue.ServiceQueue : Queued lobby-f4a3a78a-23e5-49dc-858a-b4655e7b9a44-170 [memory: 64MB, platform: PAPER/1.21]
2026-08-25 22:55:49.963  INFO 23832--- [pool-9-thread-2] de.polocloud.node.services.queue.ServiceQueue : Queued lobby-f4a3a78a-23e5-49dc-858a-b4655e7b9a44-170 [memory: 64MB, platform: PAPER/1.21]
2026-08-25 22:55:49.963  INFO 23832--- [pool-9-thread-1] de.polocloud.node.services.queue.ServiceQueue : Queued lobby-f4a3a78a-23e5-49dc-858a-b4655e7b9a44-171 [memory: 64MB, platform: PAPER/1.21]
2026-08-25 22:55:49.963  INFO 23832--- [pool-9-thread-2] de.polocloud.node.services.queue.ServiceQueue : Queued lobby-f4a3a78a-23e5-49dc-858a-b4655e7b9a44-171 [memory: 64MB, platform: PAPER/1.21]
2026-08-25 22:55:49.964  INFO 23832--- [pool-9-thread-1] de.polocloud.node.services.queue.ServiceQueue : Queued lobby-f4a3a78a-23e5-49dc-858a-b4655e7b9a44-172 [memory: 64MB, platform: PAPER/1.21]
2026-08-25 22:55:49.964  INFO 23832--- [pool-9-thread-2] de.polocloud.node.services.queue.ServiceQueue : Queued lobby-f4a3a78a-23e5-49dc-858a-b4655e7b9a44-172 [memory: 64MB, platform: PAPER/1.21]
2026-08-25 22:55:49.964  INFO 23832--- [pool-9-thread-1] de.polocloud.node.services.queue.ServiceQueue : Queued lobby-f4a3a78a-23e5-49dc-858a-b4655e7b9a44-173 [memory: 64MB, platform: PAPER/1.21]
2026-08-25 22:55:49.964  INFO 23832--- [pool-9-thread-2] de.polocloud.node.services.queue.ServiceQueue : Queued lobby-f4a3a78a-23e5-49dc-858a-b4655e7b9a44-173 [memory: 64MB, platform: PAPER/1.21]
2026-08-25 22:55:49.964  INFO 23832--- [pool-9-thread-1] de.polocloud.node.services.queue.ServiceQueue : Queued lobby-f4a3a78a-23e5-49dc-858a-b4655e7b9a44-174 [memory: 64MB, platform: PAPER/1.21]
2026-08-25 22:55:49.964  INFO 23832--- [pool-9-thread-2] de.polocloud.node.services.queue.ServiceQueue : Queued lobby-f4a3a78a-23e5-49dc-858a-b4655e7b9a44-174 [memory: 64MB, platform: PAPER/1.21]
2026-08-25 22:55:49.964  INFO 23832--- [pool-9-thread-1] de.polocloud.node.services.queue.ServiceQueue : Queued lobby-f4a3a78a-23e5-49dc-858a-b4655e7b9a44-175 [memory: 64MB, platform: PAPER/1.21]
2026-08-25 22:55:49.965  INFO 23832--- [pool-9-thread-2] de.polocloud.node.services.queue.ServiceQueue : Queued lobby-f4a3a78a-23e5-49dc-858a-b4655e7b9a44-175 [memory: 64MB, platform: PAPER/1.21]
2026-08-25 22:55:49.965  INFO 23832--- [pool-9-thread-1] de.polocloud.node.services.queue.ServiceQueue : Queued lobby-f4a3a78a-23e5-49dc-858a-b4655e7b9a44-176 [memory: 64MB, platform: PAPER/1.21]
2026-08-25 22:55:49.965  INFO 23832--- [pool-9-thread-2] de.polocloud.node.services.queue.ServiceQueue : Queued lobby-f4a3a78a-23e5-49dc-858a-b4655e7b9a44-176 [memory: 64MB, platform: PAPER/1.21]
2026-08-25 22:55:49.965  INFO 23832--- [pool-9-thread-1] de.polocloud.node.services.queue.ServiceQueue : Queued lobby-f4a3a78a-23e5-49dc-858a-b4655e7b9a44-177 [memory: 64MB, platform: PAPER/1.21]
2026-08-25 22:55:49.965  INFO 23832--- [pool-9-thread-2] de.polocloud.node.services.queue.ServiceQueue : Queued lobby-f4a3a78a-23e5-49dc-858a-b4655e7b9a44-177 [memory: 64MB, platform: PAPER/1.21]
2026-08-25 22:55:49.965  INFO 23832--- [pool-9-thread-1] de.polocloud.node.services.queue.ServiceQueue : Queued lobby-f4a3a78a-23e5-49dc-858a-b4655e7b9a44-178 [memory: 64MB, platform: PAPER/1.21]
2026-08-25 22:55:49.965  INFO 23832--- [pool-9-thread-2] de.polocloud.node.services.queue.ServiceQueue : Queued lobby-f4a3a78a-23e5-49dc-858a-b4655e7b9a44-178 [memory: 64MB, platform: PAPER/1.21]
2026-08-25 22:55:49.965  INFO 23832--- [pool-9-thread-1] de.polocloud.node.services.queue.ServiceQueue : Queued lobby-f4a3a78a-23e5-49dc-858a-b4655e7b9a44-179 [memory: 64MB, platform: PAPER/1.21]
2026-08-25 22:55:49.966  INFO 23832--- [pool-9-thread-2] de.polocloud.node.services.queue.ServiceQueue : Queued lobby-f4a3a78a-23e5-49dc-858a-b4655e7b9a44-179 [memory: 64MB, platform: PAPER/1.21]
2026-08-25 22:55:49.966  INFO 23832--- [pool-9-thread-1] de.polocloud.node.services.queue.ServiceQueue : Queued lobby-f4a3a78a-23e5-49dc-858a-b4655e7b9a44-180 [memory: 64MB, platform: PAPER/1.21]
2026-08-25 22:55:49.966  INFO 23832--- [pool-9-thread-2] de.polocloud.node.services.queue.ServiceQueue : Queued lobby-f4a3a78a-23e5-49dc-858a-b4655e7b9a44-180 [memory: 64MB, platform: PAPER/1.21]
2026-08-25 22:55:49.966  INFO 23832--- [pool-9-thread-1] de.polocloud.node.services.queue.ServiceQueue : Queued lobby-f4a3a78a-23e5-49dc-858a-b4655e7b9a44-181 [memory: 64MB, platform: PAPER/1.21]
2026-08-25 22:55:49.966  INFO 23832--- [pool-9-thread-2] de.polocloud.node.services.queue.ServiceQueue : Queued lobby-f4a3a78a-23e5-49dc-858a-b4655e7b9a44-181 [memory: 64MB, platform: PAPER/1.21]
2026-08-25 22:55:49.966  INFO 23832--- [pool-9-thread-1] de.polocloud.node.services.queue.ServiceQueue : Queued lobby-f4a3a78a-23e5-49dc-858a-b4655e7b9a44-182 [memory: 64MB, platform: PAPER/1.21]
2026-08-25 22:55:49.966  INFO 23832--- [pool-9-thread-2] de.polocloud.node.services.queue.ServiceQueue : Queued lobby-f4a3a78a-23e5-49dc-858a-b4655e7b9a44-182 [memory: 64MB, platform: PAPER/1.21]
2026-08-25 22:55:49.967  INFO 23832--- [pool-9-thread-1] de.polocloud.node.services.queue.ServiceQueue : Queued lobby-f4a3a78a-23e5-49dc-858a-b4655e7b9a44-183 [memory: 64MB, platform: PAPER/1.21]
2026-08-25 22:55:49.967  INFO 23832--- [pool-9-thread-2] de.polocloud.node.services.queue.ServiceQueue : Queued lobby-f4a3a78a-23e5-49dc-858a-b4655e7b9a44-183 [memory: 64MB, platform: PAPER/1.21]
2026-08-25 22:55:49.967  INFO 23832--- [pool-9-thread-1] de.polocloud.node.services.queue.ServiceQueue : Queued lobby-f4a3a78a-23e5-49dc-858a-b4655e7b9a44-184 [memory: 64MB, platform: PAPER/1.21]
2026-08-25 22:55:49.967  INFO 23832--- [pool-9-thread-2] de.polocloud.node.services.queue.ServiceQueue : Queued lobby-f4a3a78a-23e5-49dc-858a-b4655e7b9a44-184 [memory: 64MB, platform: PAPER/1.21]
2026-08-25 22:55:49.967  INFO 23832--- [pool-9-thread-1] de.polocloud.node.services.queue.ServiceQueue : Queued lobby-f4a3a78a-23e5-49dc-858a-b4655e7b9a44-185 [memory: 64MB, platform: PAPER/1.21]
2026-08-25 22:55:49.967  INFO 23832--- [pool-9-thread-2] de.polocloud.node.services.queue.ServiceQueue : Queued lobby-f4a3a78a-23e5-49dc-858a-b4655e7b9a44-185 [memory: 64MB, platform: PAPER/1.21]
2026-08-25 22:55:49.967  INFO 23832--- [pool-9-thread-1] de.polocloud.node.services.queue.ServiceQueue : Queued lobby-f4a3a78a-23e5-49dc-858a-b4655e7b9a44-186 [memory: 64MB, platform: PAPER/1.21]
2026-08-25 22:55:49.967  INFO 23832--- [pool-9-thread-2] de.polocloud.node.services.queue.ServiceQueue : Queued lobby-f4a3a78a-23e5-49dc-858a-b4655e7b9a44-186 [memory: 64MB, platform: PAPER/1.21]
2026-08-25 22:55:49.967  INFO 23832--- [pool-9-thread-1] de.polocloud.node.services.queue.ServiceQueue : Queued lobby-f4a3a78a-23e5-49dc-858a-b4655e7b9a44-187 [memory: 64MB, platform: PAPER/1.21]
2026-08-25 22:55:49.968  INFO 23832--- [pool-9-thread-2] de.polocloud.node.services.queue.ServiceQueue : Queued lobby-f4a3a78a-23e5-49dc-858a-b4655e7b9a44-187 [memory: 64MB, platform: PAPER/1.21]
2026-08-25 22:55:49.968  INFO 23832--- [pool-9-thread-1] de.polocloud.node.services.queue.ServiceQueue : Queued lobby-f4a3a78a-23e5-49dc-858a-b4655e7b9a44-188 [memory: 64MB, platform: PAPER/1.21]
2026-08-25 22:55:49.968  INFO 23832--- [pool-9-thread-2] de.polocloud.node.services.queue.ServiceQueue : Queued lobby-f4a3a78a-23e5-49dc-858a-b4655e7b9a44-188 [memory: 64MB, platform: PAPER/1.21]
2026-08-25 22:55:49.968  INFO 23832--- [pool-9-thread-1] de.polocloud.node.services.queue.ServiceQueue : Queued lobby-f4a3a78a-23e5-49dc-858a-b4655e7b9a44-189 [memory: 64MB, platform: PAPER/1.21]
2026-08-25 22:55:49.968  INFO 23832--- [pool-9-thread-2] de.polocloud.node.services.queue.ServiceQueue : Queued lobby-f4a3a78a-23e5-49dc-858a-b4655e7b9a44-189 [memory: 64MB, platform: PAPER/1.21]
2026-08-25 22:55:49.968  INFO 23832--- [pool-9-thread-1] de.polocloud.node.services.queue.ServiceQueue : Queued lobby-f4a3a78a-23e5-49dc-858a-b4655e7b9a44-190 [memory: 64MB, platform: PAPER/1.21]
2026-08-25 22:55:49.968  INFO 23832--- [pool-9-thread-2] de.polocloud.node.services.queue.ServiceQueue : Queued lobby-f4a3a78a-23e5-49dc-858a-b4655e7b9a44-190 [memory: 64MB, platform: PAPER/1.21]
2026-08-25 22:55:49.968  INFO 23832--- [pool-9-thread-1] de.polocloud.node.services.queue.ServiceQueue : Queued lobby-f4a3a78a-23e5-49dc-858a-b4655e7b9a44-191 [memory: 64MB, platform: PAPER/1.21]
2026-08-25 22:55:49.968  INFO 23832--- [pool-9-thread-2] de.polocloud.node.services.queue.ServiceQueue : Queued lobby-f4a3a78a-23e5-49dc-858a-b4655e7b9a44-191 [memory: 64MB, platform: PAPER/1.21]
2026-08-25 22:55:49.968  INFO 23832--- [pool-9-thread-1] de.polocloud.node.services.queue.ServiceQueue : Queued lobby-f4a3a78a-23e5-49dc-858a-b4655e7b9a44-192 [memory: 64MB, platform: PAPER/1.21]
2026-08-25 22:55:49.968  INFO 23832--- [pool-9-thread-2] de.polocloud.node.services.queue.ServiceQueue : Queued lobby-f4a3a78a-23e5-49dc-858a-b4655e7b9a44-192 [memory: 64MB, platform: PAPER/1.21]
2026-08-25 22:55:49.969  INFO 23832--- [pool-9-thread-1] de.polocloud.node.services.queue.ServiceQueue : Queued lobby-f4a3a78a-23e5-49dc-858a-b4655e7b9a44-193 [memory: 64MB, platform: PAPER/1.21]
2026-08-25 22:55:49.969  INFO 23832--- [pool-9-thread-2] de.polocloud.node.services.queue.ServiceQueue : Queued lobby-f4a3a78a-23e5-49dc-858a-b4655e7b9a44-193 [memory: 64MB, platform: PAPER/1.21]
2026-08-25 22:55:49.969  INFO 23832--- [pool-9-thread-1] de.polocloud.node.services.queue.ServiceQueue : Queued lobby-f4a3a78a-23e5-49dc-858a-b4655e7b9a44-194 [memory: 64MB, platform: PAPER/1.21]
2026-08-25 22:55:49.969  INFO 23832--- [pool-9-thread-2] de.polocloud.node.services.queue.ServiceQueue : Queued lobby-f4a3a78a-23e5-49dc-858a-b4655e7b9a44-194 [memory: 64MB, platform: PAPER/1.21]
2026-08-25 22:55:49.969  INFO 23832--- [pool-9-thread-1] de.polocloud.node.services.queue.ServiceQueue : Queued lobby-f4a3a78a-23e5-49dc-858a-b4655e7b9a44-195 [memory: 64MB, platform: PAPER/1.21]
2026-08-25 22:55:49.969  INFO 23832--- [pool-9-thread-2] de.polocloud.node.services.queue.ServiceQueue : Queued lobby-f4a3a78a-23e5-49dc-858a-b4655e7b9a44-195 [memory: 64MB, platform: PAPER/1.21]
2026-08-25 22:55:49.969  INFO 23832--- [pool-9-thread-1] de.polocloud.node.services.queue.ServiceQueue : Queued lobby-f4a3a78a-23e5-49dc-858a-b4655e7b9a44-196 [memory: 64MB, platform: PAPER/1.21]
2026-08-25 22:55:49.969  INFO 23832--- [pool-9-thread-2] de.polocloud.node.services.queue.ServiceQueue : Queued lobby-f4a3a78a-23e5-49dc-858a-b4655e7b9a44-196 [memory: 64MB, platform: PAPER/1.21]
2026-08-25 22:55:49.969  INFO 23832--- [pool-9-thread-1] de.polocloud.node.services.queue.ServiceQueue : Queued lobby-f4a3a78a-23e5-49dc-858a-b4655e7b9a44-197 [memory: 64MB, platform: PAPER/1.21]
2026-08-25 22:55:49.969  INFO 23832--- [pool-9-thread-2] de.polocloud.node.services.queue.ServiceQueue : Queued lobby-f4a3a78a-23e5-49dc-858a-b4655e7b9a44-197 [memory: 64MB, platform: PAPER/1.21]
2026-08-25 22:55:49.969  INFO 23832--- [pool-9-thread-1] de.polocloud.node.services.queue.ServiceQueue : Queued lobby-f4a3a78a-23e5-49dc-858a-b4655e7b9a44-198 [memory: 64MB, platform: PAPER/1.21]
2026-08-25 22:55:49.969  INFO 23832--- [pool-9-thread-2] de.polocloud.node.services.queue.ServiceQueue : Queued lobby-f4a3a78a-23e5-49dc-858a-b4655e7b9a44-198 [memory: 64MB, platform: PAPER/1.21]
2026-08-25 22:55:49.969  INFO 23832--- [pool-9-thread-1] de.polocloud.node.services.queue.ServiceQueue : Queued lobby-f4a3a78a-23e5-49dc-858a-b4655e7b9a44-199 [memory: 64MB, platform: PAPER/1.21]
2026-08-25 22:55:49.969  INFO 23832--- [pool-9-thread-2] de.polocloud.node.services.queue.ServiceQueue : Queued lobby-f4a3a78a-23e5-49dc-858a-b4655e7b9a44-199 [memory: 64MB, platform: PAPER/1.21]
2026-08-25 22:55:49.969  INFO 23832--- [pool-9-thread-1] de.polocloud.node.services.queue.ServiceQueue : Queued lobby-f4a3a78a-23e5-49dc-858a-b4655e7b9a44-200 [memory: 64MB, platform: PAPER/1.21]
2026-08-25 22:55:49.970  INFO 23832--- [pool-9-thread-2] de.polocloud.node.services.queue.ServiceQueue : Queued lobby-f4a3a78a-23e5-49dc-858a-b4655e7b9a44-200 [memory: 64MB, platform: PAPER/1.21]
2026-08-25 22:55:50.005  INFO 23832--- [    Test worker] de.polocloud.database.DatabaseConnectionFactory : Shutting down connection pool 'PoloCloudPool'...
2026-08-25 22:55:50.005  INFO 23832--- [    Test worker] de.polocloud.database.DatabaseConnectionFactory : Connection pool 'PoloCloudPool' closed successfully.
2026-08-25 22:55:50.005  INFO 23832--- [    Test worker] de.polocloud.database.DatabaseConnectionFactory : Database connection closed.
2026-08-25 22:55:50.018  WARN 23832--- [    Test worker] de.polocloud.i18n.loader.DefaultTranslationLoader : Language 'en' not supported by pack 'database'. Falling back to default 'en_US'.
2026-08-25 22:55:50.018  INFO 23832--- [    Test worker] de.polocloud.database.DatabaseConnectionFactory : Attempting to establish database connection...
2026-08-25 22:55:50.018  INFO 23832--- [    Test worker] de.polocloud.database.DatabaseConnectionFactory : Initializing connection pool 'PoloCloudPool'...
2026-08-25 22:55:50.022  INFO 23832--- [    Test worker] de.polocloud.database.DatabaseConnectionFactory : Connection pool 'PoloCloudPool' initialized (maxPoolSize=10).
2026-08-25 22:55:50.022  INFO 23832--- [    Test worker] de.polocloud.database.DatabaseConnectionFactory : Database connection established using driver 'h2'.
2026-08-25 22:55:50.029  INFO 23832--- [    Test worker] de.polocloud.node.services.queue.ServiceQueue : Group 'lobby' is at 60/60 players (100,0% >= 67,0% threshold) — starting 1 more service(s) cluster-wide (this node: 1), capped at maxOnline: 3
2026-08-25 22:55:50.033 ERROR 23832--- [    Test worker] de.polocloud.database.sql.SqlExecutor : SQL update failed: INSERT INTO services (id, serviceIndex, groupName, state, hostname, port, nodeId) VALUES (?, ?, ?, ?, ?, ?, ?)
org.h2.jdbc.JdbcSQLIntegrityConstraintViolationException: Referentielle Integrität verletzt: "CONSTRAINT_80: PUBLIC.SERVICES FOREIGN KEY(GROUPNAME) REFERENCES PUBLIC.""GROUPS""(NAME) ('lobby')"
Referential integrity constraint violation: "CONSTRAINT_80: PUBLIC.SERVICES FOREIGN KEY(GROUPNAME) REFERENCES PUBLIC.""GROUPS""(NAME) ('lobby')"; SQL statement:
INSERT INTO services (id, serviceIndex, groupName, state, hostname, port, nodeId) VALUES (?, ?, ?, ?, ?, ?, ?) [23506-240]
	at org.h2.message.DbException.getJdbcSQLException(DbException.java:520)
	at org.h2.message.DbException.getJdbcSQLException(DbException.java:489)
	at org.h2.message.DbException.get(DbException.java:223)
	at org.h2.message.DbException.get(DbException.java:199)
	at org.h2.constraint.ConstraintReferential.checkRowOwnTable(ConstraintReferential.java:309)
	at org.h2.constraint.ConstraintReferential.checkRow(ConstraintReferential.java:250)
	at org.h2.table.Table.fireConstraints(Table.java:1208)
	at org.h2.table.Table.fireAfterRow(Table.java:1226)
	at org.h2.command.dml.Insert.insertRows(Insert.java:188)
	at org.h2.command.dml.Insert.update(Insert.java:135)
	at org.h2.command.dml.DataChangeStatement.update(DataChangeStatement.java:77)
	at org.h2.command.CommandContainer.update(CommandContainer.java:139)
	at org.h2.command.Command.executeUpdate(Command.java:306)
	at org.h2.command.Command.executeUpdate(Command.java:250)
	at org.h2.jdbc.JdbcPreparedStatement.executeUpdateInternal(JdbcPreparedStatement.java:213)
	at org.h2.jdbc.JdbcPreparedStatement.executeUpdate(JdbcPreparedStatement.java:172)
	at com.zaxxer.hikari.pool.ProxyPreparedStatement.executeUpdate(ProxyPreparedStatement.java:61)
	at com.zaxxer.hikari.pool.HikariProxyPreparedStatement.executeUpdate(HikariProxyPreparedStatement.java)
	at de.polocloud.database.sql.SqlExecutor.update$lambda$0(SqlExecutor.kt:299)
	at de.polocloud.database.sql.SqlExecutor.withConnection(SqlExecutor.kt:371)
	at de.polocloud.database.sql.SqlExecutor.update(SqlExecutor.kt:294)
	at de.polocloud.database.sql.SqlExecutor.save(SqlExecutor.kt:82)
	at de.polocloud.node.services.ServiceRepository.save(ServiceRepository.kt:12)
	at de.polocloud.node.services.ServiceProvider.update(ServiceProvider.kt:122)
	at de.polocloud.node.services.queue.ServiceQueue.enqueueRequired(ServiceQueue.kt:178)
	at de.polocloud.node.services.queue.ServiceQueue.enqueueRequiredForTest$de_polocloud_node(ServiceQueue.kt:103)
	at de.polocloud.node.services.queue.ServiceQueueEligibilityTest.occupancy at or above startThreshold starts one more replica beyond minOnline, capped by maxOnline(ServiceQueueEligibilityTest.kt:334)
	at java.base/jdk.internal.reflect.DirectMethodHandleAccessor.invoke(DirectMethodHandleAccessor.java:104)
	at java.base/java.lang.reflect.Method.invoke(Method.java:565)
	at org.junit.platform.commons.util.ReflectionUtils.invokeMethod(ReflectionUtils.java:700)
	at org.junit.platform.commons.support.ReflectionSupport.invokeMethod(ReflectionSupport.java:528)
	at org.junit.jupiter.engine.support.MethodReflectionUtils.invoke(MethodReflectionUtils.java:53)
	at org.junit.jupiter.engine.execution.MethodInvocation.proceed(MethodInvocation.java:61)
	at org.junit.jupiter.engine.execution.InvocationInterceptorChain$ValidatingInvocation.proceed(InvocationInterceptorChain.java:124)
	at org.junit.jupiter.engine.extension.TimeoutExtension.intercept(TimeoutExtension.java:163)
	at org.junit.jupiter.engine.extension.TimeoutExtension.interceptTestableMethod(TimeoutExtension.java:148)
	at org.junit.jupiter.engine.extension.TimeoutExtension.interceptTestMethod(TimeoutExtension.java:86)
	at org.junit.jupiter.engine.execution.InterceptingExecutableInvoker$ReflectiveInterceptorCall.lambda$ofVoidMethod$0(InterceptingExecutableInvoker.java:124)
	at org.junit.jupiter.engine.execution.InterceptingExecutableInvoker.lambda$invoke$0(InterceptingExecutableInvoker.java:105)
	at org.junit.jupiter.engine.execution.InvocationInterceptorChain$InterceptedInvocation.proceed(InvocationInterceptorChain.java:99)
	at org.junit.jupiter.engine.execution.InvocationInterceptorChain.proceed(InvocationInterceptorChain.java:66)
	at org.junit.jupiter.engine.execution.InvocationInterceptorChain.chainAndInvoke(InvocationInterceptorChain.java:47)
	at org.junit.jupiter.engine.execution.InvocationInterceptorChain.invoke(InvocationInterceptorChain.java:39)
	at org.junit.jupiter.engine.execution.InterceptingExecutableInvoker.invoke(InterceptingExecutableInvoker.java:104)
	at org.junit.jupiter.engine.execution.InterceptingExecutableInvoker.invoke(InterceptingExecutableInvoker.java:98)
	at org.junit.jupiter.engine.execution.InterceptingExecutableInvoker.invokeVoid(InterceptingExecutableInvoker.java:71)
	at org.junit.jupiter.engine.descriptor.TestMethodTestDescriptor.lambda$invokeTestMethod$0(TestMethodTestDescriptor.java:219)
	at org.junit.platform.engine.support.hierarchical.ThrowableCollector.execute(ThrowableCollector.java:74)
	at org.junit.jupiter.engine.descriptor.TestMethodTestDescriptor.invokeTestMethod(TestMethodTestDescriptor.java:215)
	at org.junit.jupiter.engine.descriptor.TestMethodTestDescriptor.execute(TestMethodTestDescriptor.java:157)
	at org.junit.jupiter.engine.descriptor.TestMethodTestDescriptor.execute(TestMethodTestDescriptor.java:70)
	at org.junit.platform.engine.support.hierarchical.NodeTestTask.lambda$executeRecursively$2(NodeTestTask.java:176)
	at org.junit.platform.engine.support.hierarchical.ThrowableCollector.execute(ThrowableCollector.java:74)
	at org.junit.platform.engine.support.hierarchical.NodeTestTask.lambda$executeRecursively$1(NodeTestTask.java:166)
	at org.junit.platform.engine.support.hierarchical.Node.around(Node.java:139)
	at org.junit.platform.engine.support.hierarchical.NodeTestTask.lambda$executeRecursively$0(NodeTestTask.java:164)
	at org.junit.platform.engine.support.hierarchical.ThrowableCollector.execute(ThrowableCollector.java:74)
	at org.junit.platform.engine.support.hierarchical.NodeTestTask.executeRecursively(NodeTestTask.java:163)
	at org.junit.platform.engine.support.hierarchical.NodeTestTask.execute(NodeTestTask.java:116)
	at java.base/java.util.ArrayList.forEach(ArrayList.java:1604)
	at org.junit.platform.engine.support.hierarchical.SameThreadHierarchicalTestExecutorService.invokeAll(SameThreadHierarchicalTestExecutorService.java:42)
	at org.junit.platform.engine.support.hierarchical.NodeTestTask.lambda$executeRecursively$2(NodeTestTask.java:180)
	at org.junit.platform.engine.support.hierarchical.ThrowableCollector.execute(ThrowableCollector.java:74)
	at org.junit.platform.engine.support.hierarchical.NodeTestTask.lambda$executeRecursively$1(NodeTestTask.java:166)
	at org.junit.platform.engine.support.hierarchical.Node.around(Node.java:139)
	at org.junit.platform.engine.support.hierarchical.NodeTestTask.lambda$executeRecursively$0(NodeTestTask.java:164)
	at org.junit.platform.engine.support.hierarchical.ThrowableCollector.execute(ThrowableCollector.java:74)
	at org.junit.platform.engine.support.hierarchical.NodeTestTask.executeRecursively(NodeTestTask.java:163)
	at org.junit.platform.engine.support.hierarchical.NodeTestTask.execute(NodeTestTask.java:116)
	at java.base/java.util.ArrayList.forEach(ArrayList.java:1604)
	at org.junit.platform.engine.support.hierarchical.SameThreadHierarchicalTestExecutorService.invokeAll(SameThreadHierarchicalTestExecutorService.java:42)
	at org.junit.platform.engine.support.hierarchical.NodeTestTask.lambda$executeRecursively$2(NodeTestTask.java:180)
	at org.junit.platform.engine.support.hierarchical.ThrowableCollector.execute(ThrowableCollector.java:74)
	at org.junit.platform.engine.support.hierarchical.NodeTestTask.lambda$executeRecursively$1(NodeTestTask.java:166)
	at org.junit.platform.engine.support.hierarchical.Node.around(Node.java:139)
	at org.junit.platform.engine.support.hierarchical.NodeTestTask.lambda$executeRecursively$0(NodeTestTask.java:164)
	at org.junit.platform.engine.support.hierarchical.ThrowableCollector.execute(ThrowableCollector.java:74)
	at org.junit.platform.engine.support.hierarchical.NodeTestTask.executeRecursively(NodeTestTask.java:163)
	at org.junit.platform.engine.support.hierarchical.NodeTestTask.execute(NodeTestTask.java:116)
	at org.junit.platform.engine.support.hierarchical.SameThreadHierarchicalTestExecutorService.submit(SameThreadHierarchicalTestExecutorService.java:36)
	at org.junit.platform.engine.support.hierarchical.HierarchicalTestExecutor.execute(HierarchicalTestExecutor.java:52)
	at org.junit.platform.engine.support.hierarchical.HierarchicalTestEngine.execute(HierarchicalTestEngine.java:58)
	at org.junit.platform.launcher.core.EngineExecutionOrchestrator.executeEngine(EngineExecutionOrchestrator.java:256)
	at org.junit.platform.launcher.core.EngineExecutionOrchestrator.failOrExecuteEngine(EngineExecutionOrchestrator.java:228)
	at org.junit.platform.launcher.core.EngineExecutionOrchestrator.execute(EngineExecutionOrchestrator.java:189)
	at org.junit.platform.launcher.core.EngineExecutionOrchestrator.execute(EngineExecutionOrchestrator.java:109)
	at org.junit.platform.launcher.core.EngineExecutionOrchestrator.lambda$execute$0(EngineExecutionOrchestrator.java:66)
	at org.junit.platform.launcher.core.EngineExecutionOrchestrator.withInterceptedStreams(EngineExecutionOrchestrator.java:168)
	at org.junit.platform.launcher.core.EngineExecutionOrchestrator.execute(EngineExecutionOrchestrator.java:65)
	at org.junit.platform.launcher.core.DefaultLauncher.execute(DefaultLauncher.java:137)
	at org.junit.platform.launcher.core.DefaultLauncher.execute(DefaultLauncher.java:126)
	at org.junit.platform.launcher.core.DefaultLauncher.execute(DefaultLauncher.java:100)
	at org.junit.platform.launcher.core.DelegatingLauncher.execute(DelegatingLauncher.java:57)
	at org.junit.platform.launcher.core.InterceptingLauncher.lambda$execute$0(InterceptingLauncher.java:46)
	at org.junit.platform.launcher.core.ClasspathAlignmentCheckingLauncherInterceptor.intercept(ClasspathAlignmentCheckingLauncherInterceptor.java:25)
	at org.junit.platform.launcher.core.InterceptingLauncher.execute(InterceptingLauncher.java:45)
	at org.junit.platform.launcher.core.DelegatingLauncher.execute(DelegatingLauncher.java:57)
	at org.gradle.api.internal.tasks.testing.junitplatform.JUnitPlatformTestDefinitionProcessor$CollectThenExecuteTestDefinitionConsumer.processAllTestDefinitions(JUnitPlatformTestDefinitionProcessor.java:206)
	at org.gradle.api.internal.tasks.testing.junitplatform.JUnitPlatformTestDefinitionProcessor$CollectThenExecuteTestDefinitionConsumer.access$000(JUnitPlatformTestDefinitionProcessor.java:123)
	at org.gradle.api.internal.tasks.testing.junitplatform.JUnitPlatformTestDefinitionProcessor.stop(JUnitPlatformTestDefinitionProcessor.java:117)
	at org.gradle.api.internal.tasks.testing.SuiteTestDefinitionProcessor.stop(SuiteTestDefinitionProcessor.java:63)
	at java.base/jdk.internal.reflect.DirectMethodHandleAccessor.invoke(DirectMethodHandleAccessor.java:104)
	at java.base/java.lang.reflect.Method.invoke(Method.java:565)
	at org.gradle.internal.dispatch.MethodInvocation.invokeOn(MethodInvocation.java:77)
	at org.gradle.internal.dispatch.ReflectionDispatch.dispatch(ReflectionDispatch.java:28)
	at org.gradle.internal.dispatch.ReflectionDispatch.dispatch(ReflectionDispatch.java:19)
	at org.gradle.internal.dispatch.ContextClassLoaderDispatch.dispatch(ContextClassLoaderDispatch.java:33)
	at org.gradle.internal.dispatch.ProxyDispatchAdapter$DispatchingInvocationHandler.invoke(ProxyDispatchAdapter.java:88)
	at jdk.proxy1/jdk.proxy1.$Proxy4.stop(Unknown Source)
	at org.gradle.api.internal.tasks.testing.worker.TestWorker$3.run(TestWorker.java:195)
	at org.gradle.api.internal.tasks.testing.worker.TestWorker.executeAndMaintainThreadName(TestWorker.java:126)
	at org.gradle.api.internal.tasks.testing.worker.TestWorker.execute(TestWorker.java:103)
	at org.gradle.api.internal.tasks.testing.worker.TestWorker.execute(TestWorker.java:63)
	at org.gradle.process.internal.worker.child.ActionExecutionWorker.execute(ActionExecutionWorker.java:56)
	at org.gradle.process.internal.worker.child.SystemApplicationClassLoaderWorker.call(SystemApplicationClassLoaderWorker.java:122)
	at org.gradle.process.internal.worker.child.SystemApplicationClassLoaderWorker.call(SystemApplicationClassLoaderWorker.java:72)
	at worker.org.gradle.process.internal.worker.GradleWorkerMain.run(GradleWorkerMain.java:69)
	at worker.org.gradle.process.internal.worker.GradleWorkerMain.main(GradleWorkerMain.java:74)
2026-08-25 22:55:50.034  INFO 23832--- [    Test worker] de.polocloud.node.services.queue.ServiceQueue : Queued lobby-2 [memory: 512MB, platform: PAPER/1.21]
2026-08-25 22:55:50.038  INFO 23832--- [    Test worker] de.polocloud.node.services.queue.ServiceQueue : Group 'lobby' needs 1 more service(s) cluster-wide (this node: 1) — minOnline: 1, cluster running: 0, queued: 0
2026-08-25 22:55:50.038 ERROR 23832--- [    Test worker] de.polocloud.database.sql.SqlExecutor : SQL update failed: INSERT INTO services (id, serviceIndex, groupName, state, hostname, port, nodeId) VALUES (?, ?, ?, ?, ?, ?, ?)
org.h2.jdbc.JdbcSQLIntegrityConstraintViolationException: Referentielle Integrität verletzt: "CONSTRAINT_80: PUBLIC.SERVICES FOREIGN KEY(GROUPNAME) REFERENCES PUBLIC.""GROUPS""(NAME) ('lobby')"
Referential integrity constraint violation: "CONSTRAINT_80: PUBLIC.SERVICES FOREIGN KEY(GROUPNAME) REFERENCES PUBLIC.""GROUPS""(NAME) ('lobby')"; SQL statement:
INSERT INTO services (id, serviceIndex, groupName, state, hostname, port, nodeId) VALUES (?, ?, ?, ?, ?, ?, ?) [23506-240]
	at org.h2.message.DbException.getJdbcSQLException(DbException.java:520)
	at org.h2.message.DbException.getJdbcSQLException(DbException.java:489)
	at org.h2.message.DbException.get(DbException.java:223)
	at org.h2.message.DbException.get(DbException.java:199)
	at org.h2.constraint.ConstraintReferential.checkRowOwnTable(ConstraintReferential.java:309)
	at org.h2.constraint.ConstraintReferential.checkRow(ConstraintReferential.java:250)
	at org.h2.table.Table.fireConstraints(Table.java:1208)
	at org.h2.table.Table.fireAfterRow(Table.java:1226)
	at org.h2.command.dml.Insert.insertRows(Insert.java:188)
	at org.h2.command.dml.Insert.update(Insert.java:135)
	at org.h2.command.dml.DataChangeStatement.update(DataChangeStatement.java:77)
	at org.h2.command.CommandContainer.update(CommandContainer.java:139)
	at org.h2.command.Command.executeUpdate(Command.java:306)
	at org.h2.command.Command.executeUpdate(Command.java:250)
	at org.h2.jdbc.JdbcPreparedStatement.executeUpdateInternal(JdbcPreparedStatement.java:213)
	at org.h2.jdbc.JdbcPreparedStatement.executeUpdate(JdbcPreparedStatement.java:172)
	at com.zaxxer.hikari.pool.ProxyPreparedStatement.executeUpdate(ProxyPreparedStatement.java:61)
	at com.zaxxer.hikari.pool.HikariProxyPreparedStatement.executeUpdate(HikariProxyPreparedStatement.java)
	at de.polocloud.database.sql.SqlExecutor.update$lambda$0(SqlExecutor.kt:299)
	at de.polocloud.database.sql.SqlExecutor.withConnection(SqlExecutor.kt:371)
	at de.polocloud.database.sql.SqlExecutor.update(SqlExecutor.kt:294)
	at de.polocloud.database.sql.SqlExecutor.save(SqlExecutor.kt:82)
	at de.polocloud.node.services.ServiceRepository.save(ServiceRepository.kt:12)
	at de.polocloud.node.services.ServiceProvider.update(ServiceProvider.kt:122)
	at de.polocloud.node.services.queue.ServiceQueue.enqueueRequired(ServiceQueue.kt:178)
	at de.polocloud.node.services.queue.ServiceQueue.enqueueRequiredForTest$de_polocloud_node(ServiceQueue.kt:103)
	at de.polocloud.node.services.queue.ServiceQueueEligibilityTest.removeGroup drops a queued service from both the in-memory queue and the database(ServiceQueueEligibilityTest.kt:281)
	at java.base/jdk.internal.reflect.DirectMethodHandleAccessor.invoke(DirectMethodHandleAccessor.java:104)
	at java.base/java.lang.reflect.Method.invoke(Method.java:565)
	at org.junit.platform.commons.util.ReflectionUtils.invokeMethod(ReflectionUtils.java:700)
	at org.junit.platform.commons.support.ReflectionSupport.invokeMethod(ReflectionSupport.java:528)
	at org.junit.jupiter.engine.support.MethodReflectionUtils.invoke(MethodReflectionUtils.java:53)
	at org.junit.jupiter.engine.execution.MethodInvocation.proceed(MethodInvocation.java:61)
	at org.junit.jupiter.engine.execution.InvocationInterceptorChain$ValidatingInvocation.proceed(InvocationInterceptorChain.java:124)
	at org.junit.jupiter.engine.extension.TimeoutExtension.intercept(TimeoutExtension.java:163)
	at org.junit.jupiter.engine.extension.TimeoutExtension.interceptTestableMethod(TimeoutExtension.java:148)
	at org.junit.jupiter.engine.extension.TimeoutExtension.interceptTestMethod(TimeoutExtension.java:86)
	at org.junit.jupiter.engine.execution.InterceptingExecutableInvoker$ReflectiveInterceptorCall.lambda$ofVoidMethod$0(InterceptingExecutableInvoker.java:124)
	at org.junit.jupiter.engine.execution.InterceptingExecutableInvoker.lambda$invoke$0(InterceptingExecutableInvoker.java:105)
	at org.junit.jupiter.engine.execution.InvocationInterceptorChain$InterceptedInvocation.proceed(InvocationInterceptorChain.java:99)
	at org.junit.jupiter.engine.execution.InvocationInterceptorChain.proceed(InvocationInterceptorChain.java:66)
	at org.junit.jupiter.engine.execution.InvocationInterceptorChain.chainAndInvoke(InvocationInterceptorChain.java:47)
	at org.junit.jupiter.engine.execution.InvocationInterceptorChain.invoke(InvocationInterceptorChain.java:39)
	at org.junit.jupiter.engine.execution.InterceptingExecutableInvoker.invoke(InterceptingExecutableInvoker.java:104)
	at org.junit.jupiter.engine.execution.InterceptingExecutableInvoker.invoke(InterceptingExecutableInvoker.java:98)
	at org.junit.jupiter.engine.execution.InterceptingExecutableInvoker.invokeVoid(InterceptingExecutableInvoker.java:71)
	at org.junit.jupiter.engine.descriptor.TestMethodTestDescriptor.lambda$invokeTestMethod$0(TestMethodTestDescriptor.java:219)
	at org.junit.platform.engine.support.hierarchical.ThrowableCollector.execute(ThrowableCollector.java:74)
	at org.junit.jupiter.engine.descriptor.TestMethodTestDescriptor.invokeTestMethod(TestMethodTestDescriptor.java:215)
	at org.junit.jupiter.engine.descriptor.TestMethodTestDescriptor.execute(TestMethodTestDescriptor.java:157)
	at org.junit.jupiter.engine.descriptor.TestMethodTestDescriptor.execute(TestMethodTestDescriptor.java:70)
	at org.junit.platform.engine.support.hierarchical.NodeTestTask.lambda$executeRecursively$2(NodeTestTask.java:176)
	at org.junit.platform.engine.support.hierarchical.ThrowableCollector.execute(ThrowableCollector.java:74)
	at org.junit.platform.engine.support.hierarchical.NodeTestTask.lambda$executeRecursively$1(NodeTestTask.java:166)
	at org.junit.platform.engine.support.hierarchical.Node.around(Node.java:139)
	at org.junit.platform.engine.support.hierarchical.NodeTestTask.lambda$executeRecursively$0(NodeTestTask.java:164)
	at org.junit.platform.engine.support.hierarchical.ThrowableCollector.execute(ThrowableCollector.java:74)
	at org.junit.platform.engine.support.hierarchical.NodeTestTask.executeRecursively(NodeTestTask.java:163)
	at org.junit.platform.engine.support.hierarchical.NodeTestTask.execute(NodeTestTask.java:116)
	at java.base/java.util.ArrayList.forEach(ArrayList.java:1604)
	at org.junit.platform.engine.support.hierarchical.SameThreadHierarchicalTestExecutorService.invokeAll(SameThreadHierarchicalTestExecutorService.java:42)
	at org.junit.platform.engine.support.hierarchical.NodeTestTask.lambda$executeRecursively$2(NodeTestTask.java:180)
	at org.junit.platform.engine.support.hierarchical.ThrowableCollector.execute(ThrowableCollector.java:74)
	at org.junit.platform.engine.support.hierarchical.NodeTestTask.lambda$executeRecursively$1(NodeTestTask.java:166)
	at org.junit.platform.engine.support.hierarchical.Node.around(Node.java:139)
	at org.junit.platform.engine.support.hierarchical.NodeTestTask.lambda$executeRecursively$0(NodeTestTask.java:164)
	at org.junit.platform.engine.support.hierarchical.ThrowableCollector.execute(ThrowableCollector.java:74)
	at org.junit.platform.engine.support.hierarchical.NodeTestTask.executeRecursively(NodeTestTask.java:163)
	at org.junit.platform.engine.support.hierarchical.NodeTestTask.execute(NodeTestTask.java:116)
	at java.base/java.util.ArrayList.forEach(ArrayList.java:1604)
	at org.junit.platform.engine.support.hierarchical.SameThreadHierarchicalTestExecutorService.invokeAll(SameThreadHierarchicalTestExecutorService.java:42)
	at org.junit.platform.engine.support.hierarchical.NodeTestTask.lambda$executeRecursively$2(NodeTestTask.java:180)
	at org.junit.platform.engine.support.hierarchical.ThrowableCollector.execute(ThrowableCollector.java:74)
	at org.junit.platform.engine.support.hierarchical.NodeTestTask.lambda$executeRecursively$1(NodeTestTask.java:166)
	at org.junit.platform.engine.support.hierarchical.Node.around(Node.java:139)
	at org.junit.platform.engine.support.hierarchical.NodeTestTask.lambda$executeRecursively$0(NodeTestTask.java:164)
	at org.junit.platform.engine.support.hierarchical.ThrowableCollector.execute(ThrowableCollector.java:74)
	at org.junit.platform.engine.support.hierarchical.NodeTestTask.executeRecursively(NodeTestTask.java:163)
	at org.junit.platform.engine.support.hierarchical.NodeTestTask.execute(NodeTestTask.java:116)
	at org.junit.platform.engine.support.hierarchical.SameThreadHierarchicalTestExecutorService.submit(SameThreadHierarchicalTestExecutorService.java:36)
	at org.junit.platform.engine.support.hierarchical.HierarchicalTestExecutor.execute(HierarchicalTestExecutor.java:52)
	at org.junit.platform.engine.support.hierarchical.HierarchicalTestEngine.execute(HierarchicalTestEngine.java:58)
	at org.junit.platform.launcher.core.EngineExecutionOrchestrator.executeEngine(EngineExecutionOrchestrator.java:256)
	at org.junit.platform.launcher.core.EngineExecutionOrchestrator.failOrExecuteEngine(EngineExecutionOrchestrator.java:228)
	at org.junit.platform.launcher.core.EngineExecutionOrchestrator.execute(EngineExecutionOrchestrator.java:189)
	at org.junit.platform.launcher.core.EngineExecutionOrchestrator.execute(EngineExecutionOrchestrator.java:109)
	at org.junit.platform.launcher.core.EngineExecutionOrchestrator.lambda$execute$0(EngineExecutionOrchestrator.java:66)
	at org.junit.platform.launcher.core.EngineExecutionOrchestrator.withInterceptedStreams(EngineExecutionOrchestrator.java:168)
	at org.junit.platform.launcher.core.EngineExecutionOrchestrator.execute(EngineExecutionOrchestrator.java:65)
	at org.junit.platform.launcher.core.DefaultLauncher.execute(DefaultLauncher.java:137)
	at org.junit.platform.launcher.core.DefaultLauncher.execute(DefaultLauncher.java:126)
	at org.junit.platform.launcher.core.DefaultLauncher.execute(DefaultLauncher.java:100)
	at org.junit.platform.launcher.core.DelegatingLauncher.execute(DelegatingLauncher.java:57)
	at org.junit.platform.launcher.core.InterceptingLauncher.lambda$execute$0(InterceptingLauncher.java:46)
	at org.junit.platform.launcher.core.ClasspathAlignmentCheckingLauncherInterceptor.intercept(ClasspathAlignmentCheckingLauncherInterceptor.java:25)
	at org.junit.platform.launcher.core.InterceptingLauncher.execute(InterceptingLauncher.java:45)
	at org.junit.platform.launcher.core.DelegatingLauncher.execute(DelegatingLauncher.java:57)
	at org.gradle.api.internal.tasks.testing.junitplatform.JUnitPlatformTestDefinitionProcessor$CollectThenExecuteTestDefinitionConsumer.processAllTestDefinitions(JUnitPlatformTestDefinitionProcessor.java:206)
	at org.gradle.api.internal.tasks.testing.junitplatform.JUnitPlatformTestDefinitionProcessor$CollectThenExecuteTestDefinitionConsumer.access$000(JUnitPlatformTestDefinitionProcessor.java:123)
	at org.gradle.api.internal.tasks.testing.junitplatform.JUnitPlatformTestDefinitionProcessor.stop(JUnitPlatformTestDefinitionProcessor.java:117)
	at org.gradle.api.internal.tasks.testing.SuiteTestDefinitionProcessor.stop(SuiteTestDefinitionProcessor.java:63)
	at java.base/jdk.internal.reflect.DirectMethodHandleAccessor.invoke(DirectMethodHandleAccessor.java:104)
	at java.base/java.lang.reflect.Method.invoke(Method.java:565)
	at org.gradle.internal.dispatch.MethodInvocation.invokeOn(MethodInvocation.java:77)
	at org.gradle.internal.dispatch.ReflectionDispatch.dispatch(ReflectionDispatch.java:28)
	at org.gradle.internal.dispatch.ReflectionDispatch.dispatch(ReflectionDispatch.java:19)
	at org.gradle.internal.dispatch.ContextClassLoaderDispatch.dispatch(ContextClassLoaderDispatch.java:33)
	at org.gradle.internal.dispatch.ProxyDispatchAdapter$DispatchingInvocationHandler.invoke(ProxyDispatchAdapter.java:88)
	at jdk.proxy1/jdk.proxy1.$Proxy4.stop(Unknown Source)
	at org.gradle.api.internal.tasks.testing.worker.TestWorker$3.run(TestWorker.java:195)
	at org.gradle.api.internal.tasks.testing.worker.TestWorker.executeAndMaintainThreadName(TestWorker.java:126)
	at org.gradle.api.internal.tasks.testing.worker.TestWorker.execute(TestWorker.java:103)
	at org.gradle.api.internal.tasks.testing.worker.TestWorker.execute(TestWorker.java:63)
	at org.gradle.process.internal.worker.child.ActionExecutionWorker.execute(ActionExecutionWorker.java:56)
	at org.gradle.process.internal.worker.child.SystemApplicationClassLoaderWorker.call(SystemApplicationClassLoaderWorker.java:122)
	at org.gradle.process.internal.worker.child.SystemApplicationClassLoaderWorker.call(SystemApplicationClassLoaderWorker.java:72)
	at worker.org.gradle.process.internal.worker.GradleWorkerMain.run(GradleWorkerMain.java:69)
	at worker.org.gradle.process.internal.worker.GradleWorkerMain.main(GradleWorkerMain.java:74)
2026-08-25 22:55:50.039  INFO 23832--- [    Test worker] de.polocloud.node.services.queue.ServiceQueue : Queued lobby-1 [memory: 512MB, platform: PAPER/1.21]
2026-08-25 22:55:50.042  INFO 23832--- [    Test worker] de.polocloud.node.services.queue.ServiceQueue : Group 'lobby' needs 1 more service(s) cluster-wide (this node: 1) — minOnline: 1, cluster running: 0, queued: 0
2026-08-25 22:55:50.043 ERROR 23832--- [    Test worker] de.polocloud.database.sql.SqlExecutor : SQL update failed: INSERT INTO services (id, serviceIndex, groupName, state, hostname, port, nodeId) VALUES (?, ?, ?, ?, ?, ?, ?)
org.h2.jdbc.JdbcSQLIntegrityConstraintViolationException: Referentielle Integrität verletzt: "CONSTRAINT_80: PUBLIC.SERVICES FOREIGN KEY(GROUPNAME) REFERENCES PUBLIC.""GROUPS""(NAME) ('lobby')"
Referential integrity constraint violation: "CONSTRAINT_80: PUBLIC.SERVICES FOREIGN KEY(GROUPNAME) REFERENCES PUBLIC.""GROUPS""(NAME) ('lobby')"; SQL statement:
INSERT INTO services (id, serviceIndex, groupName, state, hostname, port, nodeId) VALUES (?, ?, ?, ?, ?, ?, ?) [23506-240]
	at org.h2.message.DbException.getJdbcSQLException(DbException.java:520)
	at org.h2.message.DbException.getJdbcSQLException(DbException.java:489)
	at org.h2.message.DbException.get(DbException.java:223)
	at org.h2.message.DbException.get(DbException.java:199)
	at org.h2.constraint.ConstraintReferential.checkRowOwnTable(ConstraintReferential.java:309)
	at org.h2.constraint.ConstraintReferential.checkRow(ConstraintReferential.java:250)
	at org.h2.table.Table.fireConstraints(Table.java:1208)
	at org.h2.table.Table.fireAfterRow(Table.java:1226)
	at org.h2.command.dml.Insert.insertRows(Insert.java:188)
	at org.h2.command.dml.Insert.update(Insert.java:135)
	at org.h2.command.dml.DataChangeStatement.update(DataChangeStatement.java:77)
	at org.h2.command.CommandContainer.update(CommandContainer.java:139)
	at org.h2.command.Command.executeUpdate(Command.java:306)
	at org.h2.command.Command.executeUpdate(Command.java:250)
	at org.h2.jdbc.JdbcPreparedStatement.executeUpdateInternal(JdbcPreparedStatement.java:213)
	at org.h2.jdbc.JdbcPreparedStatement.executeUpdate(JdbcPreparedStatement.java:172)
	at com.zaxxer.hikari.pool.ProxyPreparedStatement.executeUpdate(ProxyPreparedStatement.java:61)
	at com.zaxxer.hikari.pool.HikariProxyPreparedStatement.executeUpdate(HikariProxyPreparedStatement.java)
	at de.polocloud.database.sql.SqlExecutor.update$lambda$0(SqlExecutor.kt:299)
	at de.polocloud.database.sql.SqlExecutor.withConnection(SqlExecutor.kt:371)
	at de.polocloud.database.sql.SqlExecutor.update(SqlExecutor.kt:294)
	at de.polocloud.database.sql.SqlExecutor.save(SqlExecutor.kt:82)
	at de.polocloud.node.services.ServiceRepository.save(ServiceRepository.kt:12)
	at de.polocloud.node.services.ServiceProvider.update(ServiceProvider.kt:122)
	at de.polocloud.node.services.queue.ServiceQueue.enqueueRequired(ServiceQueue.kt:178)
	at de.polocloud.node.services.queue.ServiceQueue.enqueueRequiredForTest$de_polocloud_node(ServiceQueue.kt:103)
	at de.polocloud.node.services.queue.ServiceQueueEligibilityTest.removeGroup is case-insensitive and leaves other groups' queued services untouched(ServiceQueueEligibilityTest.kt:298)
	at java.base/jdk.internal.reflect.DirectMethodHandleAccessor.invoke(DirectMethodHandleAccessor.java:104)
	at java.base/java.lang.reflect.Method.invoke(Method.java:565)
	at org.junit.platform.commons.util.ReflectionUtils.invokeMethod(ReflectionUtils.java:700)
	at org.junit.platform.commons.support.ReflectionSupport.invokeMethod(ReflectionSupport.java:528)
	at org.junit.jupiter.engine.support.MethodReflectionUtils.invoke(MethodReflectionUtils.java:53)
	at org.junit.jupiter.engine.execution.MethodInvocation.proceed(MethodInvocation.java:61)
	at org.junit.jupiter.engine.execution.InvocationInterceptorChain$ValidatingInvocation.proceed(InvocationInterceptorChain.java:124)
	at org.junit.jupiter.engine.extension.TimeoutExtension.intercept(TimeoutExtension.java:163)
	at org.junit.jupiter.engine.extension.TimeoutExtension.interceptTestableMethod(TimeoutExtension.java:148)
	at org.junit.jupiter.engine.extension.TimeoutExtension.interceptTestMethod(TimeoutExtension.java:86)
	at org.junit.jupiter.engine.execution.InterceptingExecutableInvoker$ReflectiveInterceptorCall.lambda$ofVoidMethod$0(InterceptingExecutableInvoker.java:124)
	at org.junit.jupiter.engine.execution.InterceptingExecutableInvoker.lambda$invoke$0(InterceptingExecutableInvoker.java:105)
	at org.junit.jupiter.engine.execution.InvocationInterceptorChain$InterceptedInvocation.proceed(InvocationInterceptorChain.java:99)
	at org.junit.jupiter.engine.execution.InvocationInterceptorChain.proceed(InvocationInterceptorChain.java:66)
	at org.junit.jupiter.engine.execution.InvocationInterceptorChain.chainAndInvoke(InvocationInterceptorChain.java:47)
	at org.junit.jupiter.engine.execution.InvocationInterceptorChain.invoke(InvocationInterceptorChain.java:39)
	at org.junit.jupiter.engine.execution.InterceptingExecutableInvoker.invoke(InterceptingExecutableInvoker.java:104)
	at org.junit.jupiter.engine.execution.InterceptingExecutableInvoker.invoke(InterceptingExecutableInvoker.java:98)
	at org.junit.jupiter.engine.execution.InterceptingExecutableInvoker.invokeVoid(InterceptingExecutableInvoker.java:71)
	at org.junit.jupiter.engine.descriptor.TestMethodTestDescriptor.lambda$invokeTestMethod$0(TestMethodTestDescriptor.java:219)
	at org.junit.platform.engine.support.hierarchical.ThrowableCollector.execute(ThrowableCollector.java:74)
	at org.junit.jupiter.engine.descriptor.TestMethodTestDescriptor.invokeTestMethod(TestMethodTestDescriptor.java:215)
	at org.junit.jupiter.engine.descriptor.TestMethodTestDescriptor.execute(TestMethodTestDescriptor.java:157)
	at org.junit.jupiter.engine.descriptor.TestMethodTestDescriptor.execute(TestMethodTestDescriptor.java:70)
	at org.junit.platform.engine.support.hierarchical.NodeTestTask.lambda$executeRecursively$2(NodeTestTask.java:176)
	at org.junit.platform.engine.support.hierarchical.ThrowableCollector.execute(ThrowableCollector.java:74)
	at org.junit.platform.engine.support.hierarchical.NodeTestTask.lambda$executeRecursively$1(NodeTestTask.java:166)
	at org.junit.platform.engine.support.hierarchical.Node.around(Node.java:139)
	at org.junit.platform.engine.support.hierarchical.NodeTestTask.lambda$executeRecursively$0(NodeTestTask.java:164)
	at org.junit.platform.engine.support.hierarchical.ThrowableCollector.execute(ThrowableCollector.java:74)
	at org.junit.platform.engine.support.hierarchical.NodeTestTask.executeRecursively(NodeTestTask.java:163)
	at org.junit.platform.engine.support.hierarchical.NodeTestTask.execute(NodeTestTask.java:116)
	at java.base/java.util.ArrayList.forEach(ArrayList.java:1604)
	at org.junit.platform.engine.support.hierarchical.SameThreadHierarchicalTestExecutorService.invokeAll(SameThreadHierarchicalTestExecutorService.java:42)
	at org.junit.platform.engine.support.hierarchical.NodeTestTask.lambda$executeRecursively$2(NodeTestTask.java:180)
	at org.junit.platform.engine.support.hierarchical.ThrowableCollector.execute(ThrowableCollector.java:74)
	at org.junit.platform.engine.support.hierarchical.NodeTestTask.lambda$executeRecursively$1(NodeTestTask.java:166)
	at org.junit.platform.engine.support.hierarchical.Node.around(Node.java:139)
	at org.junit.platform.engine.support.hierarchical.NodeTestTask.lambda$executeRecursively$0(NodeTestTask.java:164)
	at org.junit.platform.engine.support.hierarchical.ThrowableCollector.execute(ThrowableCollector.java:74)
	at org.junit.platform.engine.support.hierarchical.NodeTestTask.executeRecursively(NodeTestTask.java:163)
	at org.junit.platform.engine.support.hierarchical.NodeTestTask.execute(NodeTestTask.java:116)
	at java.base/java.util.ArrayList.forEach(ArrayList.java:1604)
	at org.junit.platform.engine.support.hierarchical.SameThreadHierarchicalTestExecutorService.invokeAll(SameThreadHierarchicalTestExecutorService.java:42)
	at org.junit.platform.engine.support.hierarchical.NodeTestTask.lambda$executeRecursively$2(NodeTestTask.java:180)
	at org.junit.platform.engine.support.hierarchical.ThrowableCollector.execute(ThrowableCollector.java:74)
	at org.junit.platform.engine.support.hierarchical.NodeTestTask.lambda$executeRecursively$1(NodeTestTask.java:166)
	at org.junit.platform.engine.support.hierarchical.Node.around(Node.java:139)
	at org.junit.platform.engine.support.hierarchical.NodeTestTask.lambda$executeRecursively$0(NodeTestTask.java:164)
	at org.junit.platform.engine.support.hierarchical.ThrowableCollector.execute(ThrowableCollector.java:74)
	at org.junit.platform.engine.support.hierarchical.NodeTestTask.executeRecursively(NodeTestTask.java:163)
	at org.junit.platform.engine.support.hierarchical.NodeTestTask.execute(NodeTestTask.java:116)
	at org.junit.platform.engine.support.hierarchical.SameThreadHierarchicalTestExecutorService.submit(SameThreadHierarchicalTestExecutorService.java:36)
	at org.junit.platform.engine.support.hierarchical.HierarchicalTestExecutor.execute(HierarchicalTestExecutor.java:52)
	at org.junit.platform.engine.support.hierarchical.HierarchicalTestEngine.execute(HierarchicalTestEngine.java:58)
	at org.junit.platform.launcher.core.EngineExecutionOrchestrator.executeEngine(EngineExecutionOrchestrator.java:256)
	at org.junit.platform.launcher.core.EngineExecutionOrchestrator.failOrExecuteEngine(EngineExecutionOrchestrator.java:228)
	at org.junit.platform.launcher.core.EngineExecutionOrchestrator.execute(EngineExecutionOrchestrator.java:189)
	at org.junit.platform.launcher.core.EngineExecutionOrchestrator.execute(EngineExecutionOrchestrator.java:109)
	at org.junit.platform.launcher.core.EngineExecutionOrchestrator.lambda$execute$0(EngineExecutionOrchestrator.java:66)
	at org.junit.platform.launcher.core.EngineExecutionOrchestrator.withInterceptedStreams(EngineExecutionOrchestrator.java:168)
	at org.junit.platform.launcher.core.EngineExecutionOrchestrator.execute(EngineExecutionOrchestrator.java:65)
	at org.junit.platform.launcher.core.DefaultLauncher.execute(DefaultLauncher.java:137)
	at org.junit.platform.launcher.core.DefaultLauncher.execute(DefaultLauncher.java:126)
	at org.junit.platform.launcher.core.DefaultLauncher.execute(DefaultLauncher.java:100)
	at org.junit.platform.launcher.core.DelegatingLauncher.execute(DelegatingLauncher.java:57)
	at org.junit.platform.launcher.core.InterceptingLauncher.lambda$execute$0(InterceptingLauncher.java:46)
	at org.junit.platform.launcher.core.ClasspathAlignmentCheckingLauncherInterceptor.intercept(ClasspathAlignmentCheckingLauncherInterceptor.java:25)
	at org.junit.platform.launcher.core.InterceptingLauncher.execute(InterceptingLauncher.java:45)
	at org.junit.platform.launcher.core.DelegatingLauncher.execute(DelegatingLauncher.java:57)
	at org.gradle.api.internal.tasks.testing.junitplatform.JUnitPlatformTestDefinitionProcessor$CollectThenExecuteTestDefinitionConsumer.processAllTestDefinitions(JUnitPlatformTestDefinitionProcessor.java:206)
	at org.gradle.api.internal.tasks.testing.junitplatform.JUnitPlatformTestDefinitionProcessor$CollectThenExecuteTestDefinitionConsumer.access$000(JUnitPlatformTestDefinitionProcessor.java:123)
	at org.gradle.api.internal.tasks.testing.junitplatform.JUnitPlatformTestDefinitionProcessor.stop(JUnitPlatformTestDefinitionProcessor.java:117)
	at org.gradle.api.internal.tasks.testing.SuiteTestDefinitionProcessor.stop(SuiteTestDefinitionProcessor.java:63)
	at java.base/jdk.internal.reflect.DirectMethodHandleAccessor.invoke(DirectMethodHandleAccessor.java:104)
	at java.base/java.lang.reflect.Method.invoke(Method.java:565)
	at org.gradle.internal.dispatch.MethodInvocation.invokeOn(MethodInvocation.java:77)
	at org.gradle.internal.dispatch.ReflectionDispatch.dispatch(ReflectionDispatch.java:28)
	at org.gradle.internal.dispatch.ReflectionDispatch.dispatch(ReflectionDispatch.java:19)
	at org.gradle.internal.dispatch.ContextClassLoaderDispatch.dispatch(ContextClassLoaderDispatch.java:33)
	at org.gradle.internal.dispatch.ProxyDispatchAdapter$DispatchingInvocationHandler.invoke(ProxyDispatchAdapter.java:88)
	at jdk.proxy1/jdk.proxy1.$Proxy4.stop(Unknown Source)
	at org.gradle.api.internal.tasks.testing.worker.TestWorker$3.run(TestWorker.java:195)
	at org.gradle.api.internal.tasks.testing.worker.TestWorker.executeAndMaintainThreadName(TestWorker.java:126)
	at org.gradle.api.internal.tasks.testing.worker.TestWorker.execute(TestWorker.java:103)
	at org.gradle.api.internal.tasks.testing.worker.TestWorker.execute(TestWorker.java:63)
	at org.gradle.process.internal.worker.child.ActionExecutionWorker.execute(ActionExecutionWorker.java:56)
	at org.gradle.process.internal.worker.child.SystemApplicationClassLoaderWorker.call(SystemApplicationClassLoaderWorker.java:122)
	at org.gradle.process.internal.worker.child.SystemApplicationClassLoaderWorker.call(SystemApplicationClassLoaderWorker.java:72)
	at worker.org.gradle.process.internal.worker.GradleWorkerMain.run(GradleWorkerMain.java:69)
	at worker.org.gradle.process.internal.worker.GradleWorkerMain.main(GradleWorkerMain.java:74)
2026-08-25 22:55:50.043  INFO 23832--- [    Test worker] de.polocloud.node.services.queue.ServiceQueue : Queued lobby-1 [memory: 512MB, platform: PAPER/1.21]
2026-08-25 22:55:50.043  INFO 23832--- [    Test worker] de.polocloud.node.services.queue.ServiceQueue : Group 'survival' needs 1 more service(s) cluster-wide (this node: 1) — minOnline: 1, cluster running: 0, queued: 0
2026-08-25 22:55:50.044 ERROR 23832--- [    Test worker] de.polocloud.database.sql.SqlExecutor : SQL update failed: INSERT INTO services (id, serviceIndex, groupName, state, hostname, port, nodeId) VALUES (?, ?, ?, ?, ?, ?, ?)
org.h2.jdbc.JdbcSQLIntegrityConstraintViolationException: Referentielle Integrität verletzt: "CONSTRAINT_80: PUBLIC.SERVICES FOREIGN KEY(GROUPNAME) REFERENCES PUBLIC.""GROUPS""(NAME) ('survival')"
Referential integrity constraint violation: "CONSTRAINT_80: PUBLIC.SERVICES FOREIGN KEY(GROUPNAME) REFERENCES PUBLIC.""GROUPS""(NAME) ('survival')"; SQL statement:
INSERT INTO services (id, serviceIndex, groupName, state, hostname, port, nodeId) VALUES (?, ?, ?, ?, ?, ?, ?) [23506-240]
	at org.h2.message.DbException.getJdbcSQLException(DbException.java:520)
	at org.h2.message.DbException.getJdbcSQLException(DbException.java:489)
	at org.h2.message.DbException.get(DbException.java:223)
	at org.h2.message.DbException.get(DbException.java:199)
	at org.h2.constraint.ConstraintReferential.checkRowOwnTable(ConstraintReferential.java:309)
	at org.h2.constraint.ConstraintReferential.checkRow(ConstraintReferential.java:250)
	at org.h2.table.Table.fireConstraints(Table.java:1208)
	at org.h2.table.Table.fireAfterRow(Table.java:1226)
	at org.h2.command.dml.Insert.insertRows(Insert.java:188)
	at org.h2.command.dml.Insert.update(Insert.java:135)
	at org.h2.command.dml.DataChangeStatement.update(DataChangeStatement.java:77)
	at org.h2.command.CommandContainer.update(CommandContainer.java:139)
	at org.h2.command.Command.executeUpdate(Command.java:306)
	at org.h2.command.Command.executeUpdate(Command.java:250)
	at org.h2.jdbc.JdbcPreparedStatement.executeUpdateInternal(JdbcPreparedStatement.java:213)
	at org.h2.jdbc.JdbcPreparedStatement.executeUpdate(JdbcPreparedStatement.java:172)
	at com.zaxxer.hikari.pool.ProxyPreparedStatement.executeUpdate(ProxyPreparedStatement.java:61)
	at com.zaxxer.hikari.pool.HikariProxyPreparedStatement.executeUpdate(HikariProxyPreparedStatement.java)
	at de.polocloud.database.sql.SqlExecutor.update$lambda$0(SqlExecutor.kt:299)
	at de.polocloud.database.sql.SqlExecutor.withConnection(SqlExecutor.kt:371)
	at de.polocloud.database.sql.SqlExecutor.update(SqlExecutor.kt:294)
	at de.polocloud.database.sql.SqlExecutor.save(SqlExecutor.kt:82)
	at de.polocloud.node.services.ServiceRepository.save(ServiceRepository.kt:12)
	at de.polocloud.node.services.ServiceProvider.update(ServiceProvider.kt:122)
	at de.polocloud.node.services.queue.ServiceQueue.enqueueRequired(ServiceQueue.kt:178)
	at de.polocloud.node.services.queue.ServiceQueue.enqueueRequiredForTest$de_polocloud_node(ServiceQueue.kt:103)
	at de.polocloud.node.services.queue.ServiceQueueEligibilityTest.removeGroup is case-insensitive and leaves other groups' queued services untouched(ServiceQueueEligibilityTest.kt:298)
	at java.base/jdk.internal.reflect.DirectMethodHandleAccessor.invoke(DirectMethodHandleAccessor.java:104)
	at java.base/java.lang.reflect.Method.invoke(Method.java:565)
	at org.junit.platform.commons.util.ReflectionUtils.invokeMethod(ReflectionUtils.java:700)
	at org.junit.platform.commons.support.ReflectionSupport.invokeMethod(ReflectionSupport.java:528)
	at org.junit.jupiter.engine.support.MethodReflectionUtils.invoke(MethodReflectionUtils.java:53)
	at org.junit.jupiter.engine.execution.MethodInvocation.proceed(MethodInvocation.java:61)
	at org.junit.jupiter.engine.execution.InvocationInterceptorChain$ValidatingInvocation.proceed(InvocationInterceptorChain.java:124)
	at org.junit.jupiter.engine.extension.TimeoutExtension.intercept(TimeoutExtension.java:163)
	at org.junit.jupiter.engine.extension.TimeoutExtension.interceptTestableMethod(TimeoutExtension.java:148)
	at org.junit.jupiter.engine.extension.TimeoutExtension.interceptTestMethod(TimeoutExtension.java:86)
	at org.junit.jupiter.engine.execution.InterceptingExecutableInvoker$ReflectiveInterceptorCall.lambda$ofVoidMethod$0(InterceptingExecutableInvoker.java:124)
	at org.junit.jupiter.engine.execution.InterceptingExecutableInvoker.lambda$invoke$0(InterceptingExecutableInvoker.java:105)
	at org.junit.jupiter.engine.execution.InvocationInterceptorChain$InterceptedInvocation.proceed(InvocationInterceptorChain.java:99)
	at org.junit.jupiter.engine.execution.InvocationInterceptorChain.proceed(InvocationInterceptorChain.java:66)
	at org.junit.jupiter.engine.execution.InvocationInterceptorChain.chainAndInvoke(InvocationInterceptorChain.java:47)
	at org.junit.jupiter.engine.execution.InvocationInterceptorChain.invoke(InvocationInterceptorChain.java:39)
	at org.junit.jupiter.engine.execution.InterceptingExecutableInvoker.invoke(InterceptingExecutableInvoker.java:104)
	at org.junit.jupiter.engine.execution.InterceptingExecutableInvoker.invoke(InterceptingExecutableInvoker.java:98)
	at org.junit.jupiter.engine.execution.InterceptingExecutableInvoker.invokeVoid(InterceptingExecutableInvoker.java:71)
	at org.junit.jupiter.engine.descriptor.TestMethodTestDescriptor.lambda$invokeTestMethod$0(TestMethodTestDescriptor.java:219)
	at org.junit.platform.engine.support.hierarchical.ThrowableCollector.execute(ThrowableCollector.java:74)
	at org.junit.jupiter.engine.descriptor.TestMethodTestDescriptor.invokeTestMethod(TestMethodTestDescriptor.java:215)
	at org.junit.jupiter.engine.descriptor.TestMethodTestDescriptor.execute(TestMethodTestDescriptor.java:157)
	at org.junit.jupiter.engine.descriptor.TestMethodTestDescriptor.execute(TestMethodTestDescriptor.java:70)
	at org.junit.platform.engine.support.hierarchical.NodeTestTask.lambda$executeRecursively$2(NodeTestTask.java:176)
	at org.junit.platform.engine.support.hierarchical.ThrowableCollector.execute(ThrowableCollector.java:74)
	at org.junit.platform.engine.support.hierarchical.NodeTestTask.lambda$executeRecursively$1(NodeTestTask.java:166)
	at org.junit.platform.engine.support.hierarchical.Node.around(Node.java:139)
	at org.junit.platform.engine.support.hierarchical.NodeTestTask.lambda$executeRecursively$0(NodeTestTask.java:164)
	at org.junit.platform.engine.support.hierarchical.ThrowableCollector.execute(ThrowableCollector.java:74)
	at org.junit.platform.engine.support.hierarchical.NodeTestTask.executeRecursively(NodeTestTask.java:163)
	at org.junit.platform.engine.support.hierarchical.NodeTestTask.execute(NodeTestTask.java:116)
	at java.base/java.util.ArrayList.forEach(ArrayList.java:1604)
	at org.junit.platform.engine.support.hierarchical.SameThreadHierarchicalTestExecutorService.invokeAll(SameThreadHierarchicalTestExecutorService.java:42)
	at org.junit.platform.engine.support.hierarchical.NodeTestTask.lambda$executeRecursively$2(NodeTestTask.java:180)
	at org.junit.platform.engine.support.hierarchical.ThrowableCollector.execute(ThrowableCollector.java:74)
	at org.junit.platform.engine.support.hierarchical.NodeTestTask.lambda$executeRecursively$1(NodeTestTask.java:166)
	at org.junit.platform.engine.support.hierarchical.Node.around(Node.java:139)
	at org.junit.platform.engine.support.hierarchical.NodeTestTask.lambda$executeRecursively$0(NodeTestTask.java:164)
	at org.junit.platform.engine.support.hierarchical.ThrowableCollector.execute(ThrowableCollector.java:74)
	at org.junit.platform.engine.support.hierarchical.NodeTestTask.executeRecursively(NodeTestTask.java:163)
	at org.junit.platform.engine.support.hierarchical.NodeTestTask.execute(NodeTestTask.java:116)
	at java.base/java.util.ArrayList.forEach(ArrayList.java:1604)
	at org.junit.platform.engine.support.hierarchical.SameThreadHierarchicalTestExecutorService.invokeAll(SameThreadHierarchicalTestExecutorService.java:42)
	at org.junit.platform.engine.support.hierarchical.NodeTestTask.lambda$executeRecursively$2(NodeTestTask.java:180)
	at org.junit.platform.engine.support.hierarchical.ThrowableCollector.execute(ThrowableCollector.java:74)
	at org.junit.platform.engine.support.hierarchical.NodeTestTask.lambda$executeRecursively$1(NodeTestTask.java:166)
	at org.junit.platform.engine.support.hierarchical.Node.around(Node.java:139)
	at org.junit.platform.engine.support.hierarchical.NodeTestTask.lambda$executeRecursively$0(NodeTestTask.java:164)
	at org.junit.platform.engine.support.hierarchical.ThrowableCollector.execute(ThrowableCollector.java:74)
	at org.junit.platform.engine.support.hierarchical.NodeTestTask.executeRecursively(NodeTestTask.java:163)
	at org.junit.platform.engine.support.hierarchical.NodeTestTask.execute(NodeTestTask.java:116)
	at org.junit.platform.engine.support.hierarchical.SameThreadHierarchicalTestExecutorService.submit(SameThreadHierarchicalTestExecutorService.java:36)
	at org.junit.platform.engine.support.hierarchical.HierarchicalTestExecutor.execute(HierarchicalTestExecutor.java:52)
	at org.junit.platform.engine.support.hierarchical.HierarchicalTestEngine.execute(HierarchicalTestEngine.java:58)
	at org.junit.platform.launcher.core.EngineExecutionOrchestrator.executeEngine(EngineExecutionOrchestrator.java:256)
	at org.junit.platform.launcher.core.EngineExecutionOrchestrator.failOrExecuteEngine(EngineExecutionOrchestrator.java:228)
	at org.junit.platform.launcher.core.EngineExecutionOrchestrator.execute(EngineExecutionOrchestrator.java:189)
	at org.junit.platform.launcher.core.EngineExecutionOrchestrator.execute(EngineExecutionOrchestrator.java:109)
	at org.junit.platform.launcher.core.EngineExecutionOrchestrator.lambda$execute$0(EngineExecutionOrchestrator.java:66)
	at org.junit.platform.launcher.core.EngineExecutionOrchestrator.withInterceptedStreams(EngineExecutionOrchestrator.java:168)
	at org.junit.platform.launcher.core.EngineExecutionOrchestrator.execute(EngineExecutionOrchestrator.java:65)
	at org.junit.platform.launcher.core.DefaultLauncher.execute(DefaultLauncher.java:137)
	at org.junit.platform.launcher.core.DefaultLauncher.execute(DefaultLauncher.java:126)
	at org.junit.platform.launcher.core.DefaultLauncher.execute(DefaultLauncher.java:100)
	at org.junit.platform.launcher.core.DelegatingLauncher.execute(DelegatingLauncher.java:57)
	at org.junit.platform.launcher.core.InterceptingLauncher.lambda$execute$0(InterceptingLauncher.java:46)
	at org.junit.platform.launcher.core.ClasspathAlignmentCheckingLauncherInterceptor.intercept(ClasspathAlignmentCheckingLauncherInterceptor.java:25)
	at org.junit.platform.launcher.core.InterceptingLauncher.execute(InterceptingLauncher.java:45)
	at org.junit.platform.launcher.core.DelegatingLauncher.execute(DelegatingLauncher.java:57)
	at org.gradle.api.internal.tasks.testing.junitplatform.JUnitPlatformTestDefinitionProcessor$CollectThenExecuteTestDefinitionConsumer.processAllTestDefinitions(JUnitPlatformTestDefinitionProcessor.java:206)
	at org.gradle.api.internal.tasks.testing.junitplatform.JUnitPlatformTestDefinitionProcessor$CollectThenExecuteTestDefinitionConsumer.access$000(JUnitPlatformTestDefinitionProcessor.java:123)
	at org.gradle.api.internal.tasks.testing.junitplatform.JUnitPlatformTestDefinitionProcessor.stop(JUnitPlatformTestDefinitionProcessor.java:117)
	at org.gradle.api.internal.tasks.testing.SuiteTestDefinitionProcessor.stop(SuiteTestDefinitionProcessor.java:63)
	at java.base/jdk.internal.reflect.DirectMethodHandleAccessor.invoke(DirectMethodHandleAccessor.java:104)
	at java.base/java.lang.reflect.Method.invoke(Method.java:565)
	at org.gradle.internal.dispatch.MethodInvocation.invokeOn(MethodInvocation.java:77)
	at org.gradle.internal.dispatch.ReflectionDispatch.dispatch(ReflectionDispatch.java:28)
	at org.gradle.internal.dispatch.ReflectionDispatch.dispatch(ReflectionDispatch.java:19)
	at org.gradle.internal.dispatch.ContextClassLoaderDispatch.dispatch(ContextClassLoaderDispatch.java:33)
	at org.gradle.internal.dispatch.ProxyDispatchAdapter$DispatchingInvocationHandler.invoke(ProxyDispatchAdapter.java:88)
	at jdk.proxy1/jdk.proxy1.$Proxy4.stop(Unknown Source)
	at org.gradle.api.internal.tasks.testing.worker.TestWorker$3.run(TestWorker.java:195)
	at org.gradle.api.internal.tasks.testing.worker.TestWorker.executeAndMaintainThreadName(TestWorker.java:126)
	at org.gradle.api.internal.tasks.testing.worker.TestWorker.execute(TestWorker.java:103)
	at org.gradle.api.internal.tasks.testing.worker.TestWorker.execute(TestWorker.java:63)
	at org.gradle.process.internal.worker.child.ActionExecutionWorker.execute(ActionExecutionWorker.java:56)
	at org.gradle.process.internal.worker.child.SystemApplicationClassLoaderWorker.call(SystemApplicationClassLoaderWorker.java:122)
	at org.gradle.process.internal.worker.child.SystemApplicationClassLoaderWorker.call(SystemApplicationClassLoaderWorker.java:72)
	at worker.org.gradle.process.internal.worker.GradleWorkerMain.run(GradleWorkerMain.java:69)
	at worker.org.gradle.process.internal.worker.GradleWorkerMain.main(GradleWorkerMain.java:74)
2026-08-25 22:55:50.044  INFO 23832--- [    Test worker] de.polocloud.node.services.queue.ServiceQueue : Queued survival-1 [memory: 512MB, platform: PAPER/1.21]
2026-08-25 22:55:50.045  INFO 23832--- [    Test worker] de.polocloud.node.services.queue.ServiceQueue : Group 'lobby' needs 3 more service(s) cluster-wide (this node: 1) — minOnline: 3, cluster running: 0, queued: 0
2026-08-25 22:55:50.046 ERROR 23832--- [    Test worker] de.polocloud.database.sql.SqlExecutor : SQL update failed: INSERT INTO services (id, serviceIndex, groupName, state, hostname, port, nodeId) VALUES (?, ?, ?, ?, ?, ?, ?)
org.h2.jdbc.JdbcSQLIntegrityConstraintViolationException: Referentielle Integrität verletzt: "CONSTRAINT_80: PUBLIC.SERVICES FOREIGN KEY(GROUPNAME) REFERENCES PUBLIC.""GROUPS""(NAME) ('lobby')"
Referential integrity constraint violation: "CONSTRAINT_80: PUBLIC.SERVICES FOREIGN KEY(GROUPNAME) REFERENCES PUBLIC.""GROUPS""(NAME) ('lobby')"; SQL statement:
INSERT INTO services (id, serviceIndex, groupName, state, hostname, port, nodeId) VALUES (?, ?, ?, ?, ?, ?, ?) [23506-240]
	at org.h2.message.DbException.getJdbcSQLException(DbException.java:520)
	at org.h2.message.DbException.getJdbcSQLException(DbException.java:489)
	at org.h2.message.DbException.get(DbException.java:223)
	at org.h2.message.DbException.get(DbException.java:199)
	at org.h2.constraint.ConstraintReferential.checkRowOwnTable(ConstraintReferential.java:309)
	at org.h2.constraint.ConstraintReferential.checkRow(ConstraintReferential.java:250)
	at org.h2.table.Table.fireConstraints(Table.java:1208)
	at org.h2.table.Table.fireAfterRow(Table.java:1226)
	at org.h2.command.dml.Insert.insertRows(Insert.java:188)
	at org.h2.command.dml.Insert.update(Insert.java:135)
	at org.h2.command.dml.DataChangeStatement.update(DataChangeStatement.java:77)
	at org.h2.command.CommandContainer.update(CommandContainer.java:139)
	at org.h2.command.Command.executeUpdate(Command.java:306)
	at org.h2.command.Command.executeUpdate(Command.java:250)
	at org.h2.jdbc.JdbcPreparedStatement.executeUpdateInternal(JdbcPreparedStatement.java:213)
	at org.h2.jdbc.JdbcPreparedStatement.executeUpdate(JdbcPreparedStatement.java:172)
	at com.zaxxer.hikari.pool.ProxyPreparedStatement.executeUpdate(ProxyPreparedStatement.java:61)
	at com.zaxxer.hikari.pool.HikariProxyPreparedStatement.executeUpdate(HikariProxyPreparedStatement.java)
	at de.polocloud.database.sql.SqlExecutor.update$lambda$0(SqlExecutor.kt:299)
	at de.polocloud.database.sql.SqlExecutor.withConnection(SqlExecutor.kt:371)
	at de.polocloud.database.sql.SqlExecutor.update(SqlExecutor.kt:294)
	at de.polocloud.database.sql.SqlExecutor.save(SqlExecutor.kt:82)
	at de.polocloud.node.services.ServiceRepository.save(ServiceRepository.kt:12)
	at de.polocloud.node.services.ServiceProvider.update(ServiceProvider.kt:122)
	at de.polocloud.node.services.queue.ServiceQueue.enqueueRequired(ServiceQueue.kt:178)
	at de.polocloud.node.services.queue.ServiceQueue.enqueueRequiredForTest$de_polocloud_node(ServiceQueue.kt:103)
	at de.polocloud.node.services.queue.ServiceQueueEligibilityTest.unrestricted group with nothing running assigns exactly one replica to the owning node(ServiceQueueEligibilityTest.kt:142)
	at java.base/jdk.internal.reflect.DirectMethodHandleAccessor.invoke(DirectMethodHandleAccessor.java:104)
	at java.base/java.lang.reflect.Method.invoke(Method.java:565)
	at org.junit.platform.commons.util.ReflectionUtils.invokeMethod(ReflectionUtils.java:700)
	at org.junit.platform.commons.support.ReflectionSupport.invokeMethod(ReflectionSupport.java:528)
	at org.junit.jupiter.engine.support.MethodReflectionUtils.invoke(MethodReflectionUtils.java:53)
	at org.junit.jupiter.engine.execution.MethodInvocation.proceed(MethodInvocation.java:61)
	at org.junit.jupiter.engine.execution.InvocationInterceptorChain$ValidatingInvocation.proceed(InvocationInterceptorChain.java:124)
	at org.junit.jupiter.engine.extension.TimeoutExtension.intercept(TimeoutExtension.java:163)
	at org.junit.jupiter.engine.extension.TimeoutExtension.interceptTestableMethod(TimeoutExtension.java:148)
	at org.junit.jupiter.engine.extension.TimeoutExtension.interceptTestMethod(TimeoutExtension.java:86)
	at org.junit.jupiter.engine.execution.InterceptingExecutableInvoker$ReflectiveInterceptorCall.lambda$ofVoidMethod$0(InterceptingExecutableInvoker.java:124)
	at org.junit.jupiter.engine.execution.InterceptingExecutableInvoker.lambda$invoke$0(InterceptingExecutableInvoker.java:105)
	at org.junit.jupiter.engine.execution.InvocationInterceptorChain$InterceptedInvocation.proceed(InvocationInterceptorChain.java:99)
	at org.junit.jupiter.engine.execution.InvocationInterceptorChain.proceed(InvocationInterceptorChain.java:66)
	at org.junit.jupiter.engine.execution.InvocationInterceptorChain.chainAndInvoke(InvocationInterceptorChain.java:47)
	at org.junit.jupiter.engine.execution.InvocationInterceptorChain.invoke(InvocationInterceptorChain.java:39)
	at org.junit.jupiter.engine.execution.InterceptingExecutableInvoker.invoke(InterceptingExecutableInvoker.java:104)
	at org.junit.jupiter.engine.execution.InterceptingExecutableInvoker.invoke(InterceptingExecutableInvoker.java:98)
	at org.junit.jupiter.engine.execution.InterceptingExecutableInvoker.invokeVoid(InterceptingExecutableInvoker.java:71)
	at org.junit.jupiter.engine.descriptor.TestMethodTestDescriptor.lambda$invokeTestMethod$0(TestMethodTestDescriptor.java:219)
	at org.junit.platform.engine.support.hierarchical.ThrowableCollector.execute(ThrowableCollector.java:74)
	at org.junit.jupiter.engine.descriptor.TestMethodTestDescriptor.invokeTestMethod(TestMethodTestDescriptor.java:215)
	at org.junit.jupiter.engine.descriptor.TestMethodTestDescriptor.execute(TestMethodTestDescriptor.java:157)
	at org.junit.jupiter.engine.descriptor.TestMethodTestDescriptor.execute(TestMethodTestDescriptor.java:70)
	at org.junit.platform.engine.support.hierarchical.NodeTestTask.lambda$executeRecursively$2(NodeTestTask.java:176)
	at org.junit.platform.engine.support.hierarchical.ThrowableCollector.execute(ThrowableCollector.java:74)
	at org.junit.platform.engine.support.hierarchical.NodeTestTask.lambda$executeRecursively$1(NodeTestTask.java:166)
	at org.junit.platform.engine.support.hierarchical.Node.around(Node.java:139)
	at org.junit.platform.engine.support.hierarchical.NodeTestTask.lambda$executeRecursively$0(NodeTestTask.java:164)
	at org.junit.platform.engine.support.hierarchical.ThrowableCollector.execute(ThrowableCollector.java:74)
	at org.junit.platform.engine.support.hierarchical.NodeTestTask.executeRecursively(NodeTestTask.java:163)
	at org.junit.platform.engine.support.hierarchical.NodeTestTask.execute(NodeTestTask.java:116)
	at java.base/java.util.ArrayList.forEach(ArrayList.java:1604)
	at org.junit.platform.engine.support.hierarchical.SameThreadHierarchicalTestExecutorService.invokeAll(SameThreadHierarchicalTestExecutorService.java:42)
	at org.junit.platform.engine.support.hierarchical.NodeTestTask.lambda$executeRecursively$2(NodeTestTask.java:180)
	at org.junit.platform.engine.support.hierarchical.ThrowableCollector.execute(ThrowableCollector.java:74)
	at org.junit.platform.engine.support.hierarchical.NodeTestTask.lambda$executeRecursively$1(NodeTestTask.java:166)
	at org.junit.platform.engine.support.hierarchical.Node.around(Node.java:139)
	at org.junit.platform.engine.support.hierarchical.NodeTestTask.lambda$executeRecursively$0(NodeTestTask.java:164)
	at org.junit.platform.engine.support.hierarchical.ThrowableCollector.execute(ThrowableCollector.java:74)
	at org.junit.platform.engine.support.hierarchical.NodeTestTask.executeRecursively(NodeTestTask.java:163)
	at org.junit.platform.engine.support.hierarchical.NodeTestTask.execute(NodeTestTask.java:116)
	at java.base/java.util.ArrayList.forEach(ArrayList.java:1604)
	at org.junit.platform.engine.support.hierarchical.SameThreadHierarchicalTestExecutorService.invokeAll(SameThreadHierarchicalTestExecutorService.java:42)
	at org.junit.platform.engine.support.hierarchical.NodeTestTask.lambda$executeRecursively$2(NodeTestTask.java:180)
	at org.junit.platform.engine.support.hierarchical.ThrowableCollector.execute(ThrowableCollector.java:74)
	at org.junit.platform.engine.support.hierarchical.NodeTestTask.lambda$executeRecursively$1(NodeTestTask.java:166)
	at org.junit.platform.engine.support.hierarchical.Node.around(Node.java:139)
	at org.junit.platform.engine.support.hierarchical.NodeTestTask.lambda$executeRecursively$0(NodeTestTask.java:164)
	at org.junit.platform.engine.support.hierarchical.ThrowableCollector.execute(ThrowableCollector.java:74)
	at org.junit.platform.engine.support.hierarchical.NodeTestTask.executeRecursively(NodeTestTask.java:163)
	at org.junit.platform.engine.support.hierarchical.NodeTestTask.execute(NodeTestTask.java:116)
	at org.junit.platform.engine.support.hierarchical.SameThreadHierarchicalTestExecutorService.submit(SameThreadHierarchicalTestExecutorService.java:36)
	at org.junit.platform.engine.support.hierarchical.HierarchicalTestExecutor.execute(HierarchicalTestExecutor.java:52)
	at org.junit.platform.engine.support.hierarchical.HierarchicalTestEngine.execute(HierarchicalTestEngine.java:58)
	at org.junit.platform.launcher.core.EngineExecutionOrchestrator.executeEngine(EngineExecutionOrchestrator.java:256)
	at org.junit.platform.launcher.core.EngineExecutionOrchestrator.failOrExecuteEngine(EngineExecutionOrchestrator.java:228)
	at org.junit.platform.launcher.core.EngineExecutionOrchestrator.execute(EngineExecutionOrchestrator.java:189)
	at org.junit.platform.launcher.core.EngineExecutionOrchestrator.execute(EngineExecutionOrchestrator.java:109)
	at org.junit.platform.launcher.core.EngineExecutionOrchestrator.lambda$execute$0(EngineExecutionOrchestrator.java:66)
	at org.junit.platform.launcher.core.EngineExecutionOrchestrator.withInterceptedStreams(EngineExecutionOrchestrator.java:168)
	at org.junit.platform.launcher.core.EngineExecutionOrchestrator.execute(EngineExecutionOrchestrator.java:65)
	at org.junit.platform.launcher.core.DefaultLauncher.execute(DefaultLauncher.java:137)
	at org.junit.platform.launcher.core.DefaultLauncher.execute(DefaultLauncher.java:126)
	at org.junit.platform.launcher.core.DefaultLauncher.execute(DefaultLauncher.java:100)
	at org.junit.platform.launcher.core.DelegatingLauncher.execute(DelegatingLauncher.java:57)
	at org.junit.platform.launcher.core.InterceptingLauncher.lambda$execute$0(InterceptingLauncher.java:46)
	at org.junit.platform.launcher.core.ClasspathAlignmentCheckingLauncherInterceptor.intercept(ClasspathAlignmentCheckingLauncherInterceptor.java:25)
	at org.junit.platform.launcher.core.InterceptingLauncher.execute(InterceptingLauncher.java:45)
	at org.junit.platform.launcher.core.DelegatingLauncher.execute(DelegatingLauncher.java:57)
	at org.gradle.api.internal.tasks.testing.junitplatform.JUnitPlatformTestDefinitionProcessor$CollectThenExecuteTestDefinitionConsumer.processAllTestDefinitions(JUnitPlatformTestDefinitionProcessor.java:206)
	at org.gradle.api.internal.tasks.testing.junitplatform.JUnitPlatformTestDefinitionProcessor$CollectThenExecuteTestDefinitionConsumer.access$000(JUnitPlatformTestDefinitionProcessor.java:123)
	at org.gradle.api.internal.tasks.testing.junitplatform.JUnitPlatformTestDefinitionProcessor.stop(JUnitPlatformTestDefinitionProcessor.java:117)
	at org.gradle.api.internal.tasks.testing.SuiteTestDefinitionProcessor.stop(SuiteTestDefinitionProcessor.java:63)
	at java.base/jdk.internal.reflect.DirectMethodHandleAccessor.invoke(DirectMethodHandleAccessor.java:104)
	at java.base/java.lang.reflect.Method.invoke(Method.java:565)
	at org.gradle.internal.dispatch.MethodInvocation.invokeOn(MethodInvocation.java:77)
	at org.gradle.internal.dispatch.ReflectionDispatch.dispatch(ReflectionDispatch.java:28)
	at org.gradle.internal.dispatch.ReflectionDispatch.dispatch(ReflectionDispatch.java:19)
	at org.gradle.internal.dispatch.ContextClassLoaderDispatch.dispatch(ContextClassLoaderDispatch.java:33)
	at org.gradle.internal.dispatch.ProxyDispatchAdapter$DispatchingInvocationHandler.invoke(ProxyDispatchAdapter.java:88)
	at jdk.proxy1/jdk.proxy1.$Proxy4.stop(Unknown Source)
	at org.gradle.api.internal.tasks.testing.worker.TestWorker$3.run(TestWorker.java:195)
	at org.gradle.api.internal.tasks.testing.worker.TestWorker.executeAndMaintainThreadName(TestWorker.java:126)
	at org.gradle.api.internal.tasks.testing.worker.TestWorker.execute(TestWorker.java:103)
	at org.gradle.api.internal.tasks.testing.worker.TestWorker.execute(TestWorker.java:63)
	at org.gradle.process.internal.worker.child.ActionExecutionWorker.execute(ActionExecutionWorker.java:56)
	at org.gradle.process.internal.worker.child.SystemApplicationClassLoaderWorker.call(SystemApplicationClassLoaderWorker.java:122)
	at org.gradle.process.internal.worker.child.SystemApplicationClassLoaderWorker.call(SystemApplicationClassLoaderWorker.java:72)
	at worker.org.gradle.process.internal.worker.GradleWorkerMain.run(GradleWorkerMain.java:69)
	at worker.org.gradle.process.internal.worker.GradleWorkerMain.main(GradleWorkerMain.java:74)
2026-08-25 22:55:50.046  INFO 23832--- [    Test worker] de.polocloud.node.services.queue.ServiceQueue : Queued lobby-1 [memory: 512MB, platform: PAPER/1.21]
2026-08-25 22:55:50.047  WARN 23832--- [    Test worker] de.polocloud.node.services.queue.CrashLoopGuard : Group 'lobby' crashed 3 times in a row within 30000ms of starting — backing off for 5000ms before placing another replica
2026-08-25 22:55:50.049  INFO 23832--- [    Test worker] de.polocloud.node.services.queue.ServiceQueue : Group 'lobby' is at 120/120 players (100,0% >= 60,0% threshold) — starting 1 more service(s) cluster-wide (this node: 1), capped at maxOnline: 4
2026-08-25 22:55:50.049 ERROR 23832--- [    Test worker] de.polocloud.database.sql.SqlExecutor : SQL update failed: INSERT INTO services (id, serviceIndex, groupName, state, hostname, port, nodeId) VALUES (?, ?, ?, ?, ?, ?, ?)
org.h2.jdbc.JdbcSQLIntegrityConstraintViolationException: Referentielle Integrität verletzt: "CONSTRAINT_80: PUBLIC.SERVICES FOREIGN KEY(GROUPNAME) REFERENCES PUBLIC.""GROUPS""(NAME) ('lobby')"
Referential integrity constraint violation: "CONSTRAINT_80: PUBLIC.SERVICES FOREIGN KEY(GROUPNAME) REFERENCES PUBLIC.""GROUPS""(NAME) ('lobby')"; SQL statement:
INSERT INTO services (id, serviceIndex, groupName, state, hostname, port, nodeId) VALUES (?, ?, ?, ?, ?, ?, ?) [23506-240]
	at org.h2.message.DbException.getJdbcSQLException(DbException.java:520)
	at org.h2.message.DbException.getJdbcSQLException(DbException.java:489)
	at org.h2.message.DbException.get(DbException.java:223)
	at org.h2.message.DbException.get(DbException.java:199)
	at org.h2.constraint.ConstraintReferential.checkRowOwnTable(ConstraintReferential.java:309)
	at org.h2.constraint.ConstraintReferential.checkRow(ConstraintReferential.java:250)
	at org.h2.table.Table.fireConstraints(Table.java:1208)
	at org.h2.table.Table.fireAfterRow(Table.java:1226)
	at org.h2.command.dml.Insert.insertRows(Insert.java:188)
	at org.h2.command.dml.Insert.update(Insert.java:135)
	at org.h2.command.dml.DataChangeStatement.update(DataChangeStatement.java:77)
	at org.h2.command.CommandContainer.update(CommandContainer.java:139)
	at org.h2.command.Command.executeUpdate(Command.java:306)
	at org.h2.command.Command.executeUpdate(Command.java:250)
	at org.h2.jdbc.JdbcPreparedStatement.executeUpdateInternal(JdbcPreparedStatement.java:213)
	at org.h2.jdbc.JdbcPreparedStatement.executeUpdate(JdbcPreparedStatement.java:172)
	at com.zaxxer.hikari.pool.ProxyPreparedStatement.executeUpdate(ProxyPreparedStatement.java:61)
	at com.zaxxer.hikari.pool.HikariProxyPreparedStatement.executeUpdate(HikariProxyPreparedStatement.java)
	at de.polocloud.database.sql.SqlExecutor.update$lambda$0(SqlExecutor.kt:299)
	at de.polocloud.database.sql.SqlExecutor.withConnection(SqlExecutor.kt:371)
	at de.polocloud.database.sql.SqlExecutor.update(SqlExecutor.kt:294)
	at de.polocloud.database.sql.SqlExecutor.save(SqlExecutor.kt:82)
	at de.polocloud.node.services.ServiceRepository.save(ServiceRepository.kt:12)
	at de.polocloud.node.services.ServiceProvider.update(ServiceProvider.kt:122)
	at de.polocloud.node.services.queue.ServiceQueue.enqueueRequired(ServiceQueue.kt:178)
	at de.polocloud.node.services.queue.ServiceQueue.enqueueRequiredForTest$de_polocloud_node(ServiceQueue.kt:103)
	at de.polocloud.node.services.queue.ServiceQueueEligibilityTest.load-based scale-up aggregates occupancy across the whole cluster, not just this node(ServiceQueueEligibilityTest.kt:397)
	at java.base/jdk.internal.reflect.DirectMethodHandleAccessor.invoke(DirectMethodHandleAccessor.java:104)
	at java.base/java.lang.reflect.Method.invoke(Method.java:565)
	at org.junit.platform.commons.util.ReflectionUtils.invokeMethod(ReflectionUtils.java:700)
	at org.junit.platform.commons.support.ReflectionSupport.invokeMethod(ReflectionSupport.java:528)
	at org.junit.jupiter.engine.support.MethodReflectionUtils.invoke(MethodReflectionUtils.java:53)
	at org.junit.jupiter.engine.execution.MethodInvocation.proceed(MethodInvocation.java:61)
	at org.junit.jupiter.engine.execution.InvocationInterceptorChain$ValidatingInvocation.proceed(InvocationInterceptorChain.java:124)
	at org.junit.jupiter.engine.extension.TimeoutExtension.intercept(TimeoutExtension.java:163)
	at org.junit.jupiter.engine.extension.TimeoutExtension.interceptTestableMethod(TimeoutExtension.java:148)
	at org.junit.jupiter.engine.extension.TimeoutExtension.interceptTestMethod(TimeoutExtension.java:86)
	at org.junit.jupiter.engine.execution.InterceptingExecutableInvoker$ReflectiveInterceptorCall.lambda$ofVoidMethod$0(InterceptingExecutableInvoker.java:124)
	at org.junit.jupiter.engine.execution.InterceptingExecutableInvoker.lambda$invoke$0(InterceptingExecutableInvoker.java:105)
	at org.junit.jupiter.engine.execution.InvocationInterceptorChain$InterceptedInvocation.proceed(InvocationInterceptorChain.java:99)
	at org.junit.jupiter.engine.execution.InvocationInterceptorChain.proceed(InvocationInterceptorChain.java:66)
	at org.junit.jupiter.engine.execution.InvocationInterceptorChain.chainAndInvoke(InvocationInterceptorChain.java:47)
	at org.junit.jupiter.engine.execution.InvocationInterceptorChain.invoke(InvocationInterceptorChain.java:39)
	at org.junit.jupiter.engine.execution.InterceptingExecutableInvoker.invoke(InterceptingExecutableInvoker.java:104)
	at org.junit.jupiter.engine.execution.InterceptingExecutableInvoker.invoke(InterceptingExecutableInvoker.java:98)
	at org.junit.jupiter.engine.execution.InterceptingExecutableInvoker.invokeVoid(InterceptingExecutableInvoker.java:71)
	at org.junit.jupiter.engine.descriptor.TestMethodTestDescriptor.lambda$invokeTestMethod$0(TestMethodTestDescriptor.java:219)
	at org.junit.platform.engine.support.hierarchical.ThrowableCollector.execute(ThrowableCollector.java:74)
	at org.junit.jupiter.engine.descriptor.TestMethodTestDescriptor.invokeTestMethod(TestMethodTestDescriptor.java:215)
	at org.junit.jupiter.engine.descriptor.TestMethodTestDescriptor.execute(TestMethodTestDescriptor.java:157)
	at org.junit.jupiter.engine.descriptor.TestMethodTestDescriptor.execute(TestMethodTestDescriptor.java:70)
	at org.junit.platform.engine.support.hierarchical.NodeTestTask.lambda$executeRecursively$2(NodeTestTask.java:176)
	at org.junit.platform.engine.support.hierarchical.ThrowableCollector.execute(ThrowableCollector.java:74)
	at org.junit.platform.engine.support.hierarchical.NodeTestTask.lambda$executeRecursively$1(NodeTestTask.java:166)
	at org.junit.platform.engine.support.hierarchical.Node.around(Node.java:139)
	at org.junit.platform.engine.support.hierarchical.NodeTestTask.lambda$executeRecursively$0(NodeTestTask.java:164)
	at org.junit.platform.engine.support.hierarchical.ThrowableCollector.execute(ThrowableCollector.java:74)
	at org.junit.platform.engine.support.hierarchical.NodeTestTask.executeRecursively(NodeTestTask.java:163)
	at org.junit.platform.engine.support.hierarchical.NodeTestTask.execute(NodeTestTask.java:116)
	at java.base/java.util.ArrayList.forEach(ArrayList.java:1604)
	at org.junit.platform.engine.support.hierarchical.SameThreadHierarchicalTestExecutorService.invokeAll(SameThreadHierarchicalTestExecutorService.java:42)
	at org.junit.platform.engine.support.hierarchical.NodeTestTask.lambda$executeRecursively$2(NodeTestTask.java:180)
	at org.junit.platform.engine.support.hierarchical.ThrowableCollector.execute(ThrowableCollector.java:74)
	at org.junit.platform.engine.support.hierarchical.NodeTestTask.lambda$executeRecursively$1(NodeTestTask.java:166)
	at org.junit.platform.engine.support.hierarchical.Node.around(Node.java:139)
	at org.junit.platform.engine.support.hierarchical.NodeTestTask.lambda$executeRecursively$0(NodeTestTask.java:164)
	at org.junit.platform.engine.support.hierarchical.ThrowableCollector.execute(ThrowableCollector.java:74)
	at org.junit.platform.engine.support.hierarchical.NodeTestTask.executeRecursively(NodeTestTask.java:163)
	at org.junit.platform.engine.support.hierarchical.NodeTestTask.execute(NodeTestTask.java:116)
	at java.base/java.util.ArrayList.forEach(ArrayList.java:1604)
	at org.junit.platform.engine.support.hierarchical.SameThreadHierarchicalTestExecutorService.invokeAll(SameThreadHierarchicalTestExecutorService.java:42)
	at org.junit.platform.engine.support.hierarchical.NodeTestTask.lambda$executeRecursively$2(NodeTestTask.java:180)
	at org.junit.platform.engine.support.hierarchical.ThrowableCollector.execute(ThrowableCollector.java:74)
	at org.junit.platform.engine.support.hierarchical.NodeTestTask.lambda$executeRecursively$1(NodeTestTask.java:166)
	at org.junit.platform.engine.support.hierarchical.Node.around(Node.java:139)
	at org.junit.platform.engine.support.hierarchical.NodeTestTask.lambda$executeRecursively$0(NodeTestTask.java:164)
	at org.junit.platform.engine.support.hierarchical.ThrowableCollector.execute(ThrowableCollector.java:74)
	at org.junit.platform.engine.support.hierarchical.NodeTestTask.executeRecursively(NodeTestTask.java:163)
	at org.junit.platform.engine.support.hierarchical.NodeTestTask.execute(NodeTestTask.java:116)
	at org.junit.platform.engine.support.hierarchical.SameThreadHierarchicalTestExecutorService.submit(SameThreadHierarchicalTestExecutorService.java:36)
	at org.junit.platform.engine.support.hierarchical.HierarchicalTestExecutor.execute(HierarchicalTestExecutor.java:52)
	at org.junit.platform.engine.support.hierarchical.HierarchicalTestEngine.execute(HierarchicalTestEngine.java:58)
	at org.junit.platform.launcher.core.EngineExecutionOrchestrator.executeEngine(EngineExecutionOrchestrator.java:256)
	at org.junit.platform.launcher.core.EngineExecutionOrchestrator.failOrExecuteEngine(EngineExecutionOrchestrator.java:228)
	at org.junit.platform.launcher.core.EngineExecutionOrchestrator.execute(EngineExecutionOrchestrator.java:189)
	at org.junit.platform.launcher.core.EngineExecutionOrchestrator.execute(EngineExecutionOrchestrator.java:109)
	at org.junit.platform.launcher.core.EngineExecutionOrchestrator.lambda$execute$0(EngineExecutionOrchestrator.java:66)
	at org.junit.platform.launcher.core.EngineExecutionOrchestrator.withInterceptedStreams(EngineExecutionOrchestrator.java:168)
	at org.junit.platform.launcher.core.EngineExecutionOrchestrator.execute(EngineExecutionOrchestrator.java:65)
	at org.junit.platform.launcher.core.DefaultLauncher.execute(DefaultLauncher.java:137)
	at org.junit.platform.launcher.core.DefaultLauncher.execute(DefaultLauncher.java:126)
	at org.junit.platform.launcher.core.DefaultLauncher.execute(DefaultLauncher.java:100)
	at org.junit.platform.launcher.core.DelegatingLauncher.execute(DelegatingLauncher.java:57)
	at org.junit.platform.launcher.core.InterceptingLauncher.lambda$execute$0(InterceptingLauncher.java:46)
	at org.junit.platform.launcher.core.ClasspathAlignmentCheckingLauncherInterceptor.intercept(ClasspathAlignmentCheckingLauncherInterceptor.java:25)
	at org.junit.platform.launcher.core.InterceptingLauncher.execute(InterceptingLauncher.java:45)
	at org.junit.platform.launcher.core.DelegatingLauncher.execute(DelegatingLauncher.java:57)
	at org.gradle.api.internal.tasks.testing.junitplatform.JUnitPlatformTestDefinitionProcessor$CollectThenExecuteTestDefinitionConsumer.processAllTestDefinitions(JUnitPlatformTestDefinitionProcessor.java:206)
	at org.gradle.api.internal.tasks.testing.junitplatform.JUnitPlatformTestDefinitionProcessor$CollectThenExecuteTestDefinitionConsumer.access$000(JUnitPlatformTestDefinitionProcessor.java:123)
	at org.gradle.api.internal.tasks.testing.junitplatform.JUnitPlatformTestDefinitionProcessor.stop(JUnitPlatformTestDefinitionProcessor.java:117)
	at org.gradle.api.internal.tasks.testing.SuiteTestDefinitionProcessor.stop(SuiteTestDefinitionProcessor.java:63)
	at java.base/jdk.internal.reflect.DirectMethodHandleAccessor.invoke(DirectMethodHandleAccessor.java:104)
	at java.base/java.lang.reflect.Method.invoke(Method.java:565)
	at org.gradle.internal.dispatch.MethodInvocation.invokeOn(MethodInvocation.java:77)
	at org.gradle.internal.dispatch.ReflectionDispatch.dispatch(ReflectionDispatch.java:28)
	at org.gradle.internal.dispatch.ReflectionDispatch.dispatch(ReflectionDispatch.java:19)
	at org.gradle.internal.dispatch.ContextClassLoaderDispatch.dispatch(ContextClassLoaderDispatch.java:33)
	at org.gradle.internal.dispatch.ProxyDispatchAdapter$DispatchingInvocationHandler.invoke(ProxyDispatchAdapter.java:88)
	at jdk.proxy1/jdk.proxy1.$Proxy4.stop(Unknown Source)
	at org.gradle.api.internal.tasks.testing.worker.TestWorker$3.run(TestWorker.java:195)
	at org.gradle.api.internal.tasks.testing.worker.TestWorker.executeAndMaintainThreadName(TestWorker.java:126)
	at org.gradle.api.internal.tasks.testing.worker.TestWorker.execute(TestWorker.java:103)
	at org.gradle.api.internal.tasks.testing.worker.TestWorker.execute(TestWorker.java:63)
	at org.gradle.process.internal.worker.child.ActionExecutionWorker.execute(ActionExecutionWorker.java:56)
	at org.gradle.process.internal.worker.child.SystemApplicationClassLoaderWorker.call(SystemApplicationClassLoaderWorker.java:122)
	at org.gradle.process.internal.worker.child.SystemApplicationClassLoaderWorker.call(SystemApplicationClassLoaderWorker.java:72)
	at worker.org.gradle.process.internal.worker.GradleWorkerMain.run(GradleWorkerMain.java:69)
	at worker.org.gradle.process.internal.worker.GradleWorkerMain.main(GradleWorkerMain.java:74)
2026-08-25 22:55:50.050  INFO 23832--- [    Test worker] de.polocloud.node.services.queue.ServiceQueue : Queued lobby-3 [memory: 512MB, platform: PAPER/1.21]
2026-08-25 22:55:50.051  INFO 23832--- [    Test worker] de.polocloud.node.services.queue.ServiceQueue : Group 'lobby' needs 2 more service(s) cluster-wide (this node: 2) — minOnline: 2, cluster running: 0, queued: 0
2026-08-25 22:55:50.052 ERROR 23832--- [    Test worker] de.polocloud.database.sql.SqlExecutor : SQL update failed: INSERT INTO services (id, serviceIndex, groupName, state, hostname, port, nodeId) VALUES (?, ?, ?, ?, ?, ?, ?)
org.h2.jdbc.JdbcSQLIntegrityConstraintViolationException: Referentielle Integrität verletzt: "CONSTRAINT_80: PUBLIC.SERVICES FOREIGN KEY(GROUPNAME) REFERENCES PUBLIC.""GROUPS""(NAME) ('lobby')"
Referential integrity constraint violation: "CONSTRAINT_80: PUBLIC.SERVICES FOREIGN KEY(GROUPNAME) REFERENCES PUBLIC.""GROUPS""(NAME) ('lobby')"; SQL statement:
INSERT INTO services (id, serviceIndex, groupName, state, hostname, port, nodeId) VALUES (?, ?, ?, ?, ?, ?, ?) [23506-240]
	at org.h2.message.DbException.getJdbcSQLException(DbException.java:520)
	at org.h2.message.DbException.getJdbcSQLException(DbException.java:489)
	at org.h2.message.DbException.get(DbException.java:223)
	at org.h2.message.DbException.get(DbException.java:199)
	at org.h2.constraint.ConstraintReferential.checkRowOwnTable(ConstraintReferential.java:309)
	at org.h2.constraint.ConstraintReferential.checkRow(ConstraintReferential.java:250)
	at org.h2.table.Table.fireConstraints(Table.java:1208)
	at org.h2.table.Table.fireAfterRow(Table.java:1226)
	at org.h2.command.dml.Insert.insertRows(Insert.java:188)
	at org.h2.command.dml.Insert.update(Insert.java:135)
	at org.h2.command.dml.DataChangeStatement.update(DataChangeStatement.java:77)
	at org.h2.command.CommandContainer.update(CommandContainer.java:139)
	at org.h2.command.Command.executeUpdate(Command.java:306)
	at org.h2.command.Command.executeUpdate(Command.java:250)
	at org.h2.jdbc.JdbcPreparedStatement.executeUpdateInternal(JdbcPreparedStatement.java:213)
	at org.h2.jdbc.JdbcPreparedStatement.executeUpdate(JdbcPreparedStatement.java:172)
	at com.zaxxer.hikari.pool.ProxyPreparedStatement.executeUpdate(ProxyPreparedStatement.java:61)
	at com.zaxxer.hikari.pool.HikariProxyPreparedStatement.executeUpdate(HikariProxyPreparedStatement.java)
	at de.polocloud.database.sql.SqlExecutor.update$lambda$0(SqlExecutor.kt:299)
	at de.polocloud.database.sql.SqlExecutor.withConnection(SqlExecutor.kt:371)
	at de.polocloud.database.sql.SqlExecutor.update(SqlExecutor.kt:294)
	at de.polocloud.database.sql.SqlExecutor.save(SqlExecutor.kt:82)
	at de.polocloud.node.services.ServiceRepository.save(ServiceRepository.kt:12)
	at de.polocloud.node.services.ServiceProvider.update(ServiceProvider.kt:122)
	at de.polocloud.node.services.queue.ServiceQueue.enqueueRequired(ServiceQueue.kt:178)
	at de.polocloud.node.services.queue.ServiceQueue.enqueueRequiredForTest$de_polocloud_node(ServiceQueue.kt:103)
	at de.polocloud.node.services.queue.ServiceQueueEligibilityTest.a group whitelisted to just this node claims its whole minOnline locally(ServiceQueueEligibilityTest.kt:188)
	at java.base/jdk.internal.reflect.DirectMethodHandleAccessor.invoke(DirectMethodHandleAccessor.java:104)
	at java.base/java.lang.reflect.Method.invoke(Method.java:565)
	at org.junit.platform.commons.util.ReflectionUtils.invokeMethod(ReflectionUtils.java:700)
	at org.junit.platform.commons.support.ReflectionSupport.invokeMethod(ReflectionSupport.java:528)
	at org.junit.jupiter.engine.support.MethodReflectionUtils.invoke(MethodReflectionUtils.java:53)
	at org.junit.jupiter.engine.execution.MethodInvocation.proceed(MethodInvocation.java:61)
	at org.junit.jupiter.engine.execution.InvocationInterceptorChain$ValidatingInvocation.proceed(InvocationInterceptorChain.java:124)
	at org.junit.jupiter.engine.extension.TimeoutExtension.intercept(TimeoutExtension.java:163)
	at org.junit.jupiter.engine.extension.TimeoutExtension.interceptTestableMethod(TimeoutExtension.java:148)
	at org.junit.jupiter.engine.extension.TimeoutExtension.interceptTestMethod(TimeoutExtension.java:86)
	at org.junit.jupiter.engine.execution.InterceptingExecutableInvoker$ReflectiveInterceptorCall.lambda$ofVoidMethod$0(InterceptingExecutableInvoker.java:124)
	at org.junit.jupiter.engine.execution.InterceptingExecutableInvoker.lambda$invoke$0(InterceptingExecutableInvoker.java:105)
	at org.junit.jupiter.engine.execution.InvocationInterceptorChain$InterceptedInvocation.proceed(InvocationInterceptorChain.java:99)
	at org.junit.jupiter.engine.execution.InvocationInterceptorChain.proceed(InvocationInterceptorChain.java:66)
	at org.junit.jupiter.engine.execution.InvocationInterceptorChain.chainAndInvoke(InvocationInterceptorChain.java:47)
	at org.junit.jupiter.engine.execution.InvocationInterceptorChain.invoke(InvocationInterceptorChain.java:39)
	at org.junit.jupiter.engine.execution.InterceptingExecutableInvoker.invoke(InterceptingExecutableInvoker.java:104)
	at org.junit.jupiter.engine.execution.InterceptingExecutableInvoker.invoke(InterceptingExecutableInvoker.java:98)
	at org.junit.jupiter.engine.execution.InterceptingExecutableInvoker.invokeVoid(InterceptingExecutableInvoker.java:71)
	at org.junit.jupiter.engine.descriptor.TestMethodTestDescriptor.lambda$invokeTestMethod$0(TestMethodTestDescriptor.java:219)
	at org.junit.platform.engine.support.hierarchical.ThrowableCollector.execute(ThrowableCollector.java:74)
	at org.junit.jupiter.engine.descriptor.TestMethodTestDescriptor.invokeTestMethod(TestMethodTestDescriptor.java:215)
	at org.junit.jupiter.engine.descriptor.TestMethodTestDescriptor.execute(TestMethodTestDescriptor.java:157)
	at org.junit.jupiter.engine.descriptor.TestMethodTestDescriptor.execute(TestMethodTestDescriptor.java:70)
	at org.junit.platform.engine.support.hierarchical.NodeTestTask.lambda$executeRecursively$2(NodeTestTask.java:176)
	at org.junit.platform.engine.support.hierarchical.ThrowableCollector.execute(ThrowableCollector.java:74)
	at org.junit.platform.engine.support.hierarchical.NodeTestTask.lambda$executeRecursively$1(NodeTestTask.java:166)
	at org.junit.platform.engine.support.hierarchical.Node.around(Node.java:139)
	at org.junit.platform.engine.support.hierarchical.NodeTestTask.lambda$executeRecursively$0(NodeTestTask.java:164)
	at org.junit.platform.engine.support.hierarchical.ThrowableCollector.execute(ThrowableCollector.java:74)
	at org.junit.platform.engine.support.hierarchical.NodeTestTask.executeRecursively(NodeTestTask.java:163)
	at org.junit.platform.engine.support.hierarchical.NodeTestTask.execute(NodeTestTask.java:116)
	at java.base/java.util.ArrayList.forEach(ArrayList.java:1604)
	at org.junit.platform.engine.support.hierarchical.SameThreadHierarchicalTestExecutorService.invokeAll(SameThreadHierarchicalTestExecutorService.java:42)
	at org.junit.platform.engine.support.hierarchical.NodeTestTask.lambda$executeRecursively$2(NodeTestTask.java:180)
	at org.junit.platform.engine.support.hierarchical.ThrowableCollector.execute(ThrowableCollector.java:74)
	at org.junit.platform.engine.support.hierarchical.NodeTestTask.lambda$executeRecursively$1(NodeTestTask.java:166)
	at org.junit.platform.engine.support.hierarchical.Node.around(Node.java:139)
	at org.junit.platform.engine.support.hierarchical.NodeTestTask.lambda$executeRecursively$0(NodeTestTask.java:164)
	at org.junit.platform.engine.support.hierarchical.ThrowableCollector.execute(ThrowableCollector.java:74)
	at org.junit.platform.engine.support.hierarchical.NodeTestTask.executeRecursively(NodeTestTask.java:163)
	at org.junit.platform.engine.support.hierarchical.NodeTestTask.execute(NodeTestTask.java:116)
	at java.base/java.util.ArrayList.forEach(ArrayList.java:1604)
	at org.junit.platform.engine.support.hierarchical.SameThreadHierarchicalTestExecutorService.invokeAll(SameThreadHierarchicalTestExecutorService.java:42)
	at org.junit.platform.engine.support.hierarchical.NodeTestTask.lambda$executeRecursively$2(NodeTestTask.java:180)
	at org.junit.platform.engine.support.hierarchical.ThrowableCollector.execute(ThrowableCollector.java:74)
	at org.junit.platform.engine.support.hierarchical.NodeTestTask.lambda$executeRecursively$1(NodeTestTask.java:166)
	at org.junit.platform.engine.support.hierarchical.Node.around(Node.java:139)
	at org.junit.platform.engine.support.hierarchical.NodeTestTask.lambda$executeRecursively$0(NodeTestTask.java:164)
	at org.junit.platform.engine.support.hierarchical.ThrowableCollector.execute(ThrowableCollector.java:74)
	at org.junit.platform.engine.support.hierarchical.NodeTestTask.executeRecursively(NodeTestTask.java:163)
	at org.junit.platform.engine.support.hierarchical.NodeTestTask.execute(NodeTestTask.java:116)
	at org.junit.platform.engine.support.hierarchical.SameThreadHierarchicalTestExecutorService.submit(SameThreadHierarchicalTestExecutorService.java:36)
	at org.junit.platform.engine.support.hierarchical.HierarchicalTestExecutor.execute(HierarchicalTestExecutor.java:52)
	at org.junit.platform.engine.support.hierarchical.HierarchicalTestEngine.execute(HierarchicalTestEngine.java:58)
	at org.junit.platform.launcher.core.EngineExecutionOrchestrator.executeEngine(EngineExecutionOrchestrator.java:256)
	at org.junit.platform.launcher.core.EngineExecutionOrchestrator.failOrExecuteEngine(EngineExecutionOrchestrator.java:228)
	at org.junit.platform.launcher.core.EngineExecutionOrchestrator.execute(EngineExecutionOrchestrator.java:189)
	at org.junit.platform.launcher.core.EngineExecutionOrchestrator.execute(EngineExecutionOrchestrator.java:109)
	at org.junit.platform.launcher.core.EngineExecutionOrchestrator.lambda$execute$0(EngineExecutionOrchestrator.java:66)
	at org.junit.platform.launcher.core.EngineExecutionOrchestrator.withInterceptedStreams(EngineExecutionOrchestrator.java:168)
	at org.junit.platform.launcher.core.EngineExecutionOrchestrator.execute(EngineExecutionOrchestrator.java:65)
	at org.junit.platform.launcher.core.DefaultLauncher.execute(DefaultLauncher.java:137)
	at org.junit.platform.launcher.core.DefaultLauncher.execute(DefaultLauncher.java:126)
	at org.junit.platform.launcher.core.DefaultLauncher.execute(DefaultLauncher.java:100)
	at org.junit.platform.launcher.core.DelegatingLauncher.execute(DelegatingLauncher.java:57)
	at org.junit.platform.launcher.core.InterceptingLauncher.lambda$execute$0(InterceptingLauncher.java:46)
	at org.junit.platform.launcher.core.ClasspathAlignmentCheckingLauncherInterceptor.intercept(ClasspathAlignmentCheckingLauncherInterceptor.java:25)
	at org.junit.platform.launcher.core.InterceptingLauncher.execute(InterceptingLauncher.java:45)
	at org.junit.platform.launcher.core.DelegatingLauncher.execute(DelegatingLauncher.java:57)
	at org.gradle.api.internal.tasks.testing.junitplatform.JUnitPlatformTestDefinitionProcessor$CollectThenExecuteTestDefinitionConsumer.processAllTestDefinitions(JUnitPlatformTestDefinitionProcessor.java:206)
	at org.gradle.api.internal.tasks.testing.junitplatform.JUnitPlatformTestDefinitionProcessor$CollectThenExecuteTestDefinitionConsumer.access$000(JUnitPlatformTestDefinitionProcessor.java:123)
	at org.gradle.api.internal.tasks.testing.junitplatform.JUnitPlatformTestDefinitionProcessor.stop(JUnitPlatformTestDefinitionProcessor.java:117)
	at org.gradle.api.internal.tasks.testing.SuiteTestDefinitionProcessor.stop(SuiteTestDefinitionProcessor.java:63)
	at java.base/jdk.internal.reflect.DirectMethodHandleAccessor.invoke(DirectMethodHandleAccessor.java:104)
	at java.base/java.lang.reflect.Method.invoke(Method.java:565)
	at org.gradle.internal.dispatch.MethodInvocation.invokeOn(MethodInvocation.java:77)
	at org.gradle.internal.dispatch.ReflectionDispatch.dispatch(ReflectionDispatch.java:28)
	at org.gradle.internal.dispatch.ReflectionDispatch.dispatch(ReflectionDispatch.java:19)
	at org.gradle.internal.dispatch.ContextClassLoaderDispatch.dispatch(ContextClassLoaderDispatch.java:33)
	at org.gradle.internal.dispatch.ProxyDispatchAdapter$DispatchingInvocationHandler.invoke(ProxyDispatchAdapter.java:88)
	at jdk.proxy1/jdk.proxy1.$Proxy4.stop(Unknown Source)
	at org.gradle.api.internal.tasks.testing.worker.TestWorker$3.run(TestWorker.java:195)
	at org.gradle.api.internal.tasks.testing.worker.TestWorker.executeAndMaintainThreadName(TestWorker.java:126)
	at org.gradle.api.internal.tasks.testing.worker.TestWorker.execute(TestWorker.java:103)
	at org.gradle.api.internal.tasks.testing.worker.TestWorker.execute(TestWorker.java:63)
	at org.gradle.process.internal.worker.child.ActionExecutionWorker.execute(ActionExecutionWorker.java:56)
	at org.gradle.process.internal.worker.child.SystemApplicationClassLoaderWorker.call(SystemApplicationClassLoaderWorker.java:122)
	at org.gradle.process.internal.worker.child.SystemApplicationClassLoaderWorker.call(SystemApplicationClassLoaderWorker.java:72)
	at worker.org.gradle.process.internal.worker.GradleWorkerMain.run(GradleWorkerMain.java:69)
	at worker.org.gradle.process.internal.worker.GradleWorkerMain.main(GradleWorkerMain.java:74)
2026-08-25 22:55:50.052  INFO 23832--- [    Test worker] de.polocloud.node.services.queue.ServiceQueue : Queued lobby-1 [memory: 512MB, platform: PAPER/1.21]
2026-08-25 22:55:50.052 ERROR 23832--- [    Test worker] de.polocloud.database.sql.SqlExecutor : SQL update failed: INSERT INTO services (id, serviceIndex, groupName, state, hostname, port, nodeId) VALUES (?, ?, ?, ?, ?, ?, ?)
org.h2.jdbc.JdbcSQLIntegrityConstraintViolationException: Referentielle Integrität verletzt: "CONSTRAINT_80: PUBLIC.SERVICES FOREIGN KEY(GROUPNAME) REFERENCES PUBLIC.""GROUPS""(NAME) ('lobby')"
Referential integrity constraint violation: "CONSTRAINT_80: PUBLIC.SERVICES FOREIGN KEY(GROUPNAME) REFERENCES PUBLIC.""GROUPS""(NAME) ('lobby')"; SQL statement:
INSERT INTO services (id, serviceIndex, groupName, state, hostname, port, nodeId) VALUES (?, ?, ?, ?, ?, ?, ?) [23506-240]
	at org.h2.message.DbException.getJdbcSQLException(DbException.java:520)
	at org.h2.message.DbException.getJdbcSQLException(DbException.java:489)
	at org.h2.message.DbException.get(DbException.java:223)
	at org.h2.message.DbException.get(DbException.java:199)
	at org.h2.constraint.ConstraintReferential.checkRowOwnTable(ConstraintReferential.java:309)
	at org.h2.constraint.ConstraintReferential.checkRow(ConstraintReferential.java:250)
	at org.h2.table.Table.fireConstraints(Table.java:1208)
	at org.h2.table.Table.fireAfterRow(Table.java:1226)
	at org.h2.command.dml.Insert.insertRows(Insert.java:188)
	at org.h2.command.dml.Insert.update(Insert.java:135)
	at org.h2.command.dml.DataChangeStatement.update(DataChangeStatement.java:77)
	at org.h2.command.CommandContainer.update(CommandContainer.java:139)
	at org.h2.command.Command.executeUpdate(Command.java:306)
	at org.h2.command.Command.executeUpdate(Command.java:250)
	at org.h2.jdbc.JdbcPreparedStatement.executeUpdateInternal(JdbcPreparedStatement.java:213)
	at org.h2.jdbc.JdbcPreparedStatement.executeUpdate(JdbcPreparedStatement.java:172)
	at com.zaxxer.hikari.pool.ProxyPreparedStatement.executeUpdate(ProxyPreparedStatement.java:61)
	at com.zaxxer.hikari.pool.HikariProxyPreparedStatement.executeUpdate(HikariProxyPreparedStatement.java)
	at de.polocloud.database.sql.SqlExecutor.update$lambda$0(SqlExecutor.kt:299)
	at de.polocloud.database.sql.SqlExecutor.withConnection(SqlExecutor.kt:371)
	at de.polocloud.database.sql.SqlExecutor.update(SqlExecutor.kt:294)
	at de.polocloud.database.sql.SqlExecutor.save(SqlExecutor.kt:82)
	at de.polocloud.node.services.ServiceRepository.save(ServiceRepository.kt:12)
	at de.polocloud.node.services.ServiceProvider.update(ServiceProvider.kt:122)
	at de.polocloud.node.services.queue.ServiceQueue.enqueueRequired(ServiceQueue.kt:178)
	at de.polocloud.node.services.queue.ServiceQueue.enqueueRequiredForTest$de_polocloud_node(ServiceQueue.kt:103)
	at de.polocloud.node.services.queue.ServiceQueueEligibilityTest.a group whitelisted to just this node claims its whole minOnline locally(ServiceQueueEligibilityTest.kt:188)
	at java.base/jdk.internal.reflect.DirectMethodHandleAccessor.invoke(DirectMethodHandleAccessor.java:104)
	at java.base/java.lang.reflect.Method.invoke(Method.java:565)
	at org.junit.platform.commons.util.ReflectionUtils.invokeMethod(ReflectionUtils.java:700)
	at org.junit.platform.commons.support.ReflectionSupport.invokeMethod(ReflectionSupport.java:528)
	at org.junit.jupiter.engine.support.MethodReflectionUtils.invoke(MethodReflectionUtils.java:53)
	at org.junit.jupiter.engine.execution.MethodInvocation.proceed(MethodInvocation.java:61)
	at org.junit.jupiter.engine.execution.InvocationInterceptorChain$ValidatingInvocation.proceed(InvocationInterceptorChain.java:124)
	at org.junit.jupiter.engine.extension.TimeoutExtension.intercept(TimeoutExtension.java:163)
	at org.junit.jupiter.engine.extension.TimeoutExtension.interceptTestableMethod(TimeoutExtension.java:148)
	at org.junit.jupiter.engine.extension.TimeoutExtension.interceptTestMethod(TimeoutExtension.java:86)
	at org.junit.jupiter.engine.execution.InterceptingExecutableInvoker$ReflectiveInterceptorCall.lambda$ofVoidMethod$0(InterceptingExecutableInvoker.java:124)
	at org.junit.jupiter.engine.execution.InterceptingExecutableInvoker.lambda$invoke$0(InterceptingExecutableInvoker.java:105)
	at org.junit.jupiter.engine.execution.InvocationInterceptorChain$InterceptedInvocation.proceed(InvocationInterceptorChain.java:99)
	at org.junit.jupiter.engine.execution.InvocationInterceptorChain.proceed(InvocationInterceptorChain.java:66)
	at org.junit.jupiter.engine.execution.InvocationInterceptorChain.chainAndInvoke(InvocationInterceptorChain.java:47)
	at org.junit.jupiter.engine.execution.InvocationInterceptorChain.invoke(InvocationInterceptorChain.java:39)
	at org.junit.jupiter.engine.execution.InterceptingExecutableInvoker.invoke(InterceptingExecutableInvoker.java:104)
	at org.junit.jupiter.engine.execution.InterceptingExecutableInvoker.invoke(InterceptingExecutableInvoker.java:98)
	at org.junit.jupiter.engine.execution.InterceptingExecutableInvoker.invokeVoid(InterceptingExecutableInvoker.java:71)
	at org.junit.jupiter.engine.descriptor.TestMethodTestDescriptor.lambda$invokeTestMethod$0(TestMethodTestDescriptor.java:219)
	at org.junit.platform.engine.support.hierarchical.ThrowableCollector.execute(ThrowableCollector.java:74)
	at org.junit.jupiter.engine.descriptor.TestMethodTestDescriptor.invokeTestMethod(TestMethodTestDescriptor.java:215)
	at org.junit.jupiter.engine.descriptor.TestMethodTestDescriptor.execute(TestMethodTestDescriptor.java:157)
	at org.junit.jupiter.engine.descriptor.TestMethodTestDescriptor.execute(TestMethodTestDescriptor.java:70)
	at org.junit.platform.engine.support.hierarchical.NodeTestTask.lambda$executeRecursively$2(NodeTestTask.java:176)
	at org.junit.platform.engine.support.hierarchical.ThrowableCollector.execute(ThrowableCollector.java:74)
	at org.junit.platform.engine.support.hierarchical.NodeTestTask.lambda$executeRecursively$1(NodeTestTask.java:166)
	at org.junit.platform.engine.support.hierarchical.Node.around(Node.java:139)
	at org.junit.platform.engine.support.hierarchical.NodeTestTask.lambda$executeRecursively$0(NodeTestTask.java:164)
	at org.junit.platform.engine.support.hierarchical.ThrowableCollector.execute(ThrowableCollector.java:74)
	at org.junit.platform.engine.support.hierarchical.NodeTestTask.executeRecursively(NodeTestTask.java:163)
	at org.junit.platform.engine.support.hierarchical.NodeTestTask.execute(NodeTestTask.java:116)
	at java.base/java.util.ArrayList.forEach(ArrayList.java:1604)
	at org.junit.platform.engine.support.hierarchical.SameThreadHierarchicalTestExecutorService.invokeAll(SameThreadHierarchicalTestExecutorService.java:42)
	at org.junit.platform.engine.support.hierarchical.NodeTestTask.lambda$executeRecursively$2(NodeTestTask.java:180)
	at org.junit.platform.engine.support.hierarchical.ThrowableCollector.execute(ThrowableCollector.java:74)
	at org.junit.platform.engine.support.hierarchical.NodeTestTask.lambda$executeRecursively$1(NodeTestTask.java:166)
	at org.junit.platform.engine.support.hierarchical.Node.around(Node.java:139)
	at org.junit.platform.engine.support.hierarchical.NodeTestTask.lambda$executeRecursively$0(NodeTestTask.java:164)
	at org.junit.platform.engine.support.hierarchical.ThrowableCollector.execute(ThrowableCollector.java:74)
	at org.junit.platform.engine.support.hierarchical.NodeTestTask.executeRecursively(NodeTestTask.java:163)
	at org.junit.platform.engine.support.hierarchical.NodeTestTask.execute(NodeTestTask.java:116)
	at java.base/java.util.ArrayList.forEach(ArrayList.java:1604)
	at org.junit.platform.engine.support.hierarchical.SameThreadHierarchicalTestExecutorService.invokeAll(SameThreadHierarchicalTestExecutorService.java:42)
	at org.junit.platform.engine.support.hierarchical.NodeTestTask.lambda$executeRecursively$2(NodeTestTask.java:180)
	at org.junit.platform.engine.support.hierarchical.ThrowableCollector.execute(ThrowableCollector.java:74)
	at org.junit.platform.engine.support.hierarchical.NodeTestTask.lambda$executeRecursively$1(NodeTestTask.java:166)
	at org.junit.platform.engine.support.hierarchical.Node.around(Node.java:139)
	at org.junit.platform.engine.support.hierarchical.NodeTestTask.lambda$executeRecursively$0(NodeTestTask.java:164)
	at org.junit.platform.engine.support.hierarchical.ThrowableCollector.execute(ThrowableCollector.java:74)
	at org.junit.platform.engine.support.hierarchical.NodeTestTask.executeRecursively(NodeTestTask.java:163)
	at org.junit.platform.engine.support.hierarchical.NodeTestTask.execute(NodeTestTask.java:116)
	at org.junit.platform.engine.support.hierarchical.SameThreadHierarchicalTestExecutorService.submit(SameThreadHierarchicalTestExecutorService.java:36)
	at org.junit.platform.engine.support.hierarchical.HierarchicalTestExecutor.execute(HierarchicalTestExecutor.java:52)
	at org.junit.platform.engine.support.hierarchical.HierarchicalTestEngine.execute(HierarchicalTestEngine.java:58)
	at org.junit.platform.launcher.core.EngineExecutionOrchestrator.executeEngine(EngineExecutionOrchestrator.java:256)
	at org.junit.platform.launcher.core.EngineExecutionOrchestrator.failOrExecuteEngine(EngineExecutionOrchestrator.java:228)
	at org.junit.platform.launcher.core.EngineExecutionOrchestrator.execute(EngineExecutionOrchestrator.java:189)
	at org.junit.platform.launcher.core.EngineExecutionOrchestrator.execute(EngineExecutionOrchestrator.java:109)
	at org.junit.platform.launcher.core.EngineExecutionOrchestrator.lambda$execute$0(EngineExecutionOrchestrator.java:66)
	at org.junit.platform.launcher.core.EngineExecutionOrchestrator.withInterceptedStreams(EngineExecutionOrchestrator.java:168)
	at org.junit.platform.launcher.core.EngineExecutionOrchestrator.execute(EngineExecutionOrchestrator.java:65)
	at org.junit.platform.launcher.core.DefaultLauncher.execute(DefaultLauncher.java:137)
	at org.junit.platform.launcher.core.DefaultLauncher.execute(DefaultLauncher.java:126)
	at org.junit.platform.launcher.core.DefaultLauncher.execute(DefaultLauncher.java:100)
	at org.junit.platform.launcher.core.DelegatingLauncher.execute(DelegatingLauncher.java:57)
	at org.junit.platform.launcher.core.InterceptingLauncher.lambda$execute$0(InterceptingLauncher.java:46)
	at org.junit.platform.launcher.core.ClasspathAlignmentCheckingLauncherInterceptor.intercept(ClasspathAlignmentCheckingLauncherInterceptor.java:25)
	at org.junit.platform.launcher.core.InterceptingLauncher.execute(InterceptingLauncher.java:45)
	at org.junit.platform.launcher.core.DelegatingLauncher.execute(DelegatingLauncher.java:57)
	at org.gradle.api.internal.tasks.testing.junitplatform.JUnitPlatformTestDefinitionProcessor$CollectThenExecuteTestDefinitionConsumer.processAllTestDefinitions(JUnitPlatformTestDefinitionProcessor.java:206)
	at org.gradle.api.internal.tasks.testing.junitplatform.JUnitPlatformTestDefinitionProcessor$CollectThenExecuteTestDefinitionConsumer.access$000(JUnitPlatformTestDefinitionProcessor.java:123)
	at org.gradle.api.internal.tasks.testing.junitplatform.JUnitPlatformTestDefinitionProcessor.stop(JUnitPlatformTestDefinitionProcessor.java:117)
	at org.gradle.api.internal.tasks.testing.SuiteTestDefinitionProcessor.stop(SuiteTestDefinitionProcessor.java:63)
	at java.base/jdk.internal.reflect.DirectMethodHandleAccessor.invoke(DirectMethodHandleAccessor.java:104)
	at java.base/java.lang.reflect.Method.invoke(Method.java:565)
	at org.gradle.internal.dispatch.MethodInvocation.invokeOn(MethodInvocation.java:77)
	at org.gradle.internal.dispatch.ReflectionDispatch.dispatch(ReflectionDispatch.java:28)
	at org.gradle.internal.dispatch.ReflectionDispatch.dispatch(ReflectionDispatch.java:19)
	at org.gradle.internal.dispatch.ContextClassLoaderDispatch.dispatch(ContextClassLoaderDispatch.java:33)
	at org.gradle.internal.dispatch.ProxyDispatchAdapter$DispatchingInvocationHandler.invoke(ProxyDispatchAdapter.java:88)
	at jdk.proxy1/jdk.proxy1.$Proxy4.stop(Unknown Source)
	at org.gradle.api.internal.tasks.testing.worker.TestWorker$3.run(TestWorker.java:195)
	at org.gradle.api.internal.tasks.testing.worker.TestWorker.executeAndMaintainThreadName(TestWorker.java:126)
	at org.gradle.api.internal.tasks.testing.worker.TestWorker.execute(TestWorker.java:103)
	at org.gradle.api.internal.tasks.testing.worker.TestWorker.execute(TestWorker.java:63)
	at org.gradle.process.internal.worker.child.ActionExecutionWorker.execute(ActionExecutionWorker.java:56)
	at org.gradle.process.internal.worker.child.SystemApplicationClassLoaderWorker.call(SystemApplicationClassLoaderWorker.java:122)
	at org.gradle.process.internal.worker.child.SystemApplicationClassLoaderWorker.call(SystemApplicationClassLoaderWorker.java:72)
	at worker.org.gradle.process.internal.worker.GradleWorkerMain.run(GradleWorkerMain.java:69)
	at worker.org.gradle.process.internal.worker.GradleWorkerMain.main(GradleWorkerMain.java:74)
2026-08-25 22:55:50.053  INFO 23832--- [    Test worker] de.polocloud.node.services.queue.ServiceQueue : Queued lobby-2 [memory: 512MB, platform: PAPER/1.21]
2026-08-25 22:55:50.054  INFO 23832--- [    Test worker] de.polocloud.node.services.queue.ServiceQueue : Group 'lobby' needs 1 more service(s) cluster-wide (this node: 1) — minOnline: 1, cluster running: 0, queued: 0
2026-08-25 22:55:50.055 ERROR 23832--- [    Test worker] de.polocloud.database.sql.SqlExecutor : SQL update failed: INSERT INTO services (id, serviceIndex, groupName, state, hostname, port, nodeId) VALUES (?, ?, ?, ?, ?, ?, ?)
org.h2.jdbc.JdbcSQLIntegrityConstraintViolationException: Referentielle Integrität verletzt: "CONSTRAINT_80: PUBLIC.SERVICES FOREIGN KEY(GROUPNAME) REFERENCES PUBLIC.""GROUPS""(NAME) ('lobby')"
Referential integrity constraint violation: "CONSTRAINT_80: PUBLIC.SERVICES FOREIGN KEY(GROUPNAME) REFERENCES PUBLIC.""GROUPS""(NAME) ('lobby')"; SQL statement:
INSERT INTO services (id, serviceIndex, groupName, state, hostname, port, nodeId) VALUES (?, ?, ?, ?, ?, ?, ?) [23506-240]
	at org.h2.message.DbException.getJdbcSQLException(DbException.java:520)
	at org.h2.message.DbException.getJdbcSQLException(DbException.java:489)
	at org.h2.message.DbException.get(DbException.java:223)
	at org.h2.message.DbException.get(DbException.java:199)
	at org.h2.constraint.ConstraintReferential.checkRowOwnTable(ConstraintReferential.java:309)
	at org.h2.constraint.ConstraintReferential.checkRow(ConstraintReferential.java:250)
	at org.h2.table.Table.fireConstraints(Table.java:1208)
	at org.h2.table.Table.fireAfterRow(Table.java:1226)
	at org.h2.command.dml.Insert.insertRows(Insert.java:188)
	at org.h2.command.dml.Insert.update(Insert.java:135)
	at org.h2.command.dml.DataChangeStatement.update(DataChangeStatement.java:77)
	at org.h2.command.CommandContainer.update(CommandContainer.java:139)
	at org.h2.command.Command.executeUpdate(Command.java:306)
	at org.h2.command.Command.executeUpdate(Command.java:250)
	at org.h2.jdbc.JdbcPreparedStatement.executeUpdateInternal(JdbcPreparedStatement.java:213)
	at org.h2.jdbc.JdbcPreparedStatement.executeUpdate(JdbcPreparedStatement.java:172)
	at com.zaxxer.hikari.pool.ProxyPreparedStatement.executeUpdate(ProxyPreparedStatement.java:61)
	at com.zaxxer.hikari.pool.HikariProxyPreparedStatement.executeUpdate(HikariProxyPreparedStatement.java)
	at de.polocloud.database.sql.SqlExecutor.update$lambda$0(SqlExecutor.kt:299)
	at de.polocloud.database.sql.SqlExecutor.withConnection(SqlExecutor.kt:371)
	at de.polocloud.database.sql.SqlExecutor.update(SqlExecutor.kt:294)
	at de.polocloud.database.sql.SqlExecutor.save(SqlExecutor.kt:82)
	at de.polocloud.node.services.ServiceRepository.save(ServiceRepository.kt:12)
	at de.polocloud.node.services.ServiceProvider.update(ServiceProvider.kt:122)
	at de.polocloud.node.services.queue.ServiceQueue.enqueueRequired(ServiceQueue.kt:178)
	at de.polocloud.node.services.queue.ServiceQueue.enqueueRequiredForTest$de_polocloud_node(ServiceQueue.kt:103)
	at de.polocloud.node.services.queue.ServiceQueueEligibilityTest.a node at capacity is skipped in favor of one with room(ServiceQueueEligibilityTest.kt:241)
	at java.base/jdk.internal.reflect.DirectMethodHandleAccessor.invoke(DirectMethodHandleAccessor.java:104)
	at java.base/java.lang.reflect.Method.invoke(Method.java:565)
	at org.junit.platform.commons.util.ReflectionUtils.invokeMethod(ReflectionUtils.java:700)
	at org.junit.platform.commons.support.ReflectionSupport.invokeMethod(ReflectionSupport.java:528)
	at org.junit.jupiter.engine.support.MethodReflectionUtils.invoke(MethodReflectionUtils.java:53)
	at org.junit.jupiter.engine.execution.MethodInvocation.proceed(MethodInvocation.java:61)
	at org.junit.jupiter.engine.execution.InvocationInterceptorChain$ValidatingInvocation.proceed(InvocationInterceptorChain.java:124)
	at org.junit.jupiter.engine.extension.TimeoutExtension.intercept(TimeoutExtension.java:163)
	at org.junit.jupiter.engine.extension.TimeoutExtension.interceptTestableMethod(TimeoutExtension.java:148)
	at org.junit.jupiter.engine.extension.TimeoutExtension.interceptTestMethod(TimeoutExtension.java:86)
	at org.junit.jupiter.engine.execution.InterceptingExecutableInvoker$ReflectiveInterceptorCall.lambda$ofVoidMethod$0(InterceptingExecutableInvoker.java:124)
	at org.junit.jupiter.engine.execution.InterceptingExecutableInvoker.lambda$invoke$0(InterceptingExecutableInvoker.java:105)
	at org.junit.jupiter.engine.execution.InvocationInterceptorChain$InterceptedInvocation.proceed(InvocationInterceptorChain.java:99)
	at org.junit.jupiter.engine.execution.InvocationInterceptorChain.proceed(InvocationInterceptorChain.java:66)
	at org.junit.jupiter.engine.execution.InvocationInterceptorChain.chainAndInvoke(InvocationInterceptorChain.java:47)
	at org.junit.jupiter.engine.execution.InvocationInterceptorChain.invoke(InvocationInterceptorChain.java:39)
	at org.junit.jupiter.engine.execution.InterceptingExecutableInvoker.invoke(InterceptingExecutableInvoker.java:104)
	at org.junit.jupiter.engine.execution.InterceptingExecutableInvoker.invoke(InterceptingExecutableInvoker.java:98)
	at org.junit.jupiter.engine.execution.InterceptingExecutableInvoker.invokeVoid(InterceptingExecutableInvoker.java:71)
	at org.junit.jupiter.engine.descriptor.TestMethodTestDescriptor.lambda$invokeTestMethod$0(TestMethodTestDescriptor.java:219)
	at org.junit.platform.engine.support.hierarchical.ThrowableCollector.execute(ThrowableCollector.java:74)
	at org.junit.jupiter.engine.descriptor.TestMethodTestDescriptor.invokeTestMethod(TestMethodTestDescriptor.java:215)
	at org.junit.jupiter.engine.descriptor.TestMethodTestDescriptor.execute(TestMethodTestDescriptor.java:157)
	at org.junit.jupiter.engine.descriptor.TestMethodTestDescriptor.execute(TestMethodTestDescriptor.java:70)
	at org.junit.platform.engine.support.hierarchical.NodeTestTask.lambda$executeRecursively$2(NodeTestTask.java:176)
	at org.junit.platform.engine.support.hierarchical.ThrowableCollector.execute(ThrowableCollector.java:74)
	at org.junit.platform.engine.support.hierarchical.NodeTestTask.lambda$executeRecursively$1(NodeTestTask.java:166)
	at org.junit.platform.engine.support.hierarchical.Node.around(Node.java:139)
	at org.junit.platform.engine.support.hierarchical.NodeTestTask.lambda$executeRecursively$0(NodeTestTask.java:164)
	at org.junit.platform.engine.support.hierarchical.ThrowableCollector.execute(ThrowableCollector.java:74)
	at org.junit.platform.engine.support.hierarchical.NodeTestTask.executeRecursively(NodeTestTask.java:163)
	at org.junit.platform.engine.support.hierarchical.NodeTestTask.execute(NodeTestTask.java:116)
	at java.base/java.util.ArrayList.forEach(ArrayList.java:1604)
	at org.junit.platform.engine.support.hierarchical.SameThreadHierarchicalTestExecutorService.invokeAll(SameThreadHierarchicalTestExecutorService.java:42)
	at org.junit.platform.engine.support.hierarchical.NodeTestTask.lambda$executeRecursively$2(NodeTestTask.java:180)
	at org.junit.platform.engine.support.hierarchical.ThrowableCollector.execute(ThrowableCollector.java:74)
	at org.junit.platform.engine.support.hierarchical.NodeTestTask.lambda$executeRecursively$1(NodeTestTask.java:166)
	at org.junit.platform.engine.support.hierarchical.Node.around(Node.java:139)
	at org.junit.platform.engine.support.hierarchical.NodeTestTask.lambda$executeRecursively$0(NodeTestTask.java:164)
	at org.junit.platform.engine.support.hierarchical.ThrowableCollector.execute(ThrowableCollector.java:74)
	at org.junit.platform.engine.support.hierarchical.NodeTestTask.executeRecursively(NodeTestTask.java:163)
	at org.junit.platform.engine.support.hierarchical.NodeTestTask.execute(NodeTestTask.java:116)
	at java.base/java.util.ArrayList.forEach(ArrayList.java:1604)
	at org.junit.platform.engine.support.hierarchical.SameThreadHierarchicalTestExecutorService.invokeAll(SameThreadHierarchicalTestExecutorService.java:42)
	at org.junit.platform.engine.support.hierarchical.NodeTestTask.lambda$executeRecursively$2(NodeTestTask.java:180)
	at org.junit.platform.engine.support.hierarchical.ThrowableCollector.execute(ThrowableCollector.java:74)
	at org.junit.platform.engine.support.hierarchical.NodeTestTask.lambda$executeRecursively$1(NodeTestTask.java:166)
	at org.junit.platform.engine.support.hierarchical.Node.around(Node.java:139)
	at org.junit.platform.engine.support.hierarchical.NodeTestTask.lambda$executeRecursively$0(NodeTestTask.java:164)
	at org.junit.platform.engine.support.hierarchical.ThrowableCollector.execute(ThrowableCollector.java:74)
	at org.junit.platform.engine.support.hierarchical.NodeTestTask.executeRecursively(NodeTestTask.java:163)
	at org.junit.platform.engine.support.hierarchical.NodeTestTask.execute(NodeTestTask.java:116)
	at org.junit.platform.engine.support.hierarchical.SameThreadHierarchicalTestExecutorService.submit(SameThreadHierarchicalTestExecutorService.java:36)
	at org.junit.platform.engine.support.hierarchical.HierarchicalTestExecutor.execute(HierarchicalTestExecutor.java:52)
	at org.junit.platform.engine.support.hierarchical.HierarchicalTestEngine.execute(HierarchicalTestEngine.java:58)
	at org.junit.platform.launcher.core.EngineExecutionOrchestrator.executeEngine(EngineExecutionOrchestrator.java:256)
	at org.junit.platform.launcher.core.EngineExecutionOrchestrator.failOrExecuteEngine(EngineExecutionOrchestrator.java:228)
	at org.junit.platform.launcher.core.EngineExecutionOrchestrator.execute(EngineExecutionOrchestrator.java:189)
	at org.junit.platform.launcher.core.EngineExecutionOrchestrator.execute(EngineExecutionOrchestrator.java:109)
	at org.junit.platform.launcher.core.EngineExecutionOrchestrator.lambda$execute$0(EngineExecutionOrchestrator.java:66)
	at org.junit.platform.launcher.core.EngineExecutionOrchestrator.withInterceptedStreams(EngineExecutionOrchestrator.java:168)
	at org.junit.platform.launcher.core.EngineExecutionOrchestrator.execute(EngineExecutionOrchestrator.java:65)
	at org.junit.platform.launcher.core.DefaultLauncher.execute(DefaultLauncher.java:137)
	at org.junit.platform.launcher.core.DefaultLauncher.execute(DefaultLauncher.java:126)
	at org.junit.platform.launcher.core.DefaultLauncher.execute(DefaultLauncher.java:100)
	at org.junit.platform.launcher.core.DelegatingLauncher.execute(DelegatingLauncher.java:57)
	at org.junit.platform.launcher.core.InterceptingLauncher.lambda$execute$0(InterceptingLauncher.java:46)
	at org.junit.platform.launcher.core.ClasspathAlignmentCheckingLauncherInterceptor.intercept(ClasspathAlignmentCheckingLauncherInterceptor.java:25)
	at org.junit.platform.launcher.core.InterceptingLauncher.execute(InterceptingLauncher.java:45)
	at org.junit.platform.launcher.core.DelegatingLauncher.execute(DelegatingLauncher.java:57)
	at org.gradle.api.internal.tasks.testing.junitplatform.JUnitPlatformTestDefinitionProcessor$CollectThenExecuteTestDefinitionConsumer.processAllTestDefinitions(JUnitPlatformTestDefinitionProcessor.java:206)
	at org.gradle.api.internal.tasks.testing.junitplatform.JUnitPlatformTestDefinitionProcessor$CollectThenExecuteTestDefinitionConsumer.access$000(JUnitPlatformTestDefinitionProcessor.java:123)
	at org.gradle.api.internal.tasks.testing.junitplatform.JUnitPlatformTestDefinitionProcessor.stop(JUnitPlatformTestDefinitionProcessor.java:117)
	at org.gradle.api.internal.tasks.testing.SuiteTestDefinitionProcessor.stop(SuiteTestDefinitionProcessor.java:63)
	at java.base/jdk.internal.reflect.DirectMethodHandleAccessor.invoke(DirectMethodHandleAccessor.java:104)
	at java.base/java.lang.reflect.Method.invoke(Method.java:565)
	at org.gradle.internal.dispatch.MethodInvocation.invokeOn(MethodInvocation.java:77)
	at org.gradle.internal.dispatch.ReflectionDispatch.dispatch(ReflectionDispatch.java:28)
	at org.gradle.internal.dispatch.ReflectionDispatch.dispatch(ReflectionDispatch.java:19)
	at org.gradle.internal.dispatch.ContextClassLoaderDispatch.dispatch(ContextClassLoaderDispatch.java:33)
	at org.gradle.internal.dispatch.ProxyDispatchAdapter$DispatchingInvocationHandler.invoke(ProxyDispatchAdapter.java:88)
	at jdk.proxy1/jdk.proxy1.$Proxy4.stop(Unknown Source)
	at org.gradle.api.internal.tasks.testing.worker.TestWorker$3.run(TestWorker.java:195)
	at org.gradle.api.internal.tasks.testing.worker.TestWorker.executeAndMaintainThreadName(TestWorker.java:126)
	at org.gradle.api.internal.tasks.testing.worker.TestWorker.execute(TestWorker.java:103)
	at org.gradle.api.internal.tasks.testing.worker.TestWorker.execute(TestWorker.java:63)
	at org.gradle.process.internal.worker.child.ActionExecutionWorker.execute(ActionExecutionWorker.java:56)
	at org.gradle.process.internal.worker.child.SystemApplicationClassLoaderWorker.call(SystemApplicationClassLoaderWorker.java:122)
	at org.gradle.process.internal.worker.child.SystemApplicationClassLoaderWorker.call(SystemApplicationClassLoaderWorker.java:72)
	at worker.org.gradle.process.internal.worker.GradleWorkerMain.run(GradleWorkerMain.java:69)
	at worker.org.gradle.process.internal.worker.GradleWorkerMain.main(GradleWorkerMain.java:74)
2026-08-25 22:55:50.055  INFO 23832--- [    Test worker] de.polocloud.node.services.queue.ServiceQueue : Queued lobby-1 [memory: 512MB, platform: PAPER/1.21]
2026-08-25 22:55:50.057  INFO 23832--- [    Test worker] de.polocloud.node.services.queue.ServiceQueue : Group 'lobby' needs 2 more service(s) cluster-wide (this node: 1) — minOnline: 3, cluster running: 1, queued: 0
2026-08-25 22:55:50.058 ERROR 23832--- [    Test worker] de.polocloud.database.sql.SqlExecutor : SQL update failed: INSERT INTO services (id, serviceIndex, groupName, state, hostname, port, nodeId) VALUES (?, ?, ?, ?, ?, ?, ?)
org.h2.jdbc.JdbcSQLIntegrityConstraintViolationException: Referentielle Integrität verletzt: "CONSTRAINT_80: PUBLIC.SERVICES FOREIGN KEY(GROUPNAME) REFERENCES PUBLIC.""GROUPS""(NAME) ('lobby')"
Referential integrity constraint violation: "CONSTRAINT_80: PUBLIC.SERVICES FOREIGN KEY(GROUPNAME) REFERENCES PUBLIC.""GROUPS""(NAME) ('lobby')"; SQL statement:
INSERT INTO services (id, serviceIndex, groupName, state, hostname, port, nodeId) VALUES (?, ?, ?, ?, ?, ?, ?) [23506-240]
	at org.h2.message.DbException.getJdbcSQLException(DbException.java:520)
	at org.h2.message.DbException.getJdbcSQLException(DbException.java:489)
	at org.h2.message.DbException.get(DbException.java:223)
	at org.h2.message.DbException.get(DbException.java:199)
	at org.h2.constraint.ConstraintReferential.checkRowOwnTable(ConstraintReferential.java:309)
	at org.h2.constraint.ConstraintReferential.checkRow(ConstraintReferential.java:250)
	at org.h2.table.Table.fireConstraints(Table.java:1208)
	at org.h2.table.Table.fireAfterRow(Table.java:1226)
	at org.h2.command.dml.Insert.insertRows(Insert.java:188)
	at org.h2.command.dml.Insert.update(Insert.java:135)
	at org.h2.command.dml.DataChangeStatement.update(DataChangeStatement.java:77)
	at org.h2.command.CommandContainer.update(CommandContainer.java:139)
	at org.h2.command.Command.executeUpdate(Command.java:306)
	at org.h2.command.Command.executeUpdate(Command.java:250)
	at org.h2.jdbc.JdbcPreparedStatement.executeUpdateInternal(JdbcPreparedStatement.java:213)
	at org.h2.jdbc.JdbcPreparedStatement.executeUpdate(JdbcPreparedStatement.java:172)
	at com.zaxxer.hikari.pool.ProxyPreparedStatement.executeUpdate(ProxyPreparedStatement.java:61)
	at com.zaxxer.hikari.pool.HikariProxyPreparedStatement.executeUpdate(HikariProxyPreparedStatement.java)
	at de.polocloud.database.sql.SqlExecutor.update$lambda$0(SqlExecutor.kt:299)
	at de.polocloud.database.sql.SqlExecutor.withConnection(SqlExecutor.kt:371)
	at de.polocloud.database.sql.SqlExecutor.update(SqlExecutor.kt:294)
	at de.polocloud.database.sql.SqlExecutor.save(SqlExecutor.kt:82)
	at de.polocloud.node.services.ServiceRepository.save(ServiceRepository.kt:12)
	at de.polocloud.node.services.ServiceProvider.update(ServiceProvider.kt:122)
	at de.polocloud.node.services.queue.ServiceQueue.enqueueRequired(ServiceQueue.kt:178)
	at de.polocloud.node.services.queue.ServiceQueue.enqueueRequiredForTest$de_polocloud_node(ServiceQueue.kt:103)
	at de.polocloud.node.services.queue.ServiceQueueEligibilityTest.the 2 missing replicas go to the 2 nodes not already running one(ServiceQueueEligibilityTest.kt:163)
	at java.base/jdk.internal.reflect.DirectMethodHandleAccessor.invoke(DirectMethodHandleAccessor.java:104)
	at java.base/java.lang.reflect.Method.invoke(Method.java:565)
	at org.junit.platform.commons.util.ReflectionUtils.invokeMethod(ReflectionUtils.java:700)
	at org.junit.platform.commons.support.ReflectionSupport.invokeMethod(ReflectionSupport.java:528)
	at org.junit.jupiter.engine.support.MethodReflectionUtils.invoke(MethodReflectionUtils.java:53)
	at org.junit.jupiter.engine.execution.MethodInvocation.proceed(MethodInvocation.java:61)
	at org.junit.jupiter.engine.execution.InvocationInterceptorChain$ValidatingInvocation.proceed(InvocationInterceptorChain.java:124)
	at org.junit.jupiter.engine.extension.TimeoutExtension.intercept(TimeoutExtension.java:163)
	at org.junit.jupiter.engine.extension.TimeoutExtension.interceptTestableMethod(TimeoutExtension.java:148)
	at org.junit.jupiter.engine.extension.TimeoutExtension.interceptTestMethod(TimeoutExtension.java:86)
	at org.junit.jupiter.engine.execution.InterceptingExecutableInvoker$ReflectiveInterceptorCall.lambda$ofVoidMethod$0(InterceptingExecutableInvoker.java:124)
	at org.junit.jupiter.engine.execution.InterceptingExecutableInvoker.lambda$invoke$0(InterceptingExecutableInvoker.java:105)
	at org.junit.jupiter.engine.execution.InvocationInterceptorChain$InterceptedInvocation.proceed(InvocationInterceptorChain.java:99)
	at org.junit.jupiter.engine.execution.InvocationInterceptorChain.proceed(InvocationInterceptorChain.java:66)
	at org.junit.jupiter.engine.execution.InvocationInterceptorChain.chainAndInvoke(InvocationInterceptorChain.java:47)
	at org.junit.jupiter.engine.execution.InvocationInterceptorChain.invoke(InvocationInterceptorChain.java:39)
	at org.junit.jupiter.engine.execution.InterceptingExecutableInvoker.invoke(InterceptingExecutableInvoker.java:104)
	at org.junit.jupiter.engine.execution.InterceptingExecutableInvoker.invoke(InterceptingExecutableInvoker.java:98)
	at org.junit.jupiter.engine.execution.InterceptingExecutableInvoker.invokeVoid(InterceptingExecutableInvoker.java:71)
	at org.junit.jupiter.engine.descriptor.TestMethodTestDescriptor.lambda$invokeTestMethod$0(TestMethodTestDescriptor.java:219)
	at org.junit.platform.engine.support.hierarchical.ThrowableCollector.execute(ThrowableCollector.java:74)
	at org.junit.jupiter.engine.descriptor.TestMethodTestDescriptor.invokeTestMethod(TestMethodTestDescriptor.java:215)
	at org.junit.jupiter.engine.descriptor.TestMethodTestDescriptor.execute(TestMethodTestDescriptor.java:157)
	at org.junit.jupiter.engine.descriptor.TestMethodTestDescriptor.execute(TestMethodTestDescriptor.java:70)
	at org.junit.platform.engine.support.hierarchical.NodeTestTask.lambda$executeRecursively$2(NodeTestTask.java:176)
	at org.junit.platform.engine.support.hierarchical.ThrowableCollector.execute(ThrowableCollector.java:74)
	at org.junit.platform.engine.support.hierarchical.NodeTestTask.lambda$executeRecursively$1(NodeTestTask.java:166)
	at org.junit.platform.engine.support.hierarchical.Node.around(Node.java:139)
	at org.junit.platform.engine.support.hierarchical.NodeTestTask.lambda$executeRecursively$0(NodeTestTask.java:164)
	at org.junit.platform.engine.support.hierarchical.ThrowableCollector.execute(ThrowableCollector.java:74)
	at org.junit.platform.engine.support.hierarchical.NodeTestTask.executeRecursively(NodeTestTask.java:163)
	at org.junit.platform.engine.support.hierarchical.NodeTestTask.execute(NodeTestTask.java:116)
	at java.base/java.util.ArrayList.forEach(ArrayList.java:1604)
	at org.junit.platform.engine.support.hierarchical.SameThreadHierarchicalTestExecutorService.invokeAll(SameThreadHierarchicalTestExecutorService.java:42)
	at org.junit.platform.engine.support.hierarchical.NodeTestTask.lambda$executeRecursively$2(NodeTestTask.java:180)
	at org.junit.platform.engine.support.hierarchical.ThrowableCollector.execute(ThrowableCollector.java:74)
	at org.junit.platform.engine.support.hierarchical.NodeTestTask.lambda$executeRecursively$1(NodeTestTask.java:166)
	at org.junit.platform.engine.support.hierarchical.Node.around(Node.java:139)
	at org.junit.platform.engine.support.hierarchical.NodeTestTask.lambda$executeRecursively$0(NodeTestTask.java:164)
	at org.junit.platform.engine.support.hierarchical.ThrowableCollector.execute(ThrowableCollector.java:74)
	at org.junit.platform.engine.support.hierarchical.NodeTestTask.executeRecursively(NodeTestTask.java:163)
	at org.junit.platform.engine.support.hierarchical.NodeTestTask.execute(NodeTestTask.java:116)
	at java.base/java.util.ArrayList.forEach(ArrayList.java:1604)
	at org.junit.platform.engine.support.hierarchical.SameThreadHierarchicalTestExecutorService.invokeAll(SameThreadHierarchicalTestExecutorService.java:42)
	at org.junit.platform.engine.support.hierarchical.NodeTestTask.lambda$executeRecursively$2(NodeTestTask.java:180)
	at org.junit.platform.engine.support.hierarchical.ThrowableCollector.execute(ThrowableCollector.java:74)
	at org.junit.platform.engine.support.hierarchical.NodeTestTask.lambda$executeRecursively$1(NodeTestTask.java:166)
	at org.junit.platform.engine.support.hierarchical.Node.around(Node.java:139)
	at org.junit.platform.engine.support.hierarchical.NodeTestTask.lambda$executeRecursively$0(NodeTestTask.java:164)
	at org.junit.platform.engine.support.hierarchical.ThrowableCollector.execute(ThrowableCollector.java:74)
	at org.junit.platform.engine.support.hierarchical.NodeTestTask.executeRecursively(NodeTestTask.java:163)
	at org.junit.platform.engine.support.hierarchical.NodeTestTask.execute(NodeTestTask.java:116)
	at org.junit.platform.engine.support.hierarchical.SameThreadHierarchicalTestExecutorService.submit(SameThreadHierarchicalTestExecutorService.java:36)
	at org.junit.platform.engine.support.hierarchical.HierarchicalTestExecutor.execute(HierarchicalTestExecutor.java:52)
	at org.junit.platform.engine.support.hierarchical.HierarchicalTestEngine.execute(HierarchicalTestEngine.java:58)
	at org.junit.platform.launcher.core.EngineExecutionOrchestrator.executeEngine(EngineExecutionOrchestrator.java:256)
	at org.junit.platform.launcher.core.EngineExecutionOrchestrator.failOrExecuteEngine(EngineExecutionOrchestrator.java:228)
	at org.junit.platform.launcher.core.EngineExecutionOrchestrator.execute(EngineExecutionOrchestrator.java:189)
	at org.junit.platform.launcher.core.EngineExecutionOrchestrator.execute(EngineExecutionOrchestrator.java:109)
	at org.junit.platform.launcher.core.EngineExecutionOrchestrator.lambda$execute$0(EngineExecutionOrchestrator.java:66)
	at org.junit.platform.launcher.core.EngineExecutionOrchestrator.withInterceptedStreams(EngineExecutionOrchestrator.java:168)
	at org.junit.platform.launcher.core.EngineExecutionOrchestrator.execute(EngineExecutionOrchestrator.java:65)
	at org.junit.platform.launcher.core.DefaultLauncher.execute(DefaultLauncher.java:137)
	at org.junit.platform.launcher.core.DefaultLauncher.execute(DefaultLauncher.java:126)
	at org.junit.platform.launcher.core.DefaultLauncher.execute(DefaultLauncher.java:100)
	at org.junit.platform.launcher.core.DelegatingLauncher.execute(DelegatingLauncher.java:57)
	at org.junit.platform.launcher.core.InterceptingLauncher.lambda$execute$0(InterceptingLauncher.java:46)
	at org.junit.platform.launcher.core.ClasspathAlignmentCheckingLauncherInterceptor.intercept(ClasspathAlignmentCheckingLauncherInterceptor.java:25)
	at org.junit.platform.launcher.core.InterceptingLauncher.execute(InterceptingLauncher.java:45)
	at org.junit.platform.launcher.core.DelegatingLauncher.execute(DelegatingLauncher.java:57)
	at org.gradle.api.internal.tasks.testing.junitplatform.JUnitPlatformTestDefinitionProcessor$CollectThenExecuteTestDefinitionConsumer.processAllTestDefinitions(JUnitPlatformTestDefinitionProcessor.java:206)
	at org.gradle.api.internal.tasks.testing.junitplatform.JUnitPlatformTestDefinitionProcessor$CollectThenExecuteTestDefinitionConsumer.access$000(JUnitPlatformTestDefinitionProcessor.java:123)
	at org.gradle.api.internal.tasks.testing.junitplatform.JUnitPlatformTestDefinitionProcessor.stop(JUnitPlatformTestDefinitionProcessor.java:117)
	at org.gradle.api.internal.tasks.testing.SuiteTestDefinitionProcessor.stop(SuiteTestDefinitionProcessor.java:63)
	at java.base/jdk.internal.reflect.DirectMethodHandleAccessor.invoke(DirectMethodHandleAccessor.java:104)
	at java.base/java.lang.reflect.Method.invoke(Method.java:565)
	at org.gradle.internal.dispatch.MethodInvocation.invokeOn(MethodInvocation.java:77)
	at org.gradle.internal.dispatch.ReflectionDispatch.dispatch(ReflectionDispatch.java:28)
	at org.gradle.internal.dispatch.ReflectionDispatch.dispatch(ReflectionDispatch.java:19)
	at org.gradle.internal.dispatch.ContextClassLoaderDispatch.dispatch(ContextClassLoaderDispatch.java:33)
	at org.gradle.internal.dispatch.ProxyDispatchAdapter$DispatchingInvocationHandler.invoke(ProxyDispatchAdapter.java:88)
	at jdk.proxy1/jdk.proxy1.$Proxy4.stop(Unknown Source)
	at org.gradle.api.internal.tasks.testing.worker.TestWorker$3.run(TestWorker.java:195)
	at org.gradle.api.internal.tasks.testing.worker.TestWorker.executeAndMaintainThreadName(TestWorker.java:126)
	at org.gradle.api.internal.tasks.testing.worker.TestWorker.execute(TestWorker.java:103)
	at org.gradle.api.internal.tasks.testing.worker.TestWorker.execute(TestWorker.java:63)
	at org.gradle.process.internal.worker.child.ActionExecutionWorker.execute(ActionExecutionWorker.java:56)
	at org.gradle.process.internal.worker.child.SystemApplicationClassLoaderWorker.call(SystemApplicationClassLoaderWorker.java:122)
	at org.gradle.process.internal.worker.child.SystemApplicationClassLoaderWorker.call(SystemApplicationClassLoaderWorker.java:72)
	at worker.org.gradle.process.internal.worker.GradleWorkerMain.run(GradleWorkerMain.java:69)
	at worker.org.gradle.process.internal.worker.GradleWorkerMain.main(GradleWorkerMain.java:74)
2026-08-25 22:55:50.058  INFO 23832--- [    Test worker] de.polocloud.node.services.queue.ServiceQueue : Queued lobby-2 [memory: 512MB, platform: PAPER/1.21]
2026-08-25 22:55:50.060  INFO 23832--- [    Test worker] de.polocloud.node.services.queue.ServiceQueue : Group 'lobby' needs 1 more service(s) cluster-wide (this node: 1) — minOnline: 2, cluster running: 1, queued: 0
2026-08-25 22:55:50.061 ERROR 23832--- [    Test worker] de.polocloud.database.sql.SqlExecutor : SQL update failed: INSERT INTO services (id, serviceIndex, groupName, state, hostname, port, nodeId) VALUES (?, ?, ?, ?, ?, ?, ?)
org.h2.jdbc.JdbcSQLIntegrityConstraintViolationException: Referentielle Integrität verletzt: "CONSTRAINT_80: PUBLIC.SERVICES FOREIGN KEY(GROUPNAME) REFERENCES PUBLIC.""GROUPS""(NAME) ('lobby')"
Referential integrity constraint violation: "CONSTRAINT_80: PUBLIC.SERVICES FOREIGN KEY(GROUPNAME) REFERENCES PUBLIC.""GROUPS""(NAME) ('lobby')"; SQL statement:
INSERT INTO services (id, serviceIndex, groupName, state, hostname, port, nodeId) VALUES (?, ?, ?, ?, ?, ?, ?) [23506-240]
	at org.h2.message.DbException.getJdbcSQLException(DbException.java:520)
	at org.h2.message.DbException.getJdbcSQLException(DbException.java:489)
	at org.h2.message.DbException.get(DbException.java:223)
	at org.h2.message.DbException.get(DbException.java:199)
	at org.h2.constraint.ConstraintReferential.checkRowOwnTable(ConstraintReferential.java:309)
	at org.h2.constraint.ConstraintReferential.checkRow(ConstraintReferential.java:250)
	at org.h2.table.Table.fireConstraints(Table.java:1208)
	at org.h2.table.Table.fireAfterRow(Table.java:1226)
	at org.h2.command.dml.Insert.insertRows(Insert.java:188)
	at org.h2.command.dml.Insert.update(Insert.java:135)
	at org.h2.command.dml.DataChangeStatement.update(DataChangeStatement.java:77)
	at org.h2.command.CommandContainer.update(CommandContainer.java:139)
	at org.h2.command.Command.executeUpdate(Command.java:306)
	at org.h2.command.Command.executeUpdate(Command.java:250)
	at org.h2.jdbc.JdbcPreparedStatement.executeUpdateInternal(JdbcPreparedStatement.java:213)
	at org.h2.jdbc.JdbcPreparedStatement.executeUpdate(JdbcPreparedStatement.java:172)
	at com.zaxxer.hikari.pool.ProxyPreparedStatement.executeUpdate(ProxyPreparedStatement.java:61)
	at com.zaxxer.hikari.pool.HikariProxyPreparedStatement.executeUpdate(HikariProxyPreparedStatement.java)
	at de.polocloud.database.sql.SqlExecutor.update$lambda$0(SqlExecutor.kt:299)
	at de.polocloud.database.sql.SqlExecutor.withConnection(SqlExecutor.kt:371)
	at de.polocloud.database.sql.SqlExecutor.update(SqlExecutor.kt:294)
	at de.polocloud.database.sql.SqlExecutor.save(SqlExecutor.kt:82)
	at de.polocloud.node.services.ServiceRepository.save(ServiceRepository.kt:12)
	at de.polocloud.node.services.ServiceProvider.update(ServiceProvider.kt:122)
	at de.polocloud.node.services.queue.ServiceQueue.enqueueRequired(ServiceQueue.kt:178)
	at de.polocloud.node.services.queue.ServiceQueue.enqueueRequiredForTest$de_polocloud_node(ServiceQueue.kt:103)
	at de.polocloud.node.services.queue.ServiceQueueEligibilityTest.next index avoids an index already used by a peer(ServiceQueueEligibilityTest.kt:321)
	at java.base/jdk.internal.reflect.DirectMethodHandleAccessor.invoke(DirectMethodHandleAccessor.java:104)
	at java.base/java.lang.reflect.Method.invoke(Method.java:565)
	at org.junit.platform.commons.util.ReflectionUtils.invokeMethod(ReflectionUtils.java:700)
	at org.junit.platform.commons.support.ReflectionSupport.invokeMethod(ReflectionSupport.java:528)
	at org.junit.jupiter.engine.support.MethodReflectionUtils.invoke(MethodReflectionUtils.java:53)
	at org.junit.jupiter.engine.execution.MethodInvocation.proceed(MethodInvocation.java:61)
	at org.junit.jupiter.engine.execution.InvocationInterceptorChain$ValidatingInvocation.proceed(InvocationInterceptorChain.java:124)
	at org.junit.jupiter.engine.extension.TimeoutExtension.intercept(TimeoutExtension.java:163)
	at org.junit.jupiter.engine.extension.TimeoutExtension.interceptTestableMethod(TimeoutExtension.java:148)
	at org.junit.jupiter.engine.extension.TimeoutExtension.interceptTestMethod(TimeoutExtension.java:86)
	at org.junit.jupiter.engine.execution.InterceptingExecutableInvoker$ReflectiveInterceptorCall.lambda$ofVoidMethod$0(InterceptingExecutableInvoker.java:124)
	at org.junit.jupiter.engine.execution.InterceptingExecutableInvoker.lambda$invoke$0(InterceptingExecutableInvoker.java:105)
	at org.junit.jupiter.engine.execution.InvocationInterceptorChain$InterceptedInvocation.proceed(InvocationInterceptorChain.java:99)
	at org.junit.jupiter.engine.execution.InvocationInterceptorChain.proceed(InvocationInterceptorChain.java:66)
	at org.junit.jupiter.engine.execution.InvocationInterceptorChain.chainAndInvoke(InvocationInterceptorChain.java:47)
	at org.junit.jupiter.engine.execution.InvocationInterceptorChain.invoke(InvocationInterceptorChain.java:39)
	at org.junit.jupiter.engine.execution.InterceptingExecutableInvoker.invoke(InterceptingExecutableInvoker.java:104)
	at org.junit.jupiter.engine.execution.InterceptingExecutableInvoker.invoke(InterceptingExecutableInvoker.java:98)
	at org.junit.jupiter.engine.execution.InterceptingExecutableInvoker.invokeVoid(InterceptingExecutableInvoker.java:71)
	at org.junit.jupiter.engine.descriptor.TestMethodTestDescriptor.lambda$invokeTestMethod$0(TestMethodTestDescriptor.java:219)
	at org.junit.platform.engine.support.hierarchical.ThrowableCollector.execute(ThrowableCollector.java:74)
	at org.junit.jupiter.engine.descriptor.TestMethodTestDescriptor.invokeTestMethod(TestMethodTestDescriptor.java:215)
	at org.junit.jupiter.engine.descriptor.TestMethodTestDescriptor.execute(TestMethodTestDescriptor.java:157)
	at org.junit.jupiter.engine.descriptor.TestMethodTestDescriptor.execute(TestMethodTestDescriptor.java:70)
	at org.junit.platform.engine.support.hierarchical.NodeTestTask.lambda$executeRecursively$2(NodeTestTask.java:176)
	at org.junit.platform.engine.support.hierarchical.ThrowableCollector.execute(ThrowableCollector.java:74)
	at org.junit.platform.engine.support.hierarchical.NodeTestTask.lambda$executeRecursively$1(NodeTestTask.java:166)
	at org.junit.platform.engine.support.hierarchical.Node.around(Node.java:139)
	at org.junit.platform.engine.support.hierarchical.NodeTestTask.lambda$executeRecursively$0(NodeTestTask.java:164)
	at org.junit.platform.engine.support.hierarchical.ThrowableCollector.execute(ThrowableCollector.java:74)
	at org.junit.platform.engine.support.hierarchical.NodeTestTask.executeRecursively(NodeTestTask.java:163)
	at org.junit.platform.engine.support.hierarchical.NodeTestTask.execute(NodeTestTask.java:116)
	at java.base/java.util.ArrayList.forEach(ArrayList.java:1604)
	at org.junit.platform.engine.support.hierarchical.SameThreadHierarchicalTestExecutorService.invokeAll(SameThreadHierarchicalTestExecutorService.java:42)
	at org.junit.platform.engine.support.hierarchical.NodeTestTask.lambda$executeRecursively$2(NodeTestTask.java:180)
	at org.junit.platform.engine.support.hierarchical.ThrowableCollector.execute(ThrowableCollector.java:74)
	at org.junit.platform.engine.support.hierarchical.NodeTestTask.lambda$executeRecursively$1(NodeTestTask.java:166)
	at org.junit.platform.engine.support.hierarchical.Node.around(Node.java:139)
	at org.junit.platform.engine.support.hierarchical.NodeTestTask.lambda$executeRecursively$0(NodeTestTask.java:164)
	at org.junit.platform.engine.support.hierarchical.ThrowableCollector.execute(ThrowableCollector.java:74)
	at org.junit.platform.engine.support.hierarchical.NodeTestTask.executeRecursively(NodeTestTask.java:163)
	at org.junit.platform.engine.support.hierarchical.NodeTestTask.execute(NodeTestTask.java:116)
	at java.base/java.util.ArrayList.forEach(ArrayList.java:1604)
	at org.junit.platform.engine.support.hierarchical.SameThreadHierarchicalTestExecutorService.invokeAll(SameThreadHierarchicalTestExecutorService.java:42)
	at org.junit.platform.engine.support.hierarchical.NodeTestTask.lambda$executeRecursively$2(NodeTestTask.java:180)
	at org.junit.platform.engine.support.hierarchical.ThrowableCollector.execute(ThrowableCollector.java:74)
	at org.junit.platform.engine.support.hierarchical.NodeTestTask.lambda$executeRecursively$1(NodeTestTask.java:166)
	at org.junit.platform.engine.support.hierarchical.Node.around(Node.java:139)
	at org.junit.platform.engine.support.hierarchical.NodeTestTask.lambda$executeRecursively$0(NodeTestTask.java:164)
	at org.junit.platform.engine.support.hierarchical.ThrowableCollector.execute(ThrowableCollector.java:74)
	at org.junit.platform.engine.support.hierarchical.NodeTestTask.executeRecursively(NodeTestTask.java:163)
	at org.junit.platform.engine.support.hierarchical.NodeTestTask.execute(NodeTestTask.java:116)
	at org.junit.platform.engine.support.hierarchical.SameThreadHierarchicalTestExecutorService.submit(SameThreadHierarchicalTestExecutorService.java:36)
	at org.junit.platform.engine.support.hierarchical.HierarchicalTestExecutor.execute(HierarchicalTestExecutor.java:52)
	at org.junit.platform.engine.support.hierarchical.HierarchicalTestEngine.execute(HierarchicalTestEngine.java:58)
	at org.junit.platform.launcher.core.EngineExecutionOrchestrator.executeEngine(EngineExecutionOrchestrator.java:256)
	at org.junit.platform.launcher.core.EngineExecutionOrchestrator.failOrExecuteEngine(EngineExecutionOrchestrator.java:228)
	at org.junit.platform.launcher.core.EngineExecutionOrchestrator.execute(EngineExecutionOrchestrator.java:189)
	at org.junit.platform.launcher.core.EngineExecutionOrchestrator.execute(EngineExecutionOrchestrator.java:109)
	at org.junit.platform.launcher.core.EngineExecutionOrchestrator.lambda$execute$0(EngineExecutionOrchestrator.java:66)
	at org.junit.platform.launcher.core.EngineExecutionOrchestrator.withInterceptedStreams(EngineExecutionOrchestrator.java:168)
	at org.junit.platform.launcher.core.EngineExecutionOrchestrator.execute(EngineExecutionOrchestrator.java:65)
	at org.junit.platform.launcher.core.DefaultLauncher.execute(DefaultLauncher.java:137)
	at org.junit.platform.launcher.core.DefaultLauncher.execute(DefaultLauncher.java:126)
	at org.junit.platform.launcher.core.DefaultLauncher.execute(DefaultLauncher.java:100)
	at org.junit.platform.launcher.core.DelegatingLauncher.execute(DelegatingLauncher.java:57)
	at org.junit.platform.launcher.core.InterceptingLauncher.lambda$execute$0(InterceptingLauncher.java:46)
	at org.junit.platform.launcher.core.ClasspathAlignmentCheckingLauncherInterceptor.intercept(ClasspathAlignmentCheckingLauncherInterceptor.java:25)
	at org.junit.platform.launcher.core.InterceptingLauncher.execute(InterceptingLauncher.java:45)
	at org.junit.platform.launcher.core.DelegatingLauncher.execute(DelegatingLauncher.java:57)
	at org.gradle.api.internal.tasks.testing.junitplatform.JUnitPlatformTestDefinitionProcessor$CollectThenExecuteTestDefinitionConsumer.processAllTestDefinitions(JUnitPlatformTestDefinitionProcessor.java:206)
	at org.gradle.api.internal.tasks.testing.junitplatform.JUnitPlatformTestDefinitionProcessor$CollectThenExecuteTestDefinitionConsumer.access$000(JUnitPlatformTestDefinitionProcessor.java:123)
	at org.gradle.api.internal.tasks.testing.junitplatform.JUnitPlatformTestDefinitionProcessor.stop(JUnitPlatformTestDefinitionProcessor.java:117)
	at org.gradle.api.internal.tasks.testing.SuiteTestDefinitionProcessor.stop(SuiteTestDefinitionProcessor.java:63)
	at java.base/jdk.internal.reflect.DirectMethodHandleAccessor.invoke(DirectMethodHandleAccessor.java:104)
	at java.base/java.lang.reflect.Method.invoke(Method.java:565)
	at org.gradle.internal.dispatch.MethodInvocation.invokeOn(MethodInvocation.java:77)
	at org.gradle.internal.dispatch.ReflectionDispatch.dispatch(ReflectionDispatch.java:28)
	at org.gradle.internal.dispatch.ReflectionDispatch.dispatch(ReflectionDispatch.java:19)
	at org.gradle.internal.dispatch.ContextClassLoaderDispatch.dispatch(ContextClassLoaderDispatch.java:33)
	at org.gradle.internal.dispatch.ProxyDispatchAdapter$DispatchingInvocationHandler.invoke(ProxyDispatchAdapter.java:88)
	at jdk.proxy1/jdk.proxy1.$Proxy4.stop(Unknown Source)
	at org.gradle.api.internal.tasks.testing.worker.TestWorker$3.run(TestWorker.java:195)
	at org.gradle.api.internal.tasks.testing.worker.TestWorker.executeAndMaintainThreadName(TestWorker.java:126)
	at org.gradle.api.internal.tasks.testing.worker.TestWorker.execute(TestWorker.java:103)
	at org.gradle.api.internal.tasks.testing.worker.TestWorker.execute(TestWorker.java:63)
	at org.gradle.process.internal.worker.child.ActionExecutionWorker.execute(ActionExecutionWorker.java:56)
	at org.gradle.process.internal.worker.child.SystemApplicationClassLoaderWorker.call(SystemApplicationClassLoaderWorker.java:122)
	at org.gradle.process.internal.worker.child.SystemApplicationClassLoaderWorker.call(SystemApplicationClassLoaderWorker.java:72)
	at worker.org.gradle.process.internal.worker.GradleWorkerMain.run(GradleWorkerMain.java:69)
	at worker.org.gradle.process.internal.worker.GradleWorkerMain.main(GradleWorkerMain.java:74)
2026-08-25 22:55:50.061  INFO 23832--- [    Test worker] de.polocloud.node.services.queue.ServiceQueue : Queued lobby-2 [memory: 512MB, platform: PAPER/1.21]
2026-08-25 22:55:50.061  INFO 23832--- [    Test worker] de.polocloud.database.DatabaseConnectionFactory : Shutting down connection pool 'PoloCloudPool'...
2026-08-25 22:55:50.062  INFO 23832--- [    Test worker] de.polocloud.database.DatabaseConnectionFactory : Connection pool 'PoloCloudPool' closed successfully.
2026-08-25 22:55:50.062  INFO 23832--- [    Test worker] de.polocloud.database.DatabaseConnectionFactory : Database connection closed.
2026-08-25 22:55:50.065  INFO 23832--- [    Test worker] de.polocloud.node.terminal.impl.GroupCommand : Updated lobby: property fallback = true
2026-08-25 22:55:50.066  INFO 23832--- [    Test worker] de.polocloud.node.terminal.impl.GroupCommand : lobby does not have template 'custom'.
2026-08-25 22:55:50.067  INFO 23832--- [    Test worker] de.polocloud.node.terminal.impl.GroupCommand : Updated lobby: property fallback = true
2026-08-25 22:55:50.067  INFO 23832--- [    Test worker] de.polocloud.node.terminal.impl.GroupCommand : Updated lobby: property fallback = (removed)
2026-08-25 22:55:50.068  INFO 23832--- [    Test worker] de.polocloud.node.terminal.impl.GroupCommand : Updated lobby: template = +custom
2026-08-25 22:55:50.069  INFO 23832--- [    Test worker] de.polocloud.node.terminal.impl.GroupCommand : Updated lobby: memory = 2048
2026-08-25 22:55:50.069  INFO 23832--- [    Test worker] de.polocloud.node.terminal.impl.GroupCommand : Updated lobby: property motd = Welcome to the lobby
2026-08-25 22:55:50.070  INFO 23832--- [    Test worker] de.polocloud.node.terminal.impl.GroupCommand : Updated lobby: template = +custom
2026-08-25 22:55:50.070  INFO 23832--- [    Test worker] de.polocloud.node.terminal.impl.GroupCommand : lobby already has template 'custom'.
2026-08-25 22:55:50.081  INFO 23832--- [    Test worker] de.polocloud.node.terminal.impl.GroupCommand : Updated lobby: template = +custom
2026-08-25 22:55:50.081  INFO 23832--- [    Test worker] de.polocloud.node.terminal.impl.GroupCommand : Updated lobby: template = -custom
2026-08-25 22:55:50.082  INFO 23832--- [    Test worker] de.polocloud.node.terminal.impl.GroupCommand : Updated lobby: minOnline = 2
2026-08-25 22:55:50.082  INFO 23832--- [    Test worker] de.polocloud.node.terminal.impl.GroupCommand : Updated lobby: maxOnline = 9
2026-08-25 22:55:50.083  INFO 23832--- [    Test worker] de.polocloud.node.terminal.impl.GroupCommand : Groups (1):
2026-08-25 22:55:50.084  INFO 23832--- [    Test worker] de.polocloud.node.terminal.impl.GroupCommand :   lobby &8|&r platform: velocity/3.5.0 &8|&r memory: 512MB &8|&r online: 1-3
2026-08-25 22:55:50.091  WARN 23832--- [ @coroutine#160] de.polocloud.i18n.loader.DefaultTranslationLoader : Language 'en' not supported by pack 'database'. Falling back to default 'en_US'.
2026-08-25 22:55:50.091  INFO 23832--- [ @coroutine#160] de.polocloud.database.DatabaseConnectionFactory : Cannot perform operation because the database is in state 'CLOSED'.
2026-08-25 22:55:50.501  WARN 23832--- [    Test worker] de.polocloud.i18n.loader.DefaultTranslationLoader : Language 'en' not supported by pack 'node'. Falling back to default 'en_US'.
2026-08-25 22:55:50.685  INFO 23832--- [    Test worker] de.polocloud.node.terminal.impl.GroupCommand : Group 'lobby' has been deleted successfully.
2026-08-25 22:55:50.686  INFO 23832--- [    Test worker] de.polocloud.node.terminal.impl.GroupCommand : Group lobby:
2026-08-25 22:55:50.686  INFO 23832--- [    Test worker] de.polocloud.node.terminal.impl.GroupCommand :   platform: &fvelocity/3.5.0&r
2026-08-25 22:55:50.686  INFO 23832--- [    Test worker] de.polocloud.node.terminal.impl.GroupCommand :   memory: &f512MB&r
2026-08-25 22:55:50.687  INFO 23832--- [    Test worker] de.polocloud.node.terminal.impl.GroupCommand :   online: &f1-3&r (start threshold: &f0.5&r)
2026-08-25 22:55:50.687  INFO 23832--- [    Test worker] de.polocloud.node.terminal.impl.GroupCommand :   static: &ffalse&r
2026-08-25 22:55:50.687  INFO 23832--- [    Test worker] de.polocloud.node.terminal.impl.GroupCommand :   services: &f0 running&r
2026-08-25 22:55:50.687  INFO 23832--- [    Test worker] de.polocloud.node.terminal.impl.GroupCommand :   nodes: &fall nodes&r
2026-08-25 22:55:50.687  INFO 23832--- [    Test worker] de.polocloud.database.DatabaseConnectionFactory : Cannot perform operation because the database is in state 'CLOSED'.
2026-08-25 22:55:50.687  INFO 23832--- [    Test worker] de.polocloud.node.terminal.impl.GroupCommand :   runtime nodes: &f(none online)&r
2026-08-25 22:55:50.687  INFO 23832--- [    Test worker] de.polocloud.node.terminal.impl.GroupCommand :   templates: &f(none)&r
2026-08-25 22:55:50.687  INFO 23832--- [    Test worker] de.polocloud.node.terminal.impl.GroupCommand :   properties: (none)
2026-08-25 22:55:50.688  INFO 23832--- [    Test worker] de.polocloud.node.terminal.impl.GroupCommand : Updated lobby: startThreshold = 0.9
